traj,tr,delay,gap_h_minus_t3_golden,mechanism_class_golden,energy_relief_golden,abs_relief_golden,delta_perp_abs_golden,delta_norm_golden,raw_cos_vel_golden,vel_oppose_golden,mc,rmse_honest,rmse_t3,gap_h_minus_t3,osc_honest,osc_t3,osc_change_pct,edot_honest,edot_t3,edot_change_pct,tail_q95_honest,tail_rate_honest,tail_rate_t3,tail_delta,tail_mse_share_honest,tail_mse_share_t3,energy_relief,abs_relief,vel_oppose,delta_perp_abs,delta_norm,raw_cos_vel,frame_energy_relief,frame_abs_relief,frame_vel_oppose,mean_normal_projected_command_relief,mean_energy_projected_command_relief,projected_relief_positive_rate,mean_abs_delta_psi,mean_abs_eta,rms_eta,mean_abs_xi,mean_abs_kappa,frame_tangent_power,mean_delta_cmd_normal_abs,mean_delta_cmd_tangent_abs,mean_delta_cmd_norm,mechanism_class,normal_projection_fraction,observed_gap,benefit_observed,delay_x_tr,corner_or_piecewise,branch_ambiguity,cost_index,mean_raw_cos_vel,A_scalar_delay_feedback_loocv_pred_gap,A_scalar_delay_feedback_loocv_pred_benefit,A_scalar_delay_feedback_loocv_correct,B_direct_relief_only_loocv_pred_gap,B_direct_relief_only_loocv_pred_benefit,B_direct_relief_only_loocv_correct,C_direct_relief_cost_balance_loocv_pred_gap,C_direct_relief_cost_balance_loocv_pred_benefit,C_direct_relief_cost_balance_loocv_correct,D_direct_projection_only_loocv_pred_gap,D_direct_projection_only_loocv_pred_benefit,D_direct_projection_only_loocv_correct,E_topology_aware_relief_cost_loocv_pred_gap,E_topology_aware_relief_cost_loocv_pred_benefit,E_topology_aware_relief_cost_loocv_correct,F_direct_fullgrid_frenet_loocv_pred_gap,F_direct_fullgrid_frenet_loocv_pred_benefit,F_direct_fullgrid_frenet_loocv_correct
circle,0.2,0,-0.0595711393017816,harm_cost_dominance,0.5560404588078831,0.3452309546813875,0.0446647674182133,0.0473368619813503,-0.9938490978092708,-0.5951849949389888,50,0.2791769509306524,0.3387480902324341,-0.0595711393017816,0.2451378766162526,0.2488064935607191,1.4965524687947598,0.0146756059953372,0.0175865415045361,19.83519801448372,0.5104914622594551,0.05,0.13105291005291,0.08105291005291,3.947025639951031,2.870475156469108,0.5560404588078832,0.3452309546813875,-0.5951849949389888,0.0446647674182133,0.0473368619813503,-0.9938490978092708,0.5560404588078832,0.3452309546813875,-0.5951849949389888,0.0153584940021398,0.0046969098677065,0.5735767195767196,0.0473946996518388,0.2891163353756235,0.3387121553416881,7.068325737467005e-16,0.0999999999999999,-8.981871361091287e-20,0.0446647674182133,0.0141695318596947,0.0473368619813503,harm_cost_dominance,0.9435515061151857,-0.0595711393017816,False,0.0,0.0,0.0,0.6473991531686827,-0.9938490978092708,0.02224020470061422,True,False,0.22369039298438922,True,False,0.2253258892628526,True,False,-0.062001313554907456,False,True,0.1798979067564704,True,False,0.08599245631665461,True,False
circle,0.2,8,0.0406710695436763,benefit,0.9809200932453525,0.9322267113329388,0.0404463236332438,0.0432922757010029,-0.9957188739769482,-0.6208687151776214,50,0.3312298034597301,0.2905587339160537,0.0406710695436763,0.2873132568832662,0.286988330771831,-0.1130912353153555,0.015810529085148,0.0188580512141275,19.275269741918,0.616757908921657,0.05,0.0226719576719576,-0.0273280423280423,4.029935250789819,5.14842021028783,0.9809200932453525,0.9322267113329388,-0.6208687151776214,0.0404463236332438,0.0432922757010029,-0.9957188739769482,0.9809200932453525,0.9322267113329388,-0.6208687151776214,0.0377006359839789,0.014767348497617,0.5942222222222222,0.0433520801512295,0.2390132291696494,0.2905647663929552,7.197239565607793e-16,0.0999999999999999,-3.905915494359629e-20,0.0404463236332438,0.014486836415708,0.0432922757010029,benefit,0.9342618972412339,0.0406710695436763,True,1.6,0.0,0.0,-0.2848460357740544,-0.9957188739769482,0.036466670668246576,True,True,0.09951039933718014,True,True,0.07379797353488848,True,True,-0.05655796491533219,False,False,0.05490564714698179,True,True,0.0005261679799659358,True,True
circle,0.2,18,0.0874908828776035,benefit,0.9862391070327362,0.9499766488799086,0.038429942767324,0.0408436446591972,-0.996403981543184,-0.608892089129686,50,0.5108834007588662,0.4233925178812626,0.0874908828776035,0.3928513389147824,0.3040303644432177,-22.60930934248534,0.0180102822059496,0.0186061428588558,3.308447064068453,0.8427387950897177,0.05,0.0317936507936507,-0.0182063492063492,3.430745082642288,4.706339721178799,0.9862391070327362,0.9499766488799086,-0.608892089129686,0.038429942767324,0.0408436446591972,-0.996403981543184,0.9862391070327362,0.9499766488799086,-0.608892089129686,0.0365065899132213,0.023175033858663,0.5969788359788359,0.0408959815275614,0.3444168951793479,0.4233712991997855,7.282112520591394e-16,0.0999999999999999,-1.4271781421363477e-19,0.038429942767324,0.0128667105488147,0.0408436446591972,benefit,0.9409038563293203,0.0874908828776035,True,3.6,0.0,0.0,-0.9847089694475955,-0.996403981543184,0.06210331980521941,True,True,0.09669340451607009,True,True,0.20592501873119534,True,True,-0.06391086878715124,False,False,0.17814485768185134,True,True,0.02089793446596963,True,True
circle,0.2,26,0.0847588652055486,benefit,0.9791269992436008,0.9305447639829691,0.0505719324982824,0.0554122621024481,-0.9939078095012996,-0.5337674878054205,50,0.8031555164651913,0.7183966512596427,0.0847588652055486,0.6124159036548705,0.6027430268209651,-1.5794620577555707,0.0247732484476134,0.0268906849397779,8.547270240141035,1.472137024095698,0.05,0.0271216931216931,-0.0228783068783068,4.228631688263611,5.023342050916188,0.9791269992436008,0.9305447639829691,-0.5337674878054205,0.0505719324982824,0.0554122621024481,-0.9939078095012996,0.9791269992436008,0.9305447639829691,-0.5337674878054205,0.0470558991278511,0.0451558806863612,0.6663809523809522,0.0554860660975751,0.606327505077041,0.718316544175437,7.300044666904784e-16,0.0999999999999999,7.468777974121783e-20,0.0505719324982824,0.0189618163825757,0.0554122621024481,benefit,0.9126487636233045,0.0847588652055486,True,5.2,0.0,0.0,-0.3561863830508927,-0.9939078095012996,0.08406036023232372,True,True,0.09886954442034641,True,True,0.08010857039135871,True,True,-0.007564942271642089,False,False,0.058342143368617844,True,True,0.11858849009158634,True,True
circle,0.2,34,0.2225726744763141,benefit,0.9745353029273578,0.8948795372939911,0.0535925805596918,0.0599243915562249,-0.99365567821038,-0.4898507648749715,50,1.2253311221840355,1.0027584477077216,0.2225726744763141,1.0829991516128965,0.8221227591814201,-24.08832842045312,0.0363219791420708,0.0319973572317274,-11.906349853098147,2.229158264805185,0.05,0.0142169312169312,-0.0357830687830687,3.75334406116666,5.300297280410015,0.9745353029273578,0.8948795372939911,-0.4898507648749715,0.0535925805596918,0.0599243915562249,-0.99365567821038,0.9745353029273578,0.8948795372939911,-0.4898507648749715,0.0479220119064463,0.0640731343614176,0.6682804232804233,0.0600050007728116,0.8277347508563505,1.0026737365622354,7.134701495388624e-16,0.0999999999999999,2.2407359800050424e-19,0.0535925805596918,0.0222947344583855,0.0599243915562249,benefit,0.8943366660387945,0.2225726744763141,True,6.800000000000001,0.0,0.0,-1.2617520755961904,-0.99365567821038,0.10196157282303804,True,True,0.09663457460759597,True,True,0.23455012423865051,True,True,0.020410216180338836,True,True,0.206128174190853,True,True,0.1466785455356047,True,True
circle,0.2,44,-0.2385163793215547,harm_cost_dominance,0.9806553987473448,0.925376841690553,0.0528761551667175,0.0643995179595131,-0.9938597656378932,-0.3680964235094366,50,1.2445857055475191,1.483102084869074,-0.2385163793215547,0.9347140269161548,1.314997096073938,40.684429483958986,0.0279766973704071,0.0410163937415447,46.60913401617074,2.21714706164337,0.05,0.1454708994708994,0.0954708994708994,3.5820821485152683,3.1455123805958114,0.9806553987473448,0.925376841690553,-0.3680964235094366,0.0528761551667175,0.0643995179595131,-0.9938597656378932,0.9806553987473448,0.925376841690553,-0.3680964235094366,0.0489874584530553,0.0969012972664625,0.6390317460317461,0.0644892176437604,1.226045040722988,1.483095821625967,7.028667703034751e-16,0.0999999999999999,5.1612875358294116e-20,0.0528761551667175,0.0302023912141436,0.0643995179595131,harm_cost_dominance,0.8210644557796036,-0.2385163793215547,False,8.8,0.0,0.0,2.106588607861921,-0.9938597656378932,0.14453988953279692,True,False,0.10699553181696844,True,False,-0.20698526848709686,False,True,0.14317699367425668,True,False,-0.24103054967529305,False,True,0.23249395313676322,True,False
circle,0.2,56,0.2772983526251853,benefit,0.9688427861146724,0.8780146781171452,0.0373906185820967,0.0413641868244501,-0.9953434023148272,-0.4787598968004723,50,1.812916267435692,1.5356179148105065,0.2772983526251853,1.3179216800728002,1.0480426194702332,-20.477625088271893,0.034179521446523,0.0302667332938188,-11.447755811068252,3.308160133630182,0.05,0.0029365079365079,-0.047063492063492,4.631012121996077,5.795969026179081,0.968842786114672,0.8780146781171452,-0.4787598968004723,0.0373906185820967,0.0413641868244501,-0.9953434023148272,0.968842786114672,0.8780146781171452,-0.4787598968004723,0.0328098033950888,0.0733742176168603,0.5637301587301589,0.0414145849282078,1.212773654703463,1.5357433800579596,7.146642624652919e-16,0.0999999999999999,2.6186141924392654e-19,0.0373906185820967,0.014260195270811,0.0413641868244501,benefit,0.9039369911918929,0.2772983526251853,True,11.200000000000001,0.0,0.0,-1.2415412480209564,-0.9953434023148272,0.15602284171765174,True,True,0.096972475080874,True,True,0.21932307863179631,True,True,-0.026057039664413584,False,False,0.1934732848874901,True,True,0.12762020343783048,True,True
circle,0.2,68,0.2728691860705048,benefit,0.9830301866158858,0.9361594876109822,0.0517857806830494,0.0721286488402882,-0.9919855562939583,-0.2014767497555822,50,3.0508613080611706,2.777992121990666,0.2728691860705048,2.7716375519143743,2.534931665133128,-8.540290075723208,0.0574819484853983,0.055413139863368,-3.5990579242800447,5.172529879841791,0.05,0.0183756613756613,-0.0316243386243386,3.118550840437192,3.612914630048397,0.9830301866158858,0.9361594876109822,-0.2014767497555822,0.0517857806830494,0.0721286488402882,-0.9919855562939583,0.9830301866158858,0.9361594876109822,-0.2014767497555822,0.0484738595704076,0.1712828403152738,0.6867883597883597,0.0722293938269499,2.364833335877901,2.7777867820560607,7.28334906295453e-16,0.0999999999999999,1.8632923098787784e-19,0.0517857806830494,0.0404539590115249,0.0721286488402882,benefit,0.7179641032372417,0.2728691860705048,True,13.600000000000001,0.0,0.0,-0.7091260923695017,-0.9919855562939583,0.18620540993772725,True,True,0.09268968713046309,True,True,0.11808116910570536,True,True,0.23981412440184183,True,True,0.09022847955312263,True,True,0.5603340577795743,True,True
circle,0.3,0,-0.0295240501818834,harm_cost_dominance,0.418284476374432,0.2900505945921239,0.2566695352554446,0.2778984078747791,-0.9572420569673912,-0.673319182121233,50,0.2865408956977275,0.3160649458796109,-0.0295240501818834,0.2513321509840659,0.2887774483900105,14.89872953348081,0.0150181242750357,0.0288707156474768,92.23915795227154,0.5232982251123843,0.05,0.1009100529100529,0.0509100529100529,3.895570185533052,3.733024807000513,0.418284476374432,0.2900505945921239,-0.673319182121233,0.2566695352554446,0.2778984078747791,-0.9572420569673912,0.418284476374432,0.2900505945921239,-0.673319182121233,0.0745255185170719,0.0239673292535946,0.5803227513227514,0.2797703259176502,0.2596986089504621,0.3161019795816303,7.308494642903174e-16,0.0999999999999999,-7.340734775859848e-20,0.2566695352554446,0.0915598640878402,0.2778984078747791,harm_cost_dominance,0.9236092326594983,-0.0295240501818834,False,0.0,0.0,0.0,1.233930593805912,-0.9572420569673912,-0.018272557423137326,False,True,0.264159886651267,True,False,0.13710808658853488,True,False,0.10247745259380742,True,False,0.10138378334764124,True,False,0.11167991991373044,True,False
circle,0.3,8,0.0049740305851742,benefit,0.7148932457506555,0.5003599797990257,0.1401680971008626,0.1502053385155871,-0.9766407722060976,-0.6459257021605641,50,0.3408274225875736,0.3358533920023994,0.0049740305851742,0.3046084382085665,0.3311870375791937,8.725496748170047,0.0161976430186536,0.0241177757934633,48.8968226130166,0.6223264316077988,0.05,0.0363650793650793,-0.0136349206349206,3.850833267312384,4.290300779378584,0.7148932457506555,0.5003599797990257,-0.6459257021605641,0.1401680971008626,0.1502053385155871,-0.9766407722060976,0.7148932457506555,0.5003599797990257,-0.6459257021605641,0.0696204036217891,0.0253586989107229,0.5458571428571428,0.1511325549666195,0.2814340852903002,0.3358277242613956,7.264195478446136e-16,0.0999999999999999,-3.017652676215716e-19,0.1401680971008626,0.0453333586716244,0.1502053385155871,benefit,0.933176533438483,0.0049740305851742,True,2.4,0.0,0.0,0.2679159841578166,-0.9766407722060976,0.041860668986652555,True,True,0.17698143101801092,True,True,0.15441367369981734,True,True,-0.016566181141404318,False,False,0.1328626992458206,True,True,-0.0017141505315808325,False,False
circle,0.3,18,0.0441481023209054,benefit,0.7444715823629656,0.5554708575562867,0.1216558988314582,0.132492209736414,-0.9804392222581996,-0.6039055197905062,50,0.5181153763940166,0.4739672740731111,0.0441481023209054,0.4127414919770232,0.4269622522141655,3.445439945712935,0.0187820359927454,0.025951421134795,38.17150145190342,0.8574804912691285,0.05,0.0575079365079365,0.0075079365079365,3.5243894903374127,4.4000550409633625,0.7444715823629656,0.5554708575562867,-0.6039055197905062,0.1216558988314582,0.132492209736414,-0.9804392222581996,0.7444715823629656,0.5554708575562867,-0.6039055197905062,0.0668857775849974,0.0451952158497263,0.536068783068783,0.133266036075538,0.3909657111690559,0.4739209826311373,7.315401309950639e-16,0.0999999999999999,-1.7052937742289762e-19,0.1216558988314582,0.043912965762724,0.132492209736414,benefit,0.9182117127683789,0.0441481023209054,True,5.3999999999999995,0.0,0.0,0.21690871147940674,-0.9804392222581996,0.11665491160764045,True,True,0.16794492346056808,True,True,0.1582204438165564,True,True,0.0033254261043131894,True,True,0.12999558775571832,True,True,-0.006355003477099275,False,False
circle,0.3,26,0.1415258008603637,benefit,0.6307617229811148,0.4810852215916889,0.1325764839877906,0.1465573041379832,-0.9790268089465288,-0.57711878096066,50,0.8090805346694077,0.667554733809044,0.1415258008603637,0.6243395136220365,0.5606256711922724,-10.204999209489936,0.0252606509071175,0.0288765890011343,14.314508787478712,1.4727152345804586,0.05,0.0127619047619047,-0.0372380952380952,4.212297917375974,5.896883741782112,0.6307617229811147,0.4810852215916889,-0.57711878096066,0.1325764839877906,0.1465573041379832,-0.9790268089465288,0.6307617229811147,0.4810852215916889,-0.57711878096066,0.0629200406521016,0.0594281246218853,0.5337407407407408,0.1474384335090191,0.5582155550923023,0.6674675005615616,7.22590577699201e-16,0.0999999999999999,2.5750811956715463e-19,0.1325764839877906,0.0517454670408817,0.1465573041379832,benefit,0.9046050946875065,0.1415258008603637,True,7.8,0.0,0.0,-0.6995717718609449,-0.9790268089465288,0.1756442600837041,True,True,0.19977976696145278,True,True,0.26712392501635485,True,True,0.03313506021801199,True,True,0.24436182058916328,True,True,0.04918240360838677,True,True
circle,0.3,34,0.3290213866896017,benefit,0.5849771913238632,0.4199247897542941,0.1507978239159933,0.1721243554234684,-0.9754053078135634,-0.5266837848699442,50,1.2222377311370014,0.8932163444473997,0.3290213866896017,1.0818066996661226,0.7442956014375214,-31.198836015015907,0.0363239871819945,0.0331648639495059,-8.697071763001814,2.2194332387713067,0.05,0.0029100529100529,-0.047089947089947,3.738512955886447,6.608574507361784,0.5849771913238632,0.4199247897542941,-0.5266837848699442,0.1507978239159933,0.1721243554234684,-0.9754053078135634,0.5849771913238632,0.4199247897542941,-0.5266837848699442,0.0621153705741244,0.0756762859488375,0.537973544973545,0.1731776832869935,0.736687530421249,0.893128849388272,7.012444773838585e-16,0.0999999999999999,5.281586552718833e-19,0.1507978239159933,0.0692006717016587,0.1721243554234684,benefit,0.87609811838724,0.3290213866896017,True,10.2,0.0,0.0,-1.5496093249484655,-0.9754053078135634,0.2339248687857777,True,True,0.2111457157691986,True,True,0.4147531385938774,True,True,0.0801854723043767,True,True,0.38383293700917226,True,True,0.09540030498660768,True,True
circle,0.3,44,-0.1934475304614282,harm_cost_dominance,0.6571662590242159,0.5502286511172766,0.1306615410463671,0.1658477609340202,-0.97599139907416,-0.3035315344695569,50,1.2753186953914446,1.4687662258528729,-0.1934475304614282,0.9734719501458527,1.3347674675598296,37.11411688436154,0.0289164164233801,0.0436314193981202,50.88805873722831,2.279351573479937,0.05,0.1301746031746031,0.0801746031746031,3.95170181627853,3.134142641132885,0.6571662590242159,0.5502286511172766,-0.3035315344695569,0.1306615410463671,0.1658477609340202,-0.97599139907416,0.6571662590242159,0.5502286511172766,-0.3035315344695569,0.0713047625955742,0.1320695152945273,0.5603121693121692,0.1668406525485836,1.2328226101826891,1.46865816199384,7.243262055993687e-16,0.0999999999999999,2.3497808511392483e-19,0.1306615410463671,0.0819446965764939,0.1658477609340202,harm_cost_dominance,0.7878402476447107,-0.1934475304614282,False,13.2,0.0,0.0,1.8996280273852064,-0.97599139907416,0.31646991164635346,True,False,0.19587283379259157,True,False,-0.07526542548029416,False,True,0.21072393946414955,True,False,-0.10727363720116267,False,True,0.22387982343996513,True,False
circle,0.3,56,-0.0073660580826051,harm_cost_dominance,0.6095458347679281,0.4955079773951102,0.1083189156928987,0.134522020622332,-0.9810067106313825,-0.3227705437937792,50,1.7436086042404515,1.7509746623230569,-0.0073660580826051,1.2248009150097656,1.460790270036824,19.26756847866856,0.0323109697548281,0.0408091407147845,26.30119437508828,3.036362225536587,0.05,0.078079365079365,0.028079365079365,4.457477771981338,3.854308507251448,0.6095458347679282,0.4955079773951102,-0.3227705437937792,0.1083189156928987,0.134522020622332,-0.9810067106313825,0.6095458347679282,0.4955079773951102,-0.3227705437937792,0.0528929695081743,0.1310292750122948,0.4848835978835978,0.1352958926760074,1.4208123959680532,1.7510840271108683,7.162156653439507e-16,0.0999999999999999,2.655776972449497e-19,0.1083189156928987,0.0645144164596058,0.134522020622332,harm_cost_dominance,0.805213266876185,-0.0073660580826051,False,16.8,0.0,0.0,0.7923311942928333,-0.9810067106313825,0.40862085950217697,True,False,0.20755666332044878,True,False,0.05922326612460782,True,False,0.16072766648889064,True,False,0.031535693679027754,True,False,0.1952164323356638,True,False
circle,0.3,68,0.572377155987823,benefit,0.6503454680791495,0.5474430631065759,0.1138107555952113,0.1568070344734419,-0.9780852953998894,-0.1968476980612525,50,3.0534508996434933,2.4810737436556702,0.572377155987823,2.793222241302759,2.2013073700725103,-21.191112632483115,0.0578725604234577,0.0505666372931938,-12.624157418783058,5.144858921103511,0.05,0.0021957671957671,-0.0478042328042328,3.09604002415546,4.44479927961879,0.6503454680791495,0.5474430631065759,-0.1968476980612525,0.1138107555952113,0.1568070344734419,-0.9780852953998894,0.6503454680791495,0.5474430631065759,-0.1968476980612525,0.0615103280876681,0.192491775398731,0.5388306878306878,0.1577108196210553,2.079692101030267,2.481153573890978,7.380119902537352e-16,0.0999999999999999,3.6192416456099633e-19,0.1138107555952113,0.0862358503057207,0.1568070344734419,benefit,0.7258013390576644,0.572377155987823,True,20.4,0.0,0.0,-1.2760489251563012,-0.9780852953998894,0.48509618001852967,True,True,0.18925256604488977,True,True,0.30719070205963483,True,True,0.25006862319327244,True,True,0.2716063866641317,True,True,0.37612656985342674,True,True
circle,0.4,0,-0.0033820196043866,harm_cost_dominance,0.5672966135777688,0.4077210252435976,0.5903629109545709,0.6745403131914857,-0.985890533890689,-0.6899933764405976,50,0.2919939010732894,0.295375920677676,-0.0033820196043866,0.2547955759089008,0.2907489620059377,14.110679107611556,0.0151203578885154,0.044764577042073,196.0550098758777,0.5364624353086253,0.05,0.0528994708994709,0.0028994708994708,3.915704499184188,4.33282994429657,0.5672966135777687,0.4077210252435976,-0.6899933764405976,0.5903629109545709,0.6745403131914857,-0.985890533890689,0.5672966135777687,0.4077210252435976,-0.6899933764405976,0.2406518878650033,0.081227206509174,0.7082116402116402,0.6884544145541603,0.2466787273943996,0.2953826703753547,7.124521015795672e-16,0.0999999999999999,8.98423456824767e-19,0.5903629109545709,0.3033495687229749,0.6745403131914857,harm_cost_dominance,0.8752077517212912,-0.0033820196043866,False,0.0,0.0,0.0,1.4313751731267939,-0.985890533890689,-0.05725996594870175,False,True,0.21981079971640038,True,False,0.14431618343577957,True,False,0.504919074729181,True,False,0.11567757945948799,True,False,0.0055031677629549525,True,False
circle,0.4,8,-0.0047319954078167,harm_cost_dominance,0.5219051647131544,0.3662020916868929,0.4385356544390271,0.4778725965215095,-0.9924216952744678,-0.6539425254267157,50,0.3432820537325169,0.3480140491403337,-0.0047319954078167,0.309762811447293,0.3310958906995397,6.886907809399101,0.0163207178635006,0.0347314186688359,112.80570473790596,0.6238925937192442,0.05,0.0606931216931216,0.0106931216931216,3.813791395323765,4.32690105554387,0.5219051647131545,0.3662020916868929,-0.6539425254267157,0.4385356544390271,0.4778725965215095,-0.9924216952744678,0.5219051647131545,0.3662020916868929,-0.6539425254267157,0.1606269230300608,0.0694355301165308,0.6060317460317461,0.4880835145380671,0.2878615203302455,0.3480042400481793,7.007159762658994e-16,0.0999999999999999,4.346926391442323e-19,0.4385356544390271,0.1616759135320549,0.4778725965215095,harm_cost_dominance,0.917683201820447,-0.0047319954078167,False,3.2,0.0,0.0,0.7862076654444067,-0.9924216952744678,0.048349994737765495,True,False,0.23311659611585428,True,False,0.18568511724820885,True,False,0.2789929967313285,True,False,0.15624163847853506,True,False,0.13983434882752008,True,False
circle,0.4,18,0.1274413667707242,benefit,0.6181795789657105,0.3923521962863535,0.4047523267169871,0.4380025517625639,-0.9925669245223956,-0.6365414476308396,50,0.512469354302712,0.3850279875319878,0.1274413667707242,0.3894902855006233,0.3719381698751839,-4.506432195820787,0.0184235922466085,0.0330950198877328,79.63391418971865,0.8578258081972251,0.05,0.0189947089947089,-0.031005291005291,3.6077396171452034,6.22958725545141,0.6181795789657105,0.3923521962863535,-0.6365414476308396,0.4047523267169871,0.4380025517625639,-0.9925669245223956,0.6181795789657105,0.3923521962863535,-0.6365414476308396,0.1583243007066823,0.0807898933428425,0.5653174603174603,0.4472292051137483,0.3086188509698373,0.3850266208026507,6.97735403986443e-16,0.0999999999999999,3.3145940214835856e-19,0.4047523267169871,0.1410612215008206,0.4380025517625639,benefit,0.9240866864526271,0.1274413667707242,True,7.2,0.0,0.0,-0.0921396260351578,-0.9925669245223956,0.16971517844950412,True,True,0.20359801722625495,True,True,0.27054932872091153,True,True,0.24240999691971182,True,True,0.2454520239970527,True,True,0.0454242905649169,True,True
circle,0.4,26,0.227884140442528,benefit,0.2729065759152043,0.118034199637689,0.5484921194889365,0.6219703481149778,-0.9904334735046092,-0.6528072417652291,50,0.8053380692498205,0.5774539288072925,0.227884140442528,0.620411708923694,0.506634709069652,-18.33895108963076,0.0250773749545088,0.0417153025010209,66.34636829425075,1.4711422899046729,0.05,0.0014126984126984,-0.0485873015873015,4.274270434899888,7.2105710300246,0.2729065759152043,0.118034199637689,-0.6528072417652291,0.5484921194889365,0.6219703481149778,-0.9904334735046092,0.2729065759152043,0.118034199637689,-0.6528072417652291,0.0640837761679269,0.070072777402371,0.5508412698412699,0.6353767733974971,0.4782529108815708,0.5773879131485447,7.346765809575135e-16,0.0999999999999999,4.36781747016217e-19,0.5484921194889365,0.2497436011939236,0.6219703481149778,benefit,0.8818621677872337,0.227884140442528,True,10.4,0.0,0.0,-0.7312627075970924,-0.9904334735046092,0.26755309494228285,True,True,0.30390746820155334,True,True,0.4220482653459703,True,True,0.41668313795638273,True,True,0.39444306371827165,True,True,0.5430693499381266,True,True
circle,0.4,34,0.6793668046904928,benefit,0.2704658294031897,0.1273457013046487,0.5977259542461705,0.6810221063027493,-0.988272672316601,-0.6825010975280387,50,1.226248702059893,0.5468818973694001,0.6793668046904928,1.088026351479074,0.355007926014848,-67.37138530395698,0.0365520723962741,0.0443650331254131,21.37487758347081,2.2247913337025245,0.05,0.0,-0.05,3.741999759192912,0.0,0.2704658294031897,0.1273457013046487,-0.6825010975280387,0.5977259542461705,0.6810221063027493,-0.988272672316601,0.2704658294031897,0.1273457013046487,-0.6825010975280387,0.0759669555414025,0.0704269944248658,0.5774656084656085,0.6954404958901496,0.4530472588808215,0.5468824545818017,7.041298184409106e-16,0.0999999999999999,2.2861860297322737e-19,0.5977259542461705,0.2960765867443343,0.6810221063027493,benefit,0.8776895033412806,0.6793668046904928,True,13.600000000000001,0.0,0.0,-2.489509390576204,-0.988272672316601,0.3562122580050064,True,True,0.2962822634234165,True,True,0.7100953973081958,True,True,0.44432521471862263,True,True,0.6522261638442443,True,True,0.36066229674440464,True,True
circle,0.4,44,0.2560426485032481,benefit,0.2780055589848114,0.1746061134319462,0.4377099338241429,0.504690900784774,-0.991591255358102,-0.5662349374816419,50,1.268754410072316,1.012711761569068,0.2560426485032481,0.9680931196444368,0.8427093228006655,-12.951625654533434,0.0289031870461607,0.0402007322804647,39.087541508381065,2.249069155170595,0.05,0.0173439153439153,-0.0326560846560846,3.899246156675368,5.768210553077093,0.2780055589848114,0.1746061134319462,-0.5662349374816419,0.4377099338241429,0.504690900784774,-0.991591255358102,0.2780055589848114,0.1746061134319462,-0.5662349374816419,0.0761913686556892,0.1019217614727768,0.5218571428571428,0.5154295539655706,0.8365163794141038,1.012659428000446,7.354618901320535e-16,0.0999999999999999,1.40137859381817e-18,0.4377099338241429,0.2007683879776418,0.504690900784774,benefit,0.8672831888640242,0.2560426485032481,True,17.6,0.0,0.0,-0.5995205526305343,-0.991591255358102,0.4957378352517731,True,True,0.3018777304646272,True,True,0.3552710712655625,True,True,0.34710175816097133,True,True,0.32588275083758167,True,True,0.4660002823058829,True,True
circle,0.4,56,0.1997557782223631,benefit,0.2394446765199631,0.1699616646805004,0.4039730675974908,0.5034266552354635,-0.9912414323211044,-0.4323323204408223,50,1.7532701325219735,1.5535143542996104,0.1997557782223631,1.2476188613683126,1.3652394609591965,9.42760671811185,0.0328587826224132,0.0450692729870708,37.16050744971055,3.098276781702832,0.05,0.0273386243386243,-0.0226613756613756,4.5912658539844085,4.681946285507798,0.239444676519963,0.1699616646805004,-0.4323323204408223,0.4039730675974908,0.5034266552354635,-0.9912414323211044,0.239444676519963,0.1699616646805004,-0.4323323204408223,0.0682778639189083,0.1222526699212386,0.506984126984127,0.5140581494192605,1.2735378696229522,1.5534617632360526,7.201523108563272e-16,0.0999999999999999,1.404925875075063e-18,0.4039730675974908,0.2360285263980264,0.5034266552354635,benefit,0.8024467186937916,0.1997557782223631,True,22.400000000000002,0.0,0.0,0.1467243603441073,-0.9912414323211044,0.6616731404126125,True,True,0.31448470839819553,True,True,0.20996103367393348,True,True,0.4306102080665595,True,True,0.18518880489674355,True,True,0.6151345927105625,True,True
circle,0.4,68,1.436070576848118,benefit,0.0946628965128812,0.0509122108542695,0.4847282178434025,0.6140250541543335,-0.9891561726421344,-0.4837450327384543,50,3.0660624071802776,1.6299918303321597,1.436070576848118,2.819629633956253,1.378697483016284,-51.103596500284695,0.0584274619403952,0.0456934901741612,-21.79449755836833,5.148467639120552,0.05,0.0,-0.05,3.0834304127495837,0.0,0.0946628965128812,0.0509122108542695,-0.4837450327384543,0.4847282178434025,0.6140250541543335,-0.9891561726421344,0.0946628965128812,0.0509122108542695,-0.4837450327384543,0.0247301992638995,0.0591594561256376,0.5116402116402117,0.626989266759807,1.324293617583564,1.6301449365006426,7.079656125754389e-16,0.0999999999999999,-3.4951947995618827e-19,0.4847282178434025,0.2946602031683422,0.6140250541543335,benefit,0.789427425742758,1.436070576848118,True,27.200000000000003,0.0,0.0,-2.251976860692903,-0.9891561726421344,0.7120319923663541,True,True,0.320362999074875,True,True,0.5572913608357384,True,True,0.4627153484840213,True,True,0.44828827371053204,True,True,0.6864937667760043,True,True
lemniscate,0.2,0,-0.0918592227212144,harm_cost_dominance,0.0176031086556417,-0.0160749429437731,0.1075011212025424,0.1142228694226551,-0.9908793065180468,-0.3829486826807673,50,0.2152262547526904,0.3070854774739048,-0.0918592227212144,0.214095686531609,0.3059179349442821,42.8884158759955,0.027084002739635,0.0399892319747563,47.64889945812584,0.4086604488695537,0.05,0.2098042328042328,0.1598042328042327,4.707802824922086,2.59714709744822,0.0176031086556417,-0.0160749429437731,-0.3829486826807673,0.1075011212025424,0.1142228694226551,-0.9908793065180468,0.0176031086556417,-0.0160749429437731,-0.3829486826807673,-0.001686411523151,0.0004081406663752,0.4535502645502647,0.1144167631766016,0.2614697034286493,0.3067796468522568,0.0111919799526523,0.1231335549414377,-9.895803220089528e-06,0.1075011212025424,0.0302632818426789,0.1142228694226551,harm_cost_dominance,0.9411523431776032,-0.0918592227212144,False,0.0,0.0,1.0,2.701857024486433,-0.9908793065180468,0.02506959339751086,True,False,0.39437339303558017,True,False,0.007157037689164342,True,False,0.15818182783946924,True,False,0.0906858693249987,True,False,0.10780794281924433,True,False
lemniscate,0.2,8,-0.4841632145973089,harm_cost_dominance,0.986811654836547,0.928237641738038,0.0433721880811906,0.0468804228265634,-0.9891888133084216,-0.3652085203915806,50,0.4581242892151433,0.9422875038124524,-0.4841632145973089,0.4572594995622784,0.9380458620305732,105.1451884384002,0.0535687465889037,0.4724223560191671,781.8992156691713,0.7466935342760754,0.05,0.5135978835978836,0.4635978835978836,4.049965322567923,1.8627503168390729,0.986811654836547,0.928237641738038,-0.3652085203915806,0.0433721880811906,0.0468804228265634,-0.9891888133084216,0.986811654836547,0.928237641738038,-0.3652085203915806,0.0400776211274167,0.0150914986882983,0.3624126984126984,0.046953671647346,0.8135782655210453,0.9419117355154134,0.0120530575204574,0.0854139342338109,2.3452615254505924e-05,0.0433721880811906,0.0127863667871475,0.0468804228265634,harm_cost_dominance,0.9251663160275482,-0.4841632145973089,False,1.6,0.0,1.0,11.373961235812963,-0.9891888133084216,0.06792657675936153,True,False,0.11196944334230517,True,False,-0.7605164097453297,False,True,-0.04033896210860741,False,True,-0.7358834654976749,False,True,-0.023481004132001382,False,True
lemniscate,0.2,18,0.1748948856819975,benefit,0.9943174124146712,0.9800124852607804,0.0788731428152701,0.0865047818706396,-0.9927339944946524,-0.322337227612001,50,0.8448040907020895,0.669909205020092,0.1748948856819975,0.8428408278104458,0.6684547616694683,-20.690272752186832,0.0623728946759724,0.0712534624013157,14.237863692771567,1.277037679291983,0.05,0.0289523809523809,-0.021047619047619,2.726511049096573,4.791439719273187,0.9943174124146712,0.9800124852607804,-0.322337227612001,0.0788731428152701,0.0865047818706396,-0.9927339944946524,0.9943174124146712,0.9800124852607804,-0.322337227612001,0.0773121231773007,0.0636138528798045,0.7171164021164022,0.0866382903120072,0.5750510465121325,0.6696012462398103,0.0143259770097848,0.1271597650545217,0.0001025823831153,0.0788731428152701,0.0243615748463572,0.0865047818706396,benefit,0.9117778359617883,0.1748948856819975,True,3.6,0.0,1.0,-0.8854366225665383,-0.9927339944946524,0.0588140247123938,True,True,0.09188668958443563,True,True,0.1803020517346519,True,True,0.09567179579412605,True,True,0.2862700895863779,True,True,0.08515711096254625,True,True
lemniscate,0.2,26,0.2488085951340169,benefit,0.99038754840401,0.9782051938989604,0.0741135213206283,0.0796820024696504,-0.9945138246725316,-0.3913357693032125,50,1.2308850112462155,0.9820764161121984,0.2488085951340169,1.2303065863302791,0.9795276214174536,-20.38345301073593,0.1606326310115613,0.0946448982472394,-41.07990533950836,1.9065139144008707,0.05,0.0053068783068783,-0.0446931216931216,3.271280847245986,4.965238422915272,0.99038754840401,0.9782051938989604,-0.3913357693032125,0.0741135213206283,0.0796820024696504,-0.9945138246725316,0.99038754840401,0.9782051938989604,-0.3913357693032125,0.0724963156308676,0.0866468543462517,0.7314920634920636,0.0797996638359254,0.8737367651188996,0.9820081467063402,0.0162408031738797,0.1327497628179632,0.0001769956896736,0.0741135213206283,0.0227429986548957,0.0796820024696504,benefit,0.9301161996766689,0.2488085951340169,True,5.2,0.0,1.0,-1.393901867197722,-0.9945138246725316,0.07936414953230658,True,True,0.09106045082946745,True,True,0.1806839250891702,True,True,0.05962331988958988,True,True,0.29075688702084224,True,True,0.16936799335299274,True,True
lemniscate,0.2,34,0.2168056103074542,benefit,0.9231791585443926,0.874322999585085,0.0667829381324432,0.0813781610636201,-0.9907024904210544,-0.0801473824783439,50,1.6055680025473154,1.388762392239861,0.2168056103074542,1.6041237833288051,1.3844222651289153,-13.696045185729892,0.1745448868777294,0.2653861573164155,52.04464711807974,2.5051520572334653,0.05,0.0309735449735449,-0.019026455026455,2.806357207106072,3.707143911292476,0.9231791585443926,0.874322999585085,-0.0801473824783439,0.0667829381324432,0.0813781610636201,-0.9907024904210544,0.9231791585443926,0.874322999585085,-0.0801473824783439,0.0601116134820217,0.0997179986508788,0.6262751322751323,0.0815032719254129,1.230137282209395,1.388671872918252,0.0170264211049971,0.1184491873395753,0.0001709085659935,0.0667829381324432,0.034473118352093,0.0813781610636201,benefit,0.8206493887151461,0.2168056103074542,True,6.800000000000001,0.0,1.0,-0.435032174724131,-0.9907024904210544,0.1021174376904126,True,True,0.11238576564215753,True,True,0.1672287666969926,True,True,0.17912241979795887,True,True,0.2701855689801422,True,True,0.21868270943432025,True,True
lemniscate,0.2,44,0.2917695849446329,benefit,0.6533223718356517,0.5236569300114597,0.0642433130563415,0.0868646315655967,-0.9906270589005574,0.1417869250572069,50,2.091712519559934,1.799942934615301,0.2917695849446329,2.086543155308915,1.7965238446886826,-13.899511729828353,0.3437461086629572,0.470301441134961,36.81651349127651,3.3465461597027613,0.05,0.0156296296296296,-0.0343703703703703,2.957444922513261,3.821870955475144,0.6533223718356517,0.5236569300114597,0.1417869250572069,0.0642433130563415,0.0868646315655967,-0.9906270589005574,0.6533223718356517,0.5236569300114597,0.1417869250572069,0.0367233088015007,0.0884722261287458,0.5658518518518518,0.0870057384176581,1.5631071366467402,1.800313543360835,0.0174315039485157,0.1037383821446103,0.000216328130841,0.0642433130563415,0.0432565448456349,0.0868646315655967,benefit,0.7395796413076123,0.2917695849446329,True,8.8,0.0,1.0,-0.6554649146295262,-0.9906270589005574,0.1257853413249922,True,True,0.1915184862802298,True,True,0.2728233790800992,True,True,0.29682109457291594,True,True,0.3771568712272604,True,True,0.317279022435906,True,True
lemniscate,0.2,56,0.3080029544284253,benefit,0.8121404836882218,0.7055973138638908,0.064425358304976,0.0861996738651934,-0.9930435789942704,0.1814760463967547,50,2.600243844231073,2.292240889802648,0.3080029544284253,2.597997977309817,2.2893704799263794,-11.879435630003735,0.4873627030344078,0.4249734573678072,-12.801399302413987,4.3384181925813365,0.05,0.0052222222222222,-0.0447777777777777,3.0335949548820937,3.739314073364164,0.8121404836882218,0.7055973138638908,0.1814760463967547,0.064425358304976,0.0861996738651934,-0.9930435789942704,0.8121404836882218,0.7055973138638908,0.1814760463967547,0.0454451041285963,0.1387969647432729,0.5953174603174604,0.0863359495685344,1.995915954983152,2.292484234065554,0.0219672710968378,0.1300271685703355,0.0003222504691063,0.064425358304976,0.0462871786343411,0.0861996738651934,benefit,0.7473967755954927,0.3080029544284253,True,11.200000000000001,0.0,1.0,-0.9710659895690379,-0.9930435789942704,0.15413748534863864,True,True,0.14414880233869076,True,True,0.21141530662319916,True,True,0.3193426858917173,True,True,0.31842231769552015,True,True,0.38935971143302356,True,True
lemniscate,0.2,68,0.318638186562695,benefit,0.7888394257758635,0.5944471812066379,0.061508030530483,0.0846818140291564,-0.9925451617656628,0.2281351125224931,50,3.135165061479192,2.8165268749164967,0.318638186562695,3.1346291109528432,2.807399971351105,-10.439166102881144,0.5538148960299025,0.5049532713560461,-8.822735723441072,5.264362762500809,0.05,0.0048306878306878,-0.0451693121693121,3.068033102299169,3.6515391921369433,0.7888394257758635,0.5944471812066379,0.2281351125224931,0.061508030530483,0.0846818140291564,-0.9925451617656628,0.7888394257758635,0.5944471812066379,0.2281351125224931,0.0365417596651448,0.1523760631709945,0.5780634920634921,0.0848153301184912,2.418423381590237,2.8171641715334927,0.0242543735048169,0.1300798510075711,0.0003768154454085,0.061508030530483,0.0481168539944477,0.0846818140291564,benefit,0.7263428545422883,0.318638186562695,True,13.600000000000001,0.0,1.0,-0.9072896393685187,-0.9925451617656628,0.18128211031074357,True,True,0.15098459392127256,True,True,0.2409707887814648,True,True,0.3354875720676947,True,True,0.351369076275603,True,True,0.4797225422563902,True,True
lemniscate,0.3,0,-0.1301141276542103,harm_with_local_reversal,-0.1883114217043612,-0.0955597011510685,0.2239787564960407,0.2422169332393434,-0.9666806545603208,-0.555413504147855,50,0.2231085590387312,0.3532226866929415,-0.1301141276542103,0.2219835341609411,0.3453875108824448,55.59150014769929,0.028068069268593,0.0426045918776362,51.79024773460653,0.420105502484666,0.05,0.27205291005291,0.22205291005291,4.57008323310018,2.594831902052787,-0.1883114217043612,-0.0955597011510685,-0.555413504147855,0.2239787564960407,0.2422169332393434,-0.9666806545603208,-0.1883114217043612,-0.0955597011510685,-0.555413504147855,-0.0209244169072002,-0.0116252046106758,0.4061005291005291,0.2437600484524466,0.2923901395878697,0.352945090668778,0.0111153037080475,0.1226106223858278,-9.794790305815834e-06,0.2239787564960407,0.0747201114838589,0.2422169332393434,harm_with_local_reversal,0.9247031307831579,-0.1301141276542103,False,0.0,0.0,1.0,3.615788498111306,-0.9666806545603208,-0.014922815750712887,False,True,0.472613756329998,True,False,-0.08528286590784628,False,True,0.15060239084389407,True,False,-0.005789080496111543,False,True,0.3006097510330371,True,False
lemniscate,0.3,8,-0.6581319795897618,harm_cost_dominance,0.7890851449906059,0.5486167026057157,0.0546778722478372,0.0610423015205436,-0.9847085311582532,-0.4926039321678925,50,0.4725301303704742,1.130662109960236,-0.6581319795897618,0.4716856902445507,1.127502484201456,139.03682208707653,0.0693944409958398,0.5847142896762768,742.5952875734008,0.7795737355921433,0.05,0.7037619047619048,0.6537619047619048,4.634744637979936,1.3902063763756156,0.7890851449906059,0.5486167026057157,-0.4926039321678925,0.0546778722478372,0.0610423015205436,-0.9847085311582532,0.7890851449906059,0.5486167026057157,-0.4926039321678925,0.0271192999595501,0.0119172085955876,0.1680899470899471,0.0614111243876484,1.0356277392621869,1.1303304496450073,0.0117426887643016,0.0691872889615279,2.159959464753367e-05,0.0546778722478372,0.0198635635007704,0.0610423015205436,harm_cost_dominance,0.8957373966074951,-0.6581319795897618,False,2.4,0.0,1.0,13.711490977884665,-0.9847085311582532,0.057208000518843505,True,False,0.16568624594409753,True,False,-0.9282356466460598,False,True,-0.020272576546027155,False,True,-0.9531185403468069,False,True,0.032859743319614165,True,False
lemniscate,0.3,18,-0.2556515678144672,harm_cost_dominance,0.881179857259522,0.7888560870847818,0.0677330959921364,0.0795245660321731,-0.984115052320402,-0.3250419498787048,50,0.8397112775814787,1.095362845395946,-0.2556515678144672,0.8378618385372111,1.066758651549045,27.3191596136163,0.0633606944593956,0.5139488884162678,711.1478145785125,1.26304659237703,0.05,0.4008677248677249,0.3508677248677249,2.7048975596913367,1.8188361001246889,0.881179857259522,0.7888560870847818,-0.3250419498787048,0.0677330959921364,0.0795245660321731,-0.984115052320402,0.881179857259522,0.7888560870847818,-0.3250419498787048,0.0502820256495951,0.0401114703953568,0.2715185185185185,0.0799927159733816,1.0026546844567237,1.0950413426000762,0.0125714996894321,0.0827406028272883,6.942089864698881e-05,0.0677330959921364,0.0282590697687406,0.0795245660321731,harm_cost_dominance,0.8517254399587922,-0.2556515678144672,False,5.3999999999999995,0.0,1.0,7.689502178324759,-0.984115052320402,0.12106823130303032,True,False,0.1343484088111468,True,False,-0.10512928776842537,False,True,0.031673147201438406,True,False,-0.08851094590845263,False,True,0.006237646385858553,True,False
lemniscate,0.3,26,0.3430521473959756,benefit,0.6275522050877652,0.56773156062332,0.1715593012831582,0.1948324895054946,-0.972186855015329,-0.4689798365594821,50,1.2236286862724757,0.8805765388764998,0.3430521473959756,1.2229608587347156,0.8786556220448897,-28.15341425119404,0.1572969366777764,0.1040055134745147,-33.87950479422917,1.9032164204431847,0.05,0.0032433862433862,-0.0467566137566137,3.25401356720263,5.348310859053567,0.6275522050877652,0.56773156062332,-0.4689798365594821,0.1715593012831582,0.1948324895054946,-0.972186855015329,0.6275522050877652,0.56773156062332,-0.4689798365594821,0.0966490874985149,0.1028994074908516,0.5911640211640211,0.1960183961350002,0.7677819985379883,0.8804342378419068,0.0155049601990308,0.1284270298589463,0.0003949076717309,0.1715593012831582,0.0691275670932936,0.1948324895054946,benefit,0.8805477039158779,0.3430521473959756,True,7.8,0.0,1.0,-1.6031161717150268,-0.972186855015329,0.1733756087705099,True,True,0.19852168214402927,True,True,0.3422945394656227,True,True,0.10285702938521468,True,True,0.44469759492018845,True,True,0.08491995545915018,True,True
lemniscate,0.3,34,0.3347721563550863,benefit,0.5485248995045829,0.4854663107445202,0.1343070852299845,0.1592360143712065,-0.9764680603506146,-0.300112858598561,50,1.5900303214567515,1.2552581651016654,0.3347721563550863,1.5888841468093022,1.2510471289267242,-21.262533115506788,0.1762267659223784,0.2692874250791877,52.807335292796,2.4999171316833,0.05,0.0058730158730158,-0.0441269841269841,2.824227218940264,4.426311071068769,0.5485248995045829,0.4854663107445202,-0.300112858598561,0.1343070852299845,0.1592360143712065,-0.9764680603506146,0.5485248995045829,0.4854663107445202,-0.300112858598561,0.0707226366082165,0.1026773849169102,0.4938835978835978,0.1601844797233934,1.1244358677585615,1.2551543379991896,0.0159781683370004,0.112963251769331,0.000415309561461,0.1343070852299845,0.0647161203512416,0.1592360143712065,benefit,0.8434466647478891,0.3347721563550863,True,10.2,0.0,1.0,-0.8631112178864777,-0.9764680603506146,0.23386369105396795,True,True,0.22172870934900965,True,True,0.3226094491993498,True,True,0.12802621030077566,True,True,0.42573012414936423,True,True,0.15191549486887707,True,True
lemniscate,0.3,44,0.5018367538683524,benefit,0.49137061544622,0.4054023642605983,0.1133430473622893,0.1438760959708989,-0.9793794026600888,-0.1224613635580369,50,2.0759421946616485,1.5741054407932962,0.5018367538683524,2.072018040598946,1.569185802583348,-24.267753859421244,0.3356238220910411,0.411057440349625,22.475644842009164,3.322445716012968,0.05,0.0028253968253968,-0.0471746031746031,2.9508297588096344,4.716567045455894,0.49137061544622,0.4054023642605983,-0.1224613635580369,0.1133430473622893,0.1438760959708989,-0.9793794026600888,0.49137061544622,0.4054023642605983,-0.1224613635580369,0.0559672723239117,0.112390989582999,0.4367037037037036,0.1447151316876302,1.3973612021670485,1.5744808791945046,0.0166930181031665,0.1044971386909925,0.0003806550640599,0.1133430473622893,0.0673160714181966,0.1438760959708989,benefit,0.7877823386619195,0.5018367538683524,True,13.2,0.0,1.0,-1.1572756046868746,-0.9793794026600888,0.3068382876885095,True,True,0.23652894677260802,True,True,0.3620005836083506,True,True,0.19503907856053113,True,True,0.45739878833698683,True,True,0.1964642358237613,True,True
lemniscate,0.3,56,0.4328535444386343,benefit,0.6003044593799934,0.5032332441662049,0.1394591509967745,0.1809610514746498,-0.9757584700422816,-0.0194088814348876,50,2.5842083930861683,2.151354848647534,0.4328535444386343,2.582545436382968,2.143254649069828,-17.00999258809661,0.4913180182602062,0.3849182965200139,-21.655977958379207,4.312303685221341,0.05,0.0033068783068783,-0.0466931216931216,3.049243321248748,4.227839974146411,0.6003044593799934,0.5032332441662049,-0.0194088814348876,0.1394591509967745,0.1809610514746498,-0.9757584700422816,0.6003044593799934,0.5032332441662049,-0.0194088814348876,0.069894249883502,0.19420174869766,0.5227513227513227,0.1820236955424853,1.865725372644854,2.1516277235889563,0.0214554998274884,0.1298086586073845,0.0005949669114731,0.1394591509967745,0.0918835688426354,0.1809610514746498,benefit,0.770658381234816,0.4328535444386343,True,16.8,0.0,1.0,-1.193825097524968,-0.9757584700422816,0.3981927198099068,True,True,0.20555671453415153,True,True,0.29349536812978405,True,True,0.27663325163617764,True,True,0.3934094195431531,True,True,0.32518825378632094,True,True
lemniscate,0.3,68,0.5377165778592716,benefit,0.5739477929687212,0.413531021579344,0.1320375337121823,0.1782197755691074,-0.9763447864674556,0.0526674446555401,50,3.105015112678389,2.567298534819117,0.5377165778592716,3.104092023919212,2.5596730938234438,-17.538749685913373,0.5576329434291752,0.4636311648614316,-16.85728572446047,5.246021427898418,0.05,0.0025079365079365,-0.0474920634920634,3.137100080052768,4.4590684960471245,0.5739477929687212,0.413531021579344,0.0526674446555401,0.1320375337121823,0.1782197755691074,-0.9763447864674556,0.5739477929687212,0.413531021579344,0.0526674446555401,0.0539105390808585,0.202627987871646,0.4942645502645502,0.1792625202342282,2.1955676830915563,2.5679609436587607,0.0233799853761161,0.1300396722402947,0.0007486708324486,0.1320375337121823,0.0976123352296344,0.1782197755691074,benefit,0.7408691504060495,0.5377165778592716,True,20.4,0.0,1.0,-1.1880435819072492,-0.9763447864674556,0.486497115761223,True,True,0.21217079523878699,True,True,0.3244320825298529,True,True,0.30796782908231435,True,True,0.4210536844941846,True,True,0.3897428159484212,True,True
lemniscate,0.4,0,-0.1206183774584378,harm_cost_dominance,0.4418110440831753,0.3162587671826062,0.530788501454986,0.618002595472337,-0.9855469578845788,-0.6667455829951237,50,0.2214255759395528,0.3420439533979907,-0.1206183774584378,0.2201921911594546,0.3404157551352324,54.59937672729297,0.0284297667497488,0.0484729658970136,70.50075128293781,0.4171558853182505,0.05,0.2429206349206349,0.1929206349206349,4.668413778311882,2.8226525763897707,0.4418110440831753,0.3162587671826062,-0.6667455829951237,0.530788501454986,0.618002595472337,-0.9855469578845788,0.4418110440831753,0.3162587671826062,-0.6667455829951237,0.1680185294601918,0.0630615408826222,0.6427513227513226,0.6304106533293232,0.2776025346058644,0.341754309457386,0.0115965545375731,0.1221457798953147,3.0264278732569496e-05,0.530788501454986,0.2862975770382777,0.618002595472337,harm_cost_dominance,0.8588774632061982,-0.1206183774584378,False,0.0,0.0,1.0,3.4593403593574488,-0.9855469578845788,-0.04698660219809958,False,True,0.25819860731528205,True,False,-0.16436896783929383,False,True,0.49266266432311856,True,False,-0.08295562635897846,False,True,0.19703666167102313,True,False
lemniscate,0.4,8,-0.5568143115048545,harm_cost_dominance,0.6602765499486699,0.5325888111197632,0.1753842353736386,0.1991796340761448,-0.9917492909384344,-0.5104343480123934,50,0.4697380373777009,1.0265523488825554,-0.5568143115048545,0.4688538398051913,1.022344214034461,118.05179508779628,0.0616791558608508,0.5251748696486215,751.4624791978498,0.7852597437043481,0.05,0.6097089947089948,0.5597089947089947,4.5479511333518765,1.5885546692739012,0.6602765499486699,0.5325888111197632,-0.5104343480123934,0.1753842353736386,0.1991796340761448,-0.9917492909384344,0.6602765499486699,0.5325888111197632,-0.5104343480123934,0.0674978784086877,0.0254933628497618,0.2438730158730159,0.2032246288049349,0.9252039109008864,1.0261536606311052,0.0116767063817285,0.0753998217791802,6.70652605955607e-05,0.1753842353736386,0.0781066534159292,0.1991796340761448,harm_cost_dominance,0.8805329730935746,-0.5568143115048545,False,3.2,0.0,1.0,12.365504354969438,-0.9917492909384344,0.08144321738690238,True,False,0.1991105066670285,True,False,-0.7263400036904952,False,True,0.10064000759165853,True,False,-0.7294090943290331,False,True,0.03837258843464092,True,False
lemniscate,0.4,18,-0.2427140261964256,harm_cost_dominance,0.6535624240570438,0.3961654429661523,0.1683282041559157,0.1893977404989449,-0.9915251048053122,-0.5623658708380768,50,0.83513556307454,1.0778495892709656,-0.2427140261964256,0.8334704185303518,1.028963424937736,23.4553023191705,0.062101903733089,0.5277136532118558,749.7543899337538,1.2617986770079024,0.05,0.4324232804232804,0.3824232804232804,2.7193813304579155,1.7702115971217605,0.6535624240570438,0.3961654429661523,-0.5623658708380768,0.1683282041559157,0.1893977404989449,-0.9915251048053122,0.6535624240570438,0.3961654429661523,-0.5623658708380768,0.067602560299564,0.043793647535978,0.2365978835978835,0.1932058598601467,0.9927243177075432,1.077514702706435,0.0122854152209982,0.078186291514287,0.000135360894689,0.1683282041559157,0.0681918813900949,0.1893977404989449,harm_cost_dominance,0.8887550807712232,-0.2427140261964256,False,7.2,0.0,1.0,8.056316234523841,-0.9915251048053122,0.18364532213405144,True,False,0.19745665506571583,True,False,0.08718686160422748,True,False,0.05778843565739869,True,False,0.08664475882682124,True,False,0.05040374892699542,True,False
lemniscate,0.4,26,0.4527702521984965,benefit,0.2785291730660957,0.1361555212253518,0.4604164460090535,0.5391061516492993,-0.988562775900669,-0.576890900065254,50,1.2244280096152544,0.7716577574167579,0.4527702521984965,1.2238277914670534,0.770094948442014,-37.07489290472479,0.1581471170784077,0.1009537673232369,-36.16464897457048,1.908481394462482,0.05,0.0004338624338624,-0.0495661375661375,3.2705569970217603,6.743407478918742,0.2785291730660957,0.1361555212253518,-0.576890900065254,0.4604164460090535,0.5391061516492993,-0.988562775900669,0.2785291730660957,0.1361555212253518,-0.576890900065254,0.0621503137007859,0.0863554730053949,0.5288465608465609,0.5501008671111278,0.6675003033367533,0.7713853456137818,0.0147051837094785,0.1245043878431029,0.0010365436437191,0.4604164460090535,0.2289644381669199,0.5391061516492993,benefit,0.8540367135482267,0.4527702521984965,True,10.4,0.0,1.0,-1.9090407515315682,-0.988562775900669,0.261115336314005,True,True,0.29816799589010506,True,True,0.5203017212014825,True,True,0.3977485684627571,True,True,0.6195138130252728,True,True,0.461047732678353,True,True
lemniscate,0.4,34,0.5923090520437053,benefit,0.1239794425757526,0.0235489978378993,0.4955934622194944,0.5851997488416215,-0.9862699305576929,-0.5709713981613653,50,1.5953015063305862,1.0029924542868809,0.5923090520437053,1.594024687689258,0.9988927681002728,-37.33517580906048,0.1978560673638013,0.1290326585196868,-34.78458344025398,2.548632642456338,0.05,0.0009735449735449,-0.049026455026455,2.952901855397184,6.795674160715408,0.1239794425757526,0.0235489978378993,-0.5709713981613653,0.4955934622194944,0.5851997488416215,-0.9862699305576929,0.1239794425757526,0.0235489978378993,-0.5709713981613653,0.0094484662835625,0.0514299947369662,0.505984126984127,0.5970986296130107,0.8745850923749778,1.0029136718516405,0.0158103233729804,0.1230931364796319,0.0016379607113119,0.4955934622194944,0.2597130046567598,0.5851997488416215,benefit,0.8468791437447711,0.5923090520437053,True,13.600000000000001,0.0,1.0,-1.9043991928444468,-0.9862699305576929,0.35856514409625073,True,True,0.33850859818369755,True,True,0.5402520846077881,True,True,0.4275378757463193,True,True,0.6329895961748493,True,True,0.6749301628468984,True,True
lemniscate,0.4,44,0.7321423682943287,benefit,0.2076049920911044,0.1274040128716455,0.1184906063249885,0.1469822240342408,-0.9932097574542952,-0.3602578192646575,50,2.072349194948814,1.340206826654485,0.7321423682943287,2.068795903058874,1.3326040934635162,-35.58552143817018,0.3513904187156348,0.481663693224871,37.073655845548245,3.3439174666757525,0.05,0.0001693121693121,-0.0498306878306878,3.0052908359969823,6.52092846903111,0.2076049920911044,0.1274040128716455,-0.3602578192646575,0.1184906063249885,0.1469822240342408,-0.9932097574542952,0.2076049920911044,0.1274040128716455,-0.3602578192646575,0.0164078962783269,0.0377004836575722,0.217089947089947,0.1496739226781852,1.2539927501585084,1.340381136771014,0.0134806159345692,0.0760081275272867,0.0004470997473426,0.1184906063249885,0.0710828721240607,0.1469822240342408,benefit,0.8061560307903555,0.7321423682943287,True,17.6,0.0,1.0,-1.4349817698535987,-0.9932097574542952,0.4788996842384794,True,True,0.3122370360930167,True,True,0.4954993373030885,True,True,0.10127940203115007,True,True,0.581343611152831,True,True,0.07514086109023041,True,True
lemniscate,0.4,56,0.6547624621451908,benefit,0.2398569209711076,0.1642974697648188,0.345702615384625,0.4479388361975284,-0.9890828902463756,-0.3062035291863212,50,2.575504201479472,1.9207417393342805,0.6547624621451908,2.572536201598544,1.913635247554957,-25.61289336312924,0.4771768987743037,0.3423131592431002,-28.262839185496503,4.273896406493631,0.05,0.0001058201058201,-0.0498941798941798,3.04506788538688,5.0827526591371806,0.2398569209711076,0.1642974697648188,-0.3062035291863212,0.345702615384625,0.4479388361975284,-0.9890828902463756,0.2398569209711076,0.1642974697648188,-0.3062035291863212,0.0566649686257612,0.1498749810926008,0.4772539682539682,0.4569375594984537,1.676775644878046,1.92083657039008,0.0200138654335955,0.1281082682147594,0.0015911038157332,0.345702615384625,0.2252276790630883,0.4479388361975284,benefit,0.7717629896046971,0.6547624621451908,True,22.400000000000002,0.0,1.0,-1.5187449934186918,-0.9890828902463756,0.6337343397411425,True,True,0.3051408252180313,True,True,0.42704004740358864,True,True,0.42556436141434595,True,True,0.5171594260958197,True,True,0.6244863101450351,True,True
lemniscate,0.4,68,0.9072888379865652,benefit,0.1949574639005849,0.1089391345611128,0.3841368865016247,0.5070813370878438,-0.9882191524146928,-0.287116088059577,50,3.1067749440778374,2.199486106091272,0.9072888379865652,3.1055933159218565,2.1928347302946096,-29.390795663662484,0.5652750330700469,0.3708678868278584,-34.391603178722804,5.227577025500905,0.05,2.1164021164021164e-05,-0.0499788359788359,3.0992636824521727,5.671786407252359,0.1949574639005849,0.1089391345611128,-0.287116088059577,0.3841368865016247,0.5070813370878438,-0.9882191524146928,0.1949574639005849,0.1089391345611128,-0.287116088059577,0.0413609779126541,0.14577559320254,0.5000529100529101,0.5173309578665711,1.920767757691568,2.199589809294661,0.0212911743513915,0.1271339208272508,0.0020385285361823,0.3841368865016247,0.2637820954686152,0.5070813370878438,benefit,0.757544911250247,0.9072888379865652,True,27.200000000000003,0.0,1.0,-1.6697026255931584,-0.9882191524146928,0.768912214999514,True,True,0.3115638878434317,True,True,0.45785105256113645,True,True,0.4800465985835635,True,True,0.5367613524928714,True,True,0.7921169523256022,True,True
square,0.2,0,0.1423096040405677,benefit,-0.5909059652090349,-0.2768351163922648,0.0298766340183711,0.0339989136266271,-0.9984907892937692,0.0930275053807642,50,0.2626752973027709,0.1203656932622031,0.1423096040405677,0.1446854677129194,0.0994376820612948,-31.27320688563637,0.0121293956423495,0.0139100760095847,14.680701492423797,0.453891115307014,0.05,0.0054603174603174,-0.0445396825396825,3.763712552024932,15.87595593754056,-0.5909059652090349,-0.2768351163922648,0.0930275053807642,0.0298766340183711,0.0339989136266271,-0.9984907892937692,-0.5909059652090349,-0.2768351163922648,0.0930275053807642,-0.0082868841397006,-0.0022158885855158,0.3070846560846561,0.0340432942245725,0.0911041593716331,0.1205228660521753,3.950563641630976e-06,0.000733145653829,-1.1222796907325789e-07,0.0298766340183711,0.0105181964653358,0.0339989136266271,benefit,0.8787526079684415,0.1423096040405677,True,0.0,1.0,0.0,-1.3935063169595967,-0.9984907892937692,0.0045494955335834975,True,True,0.6131980485373764,True,True,0.7209363215424804,True,True,0.09787261728560145,True,True,0.678398113596544,True,True,-0.133479494045183,False,False
square,0.2,8,0.1816057424307101,benefit,0.9673372586555856,0.8734175515339679,0.0297926472807007,0.0317399800810908,-0.997415481529852,0.2478872158413087,50,0.5213277728827862,0.339722030452076,0.1816057424307101,0.5104130297403375,0.182806032541004,-64.18468536458703,0.02299580521083,0.0142985076858869,-37.821234981016765,1.0444626369959598,0.05,0.0,-0.05,5.231904776250027,0.0,0.9673372586555856,0.8734175515339679,0.2478872158413087,0.0297926472807007,0.0317399800810908,-0.997415481529852,0.9673372586555856,0.8734175515339679,0.2478872158413087,0.0259795368187031,0.0133403469973873,0.6144814814814814,0.0317866822430467,0.2862805475116163,0.3375388395807856,0.005480282134681,0.1523712698499356,-0.0005023263702169,0.0297926472807007,0.0063385199483119,0.0317399800810908,benefit,0.9386473212537119,0.1816057424307101,True,1.6,1.0,0.0,-2.741709556938347,-0.997415481529852,0.028018686784600455,True,True,0.09987960817907648,True,True,0.5268407875472834,True,True,0.02184976298529051,True,True,0.4932079607145606,True,True,0.0621572243652703,True,True
square,0.2,18,0.1599365355617019,benefit,0.9939733321194564,0.970354852971858,0.0497259875003598,0.0555555934922849,-0.9963661251533515,-0.0024211677551117,50,0.8372505568989991,0.6773140213372971,0.1599365355617019,0.7806976298755951,0.6739608171322479,-13.671978581543682,0.0367998917634606,0.0320444180986793,-12.922520792232149,1.6014303035554558,0.05,0.0319365079365079,-0.018063492063492,4.807321021373122,6.217352809913177,0.9939733321194564,0.970354852971858,-0.0024211677551117,0.0497259875003598,0.0555555934922849,-0.9963661251533515,0.9939733321194564,0.970354852971858,-0.0024211677551117,0.0481990474921601,0.0488936702030727,0.7156931216931217,0.0556385653609603,0.5482314770937233,0.6763066614353626,0.0033523638146023,0.0611222583998998,-3.103672926986727e-05,0.0497259875003598,0.0158229781030982,0.0555555934922849,benefit,0.8950671637837919,0.1599365355617019,True,3.6,1.0,0.0,-0.8089784703224894,-0.9963661251533515,0.059376955768967676,True,True,0.09240383924952833,True,True,0.13825377563987662,True,True,0.10772029565419641,True,True,0.11969789951872256,True,True,0.12730752523106756,True,True
square,0.2,26,0.0667339477164361,benefit,0.9959675293620236,0.98229886983975,0.0917278307122005,0.1068329095965288,-0.9918445179012748,-0.3145594350358232,50,1.1550700823930873,1.0883361346766511,0.0667339477164361,1.1375210996104108,1.0539602284541885,-7.345874391672173,0.0495055651103797,0.0504652054648671,1.93844944973026,1.7768879105938489,0.05,0.0225291005291005,-0.0274708994708994,2.8708700687573803,3.332672196532196,0.9959675293620236,0.98229886983975,-0.3145594350358232,0.0917278307122005,0.1068329095965288,-0.9918445179012748,0.9959675293620236,0.98229886983975,-0.3145594350358232,0.0901039745298984,0.1105644009095363,0.8140052910052908,0.1069975326797594,0.9564184430411472,1.0693154301857029,0.054920245545957,0.5020627712500068,-0.004280662352779,0.0917278307122005,0.0414340483670211,0.1068329095965288,benefit,0.85861024526774,0.0667339477164361,True,5.2,1.0,0.0,-0.6066875302168877,-0.9918445179012748,0.08457635504935987,True,True,0.09438793296498837,True,True,0.10071664732697137,True,True,0.2102925903350121,True,True,0.08781193304532223,True,True,0.2571987229844087,True,True
square,0.2,34,0.1149874335906433,benefit,0.9803803991941508,0.9456145803283584,0.0717293244593607,0.0939823503779468,-0.9919792935337388,-0.0776163112190812,50,1.4703227951886535,1.3553353615980104,0.1149874335906433,1.401733959544223,1.318567721118812,-5.933097208573972,0.0490659608110075,0.0530110039298179,8.040285064273993,2.2581638674024007,0.05,0.0457301587301587,-0.0042698412698412,3.047828892201654,3.480530204537797,0.9803803991941508,0.9456145803283584,-0.0776163112190812,0.0717293244593607,0.0939823503779468,-0.9919792935337388,0.9803803991941508,0.9456145803283584,-0.0776163112190812,0.0677847741863342,0.1158478301542909,0.6982169312169312,0.0941295144221484,1.1801650188709385,1.352704830746399,0.0077206535939047,0.0604858977697015,-0.0001443347153086,0.0717293244593607,0.0460035936678774,0.0939823503779468,benefit,0.7632212236674275,0.1149874335906433,True,6.800000000000001,1.0,0.0,-0.339616985074243,-0.9919792935337388,0.10486924972954037,True,True,0.09769775777775441,True,True,0.09532007677679008,True,True,0.28882964054460836,True,True,0.07632670316330734,True,True,0.26349164863705676,True,True
square,0.2,44,0.1399976287828657,benefit,0.9865538083163145,0.9658351756126624,0.0590654849038028,0.0706439357854682,-0.9945733898086504,-0.4572541964734064,50,1.8523359957812235,1.7123383669983576,0.1399976287828657,1.77309087873007,1.6379945598930743,-7.619255192022576,0.0541661908680495,0.0531935909151818,-1.7955849160947657,2.7307244399666475,0.05,0.0287301587301587,-0.0212698412698412,2.5527806674307048,3.002126392701791,0.9865538083163145,0.9658351756126624,-0.4572541964734064,0.0590654849038028,0.0706439357854682,-0.9945733898086504,0.9865538083163145,0.9658351756126624,-0.4572541964734064,0.0570475880270644,0.126291862641938,0.6341216931216931,0.0707480650662577,1.5025271422089654,1.7027473156263229,0.0291083595278701,0.2294057450888368,-0.0004684902892844,0.0590654849038028,0.0285653024822362,0.0706439357854682,benefit,0.8361012767229874,0.1399976287828657,True,8.8,1.0,0.0,-0.5865680806893283,-0.9945733898086504,0.13115303849262808,True,True,0.09518265219837561,True,True,0.10260489584385228,True,True,0.12297290405185873,True,True,0.08739171843327107,True,True,0.28157156850449994,True,True
square,0.2,56,0.2781460653402487,benefit,0.9838282372719276,0.9612087624432804,0.0566717899660273,0.0660033499647083,-0.9940045174078028,-0.4533139965819646,50,2.5306858546376594,2.2525397892974106,0.2781460653402487,2.3394923139541377,2.139084383316961,-8.566300023374213,0.0711929925015851,0.0637846732984241,-10.405966855364335,3.4791865653965166,0.05,0.0192169312169312,-0.0307830687830687,2.4978896466049623,3.294634700577148,0.9838282372719276,0.9612087624432804,-0.4533139965819646,0.0566717899660273,0.0660033499647083,-0.9940045174078028,0.9838282372719276,0.9612087624432804,-0.4533139965819646,0.0544725469229506,0.1511992857690798,0.6381164021164021,0.0660981129373618,1.9959169071810368,2.2131810222458284,0.1347226492107641,0.7100511682516156,-0.0007233126276412,0.0566717899660273,0.0246600254075583,0.0660033499647083,benefit,0.8586199033150715,0.2781460653402487,True,11.200000000000001,1.0,0.0,-0.7431550110781873,-0.9940045174078028,0.1559707895667501,True,True,0.09230058702048502,True,True,0.10701460410598243,True,True,0.0759434749422295,True,True,0.09294902746775675,True,True,0.2846352148442513,True,True
square,0.2,68,0.2997339284929752,benefit,0.9717905958073556,0.9310011152732162,0.0484514648984703,0.0600187230628571,-0.995313687596594,-0.3471354331656212,50,3.198498415626716,2.898764487133741,0.2997339284929752,2.9776685220262635,2.684276306334243,-9.853085174580563,0.0774215529710844,0.0763807283930597,-1.3443602434583126,4.732740135668078,0.05,0.0119417989417989,-0.038058201058201,2.7898605934032545,3.678467471511925,0.9717905958073556,0.9310011152732162,-0.3471354331656212,0.0484514648984703,0.0600187230628571,-0.995313687596594,0.9717905958073556,0.9310011152732162,-0.3471354331656212,0.0451080396823789,0.1627249592570841,0.5940687830687831,0.060102178706633,2.5098201071240744,2.8023702458471003,0.2921395431123229,1.0435699044663849,-0.0149637170022888,0.0484514648984703,0.028053888582473,0.0600187230628571,benefit,0.8072725047302359,0.2997339284929752,True,13.600000000000001,1.0,0.0,-0.7877881142415317,-0.995313687596594,0.18331561171348734,True,True,0.09547943760678539,True,True,0.12776997665849005,True,True,0.13410001649154904,True,True,0.1144002042083671,True,True,0.1826068917998293,True,True
square,0.3,0,0.0073124990399193,benefit,-0.3619334215451914,-0.3579000184767721,0.0618916483120257,0.0713486471765044,-0.99049315697362,-0.2179438562727773,50,0.2688194661809051,0.2615069671409857,0.0073124990399193,0.1546816628307085,0.2101869237932769,35.88354297881927,0.0120161544795909,0.0138397348513489,15.176072966634614,0.4711386728857938,0.05,0.0889523809523809,0.0389523809523809,3.567945528654522,4.327473912766169,-0.3619334215451914,-0.3579000184767721,-0.2179438562727773,0.0618916483120257,0.0713486471765044,-0.99049315697362,-0.3619334215451914,-0.3579000184767721,-0.2179438562727773,-0.0187635860062623,-0.0046784795352388,0.336973544973545,0.0717646116513612,0.200494171838411,0.2615681439795683,5.896056824067489e-06,0.0005827408424925,-6.640272147555149e-08,0.0618916483120257,0.0257249603082155,0.0713486471765044,benefit,0.8674537045958117,0.0073124990399193,True,0.0,1.0,0.0,1.3173619745974987,-0.99049315697362,-0.019499248236955702,False,False,0.5316463492697094,True,True,0.177204254073006,True,True,0.062257563590576104,True,True,0.1516845490979806,True,True,-0.000999031161932895,False,False
square,0.3,8,0.2571221403530843,benefit,0.931795333026088,0.7918714128995954,0.0454085886455274,0.0488889252353882,-0.9951551641592156,-0.1181553620521236,50,0.5128746489802132,0.2557525086271289,0.2571221403530843,0.482233021092993,0.1804621654889708,-62.57780832167514,0.0220029947297387,0.0141648718224903,-35.62298224931333,0.987489969095248,0.05,0.0,-0.05,5.180237299472057,0.0,0.931795333026088,0.7918714128995954,-0.1181553620521236,0.0454085886455274,0.0488889252353882,-0.9951551641592156,0.931795333026088,0.7918714128995954,-0.1181553620521236,0.0356104041519493,0.0155759003019573,0.4214232804232803,0.0491320093230746,0.1976267472942462,0.2531766779141642,0.0050895755929936,0.1388509148869363,-0.0008445303948201,0.0454085886455274,0.011609976015602,0.0488889252353882,benefit,0.928811349931858,0.2571221403530843,True,2.4,1.0,0.0,-2.6801995596075496,-0.9951551641592156,0.036024798738994085,True,True,0.10885462743578884,True,True,0.5340210431444958,True,True,0.0027649753727369553,True,True,0.5008976742858327,True,True,-0.12270169337480849,False,False
square,0.3,18,0.2518423594552158,benefit,0.8494299702001971,0.6357121044567101,0.1101308496228374,0.1242638995623691,-0.983578962594482,-0.1122923738348256,50,0.8428463413788854,0.5910039819236695,0.2518423594552158,0.7920552088654945,0.5852309814918325,-26.112349878949345,0.0371493499565483,0.0316163496719566,-14.8939356702456,1.6292534175588789,0.05,0.0025343915343915,-0.0474656084656084,4.973161816443876,8.548583377868932,0.8494299702001971,0.6357121044567101,-0.1122923738348256,0.1101308496228374,0.1242638995623691,-0.983578962594482,0.8494299702001971,0.6357121044567101,-0.1122923738348256,0.0695929776016736,0.0664990122353604,0.5372222222222223,0.1249665069959483,0.4481758473564523,0.5876947194830514,0.0088543450343533,0.1441824466845779,-0.0006062626250912,0.1101308496228374,0.0444380949201749,0.1242638995623691,benefit,0.886265842371022,0.2518423594552158,True,5.3999999999999995,1.0,0.0,-1.4354059572968854,-0.983578962594482,0.11359746609672206,True,True,0.13389554030555675,True,True,0.33614405741298625,True,True,0.11013585614733465,True,True,0.3188394309850189,True,True,-0.04587328926394865,False,False
square,0.3,26,0.2209410891207663,benefit,0.8025079894660395,0.6963102586624256,0.1563365321905586,0.1856220667081761,-0.9758908723610552,-0.2686123750318193,50,1.1695388766793322,0.9485977875585658,0.2209410891207663,1.1518690283304909,0.9128530897374652,-20.75027044865036,0.0501008084441167,0.0445993336779536,-10.98081036394797,1.7909917697601132,0.05,0.0472433862433862,-0.0027566137566137,2.8472269606366085,4.723749093585687,0.8025079894660395,0.6963102586624256,-0.2686123750318193,0.1563365321905586,0.1856220667081761,-0.9758908723610552,0.8025079894660395,0.6963102586624256,-0.2686123750318193,0.1086278481805215,0.123320999541566,0.6355925925925926,0.1867065608865858,0.7849554532800856,0.9361773054727678,0.0318608891386554,0.3197571265557792,-0.00299008536289,0.1563365321905586,0.0779696294337779,0.1856220667081761,benefit,0.8422303175597075,0.2209410891207663,True,7.8,1.0,0.0,-0.8871612303074732,-0.9758908723610552,0.17475025490226329,True,True,0.1484113850122052,True,True,0.2591254567855866,True,True,0.1985916414252148,True,True,0.23159123986705496,True,True,0.06463816654925167,True,True
square,0.3,34,0.1857068431711748,benefit,0.6490309266453227,0.5439734021806004,0.1690574988953251,0.2173298074282892,-0.9685011443660884,-0.1735306495169967,50,1.465165046029124,1.279458202857949,0.1857068431711748,1.3954555746781554,1.2550524708073885,-10.061452791361598,0.0490635734129644,0.0524918345739503,6.98738579854481,2.2693515084504403,0.05,0.0106931216931216,-0.0393068783068783,3.0910904402547605,3.6320256537240434,0.6490309266453227,0.5439734021806004,-0.1735306495169967,0.1690574988953251,0.2173298074282892,-0.9685011443660884,0.6490309266453227,0.5439734021806004,-0.1735306495169967,0.0916322383943188,0.143736985104938,0.5983544973544973,0.2186833351707758,1.1148661420006392,1.2646856802017874,0.0468495480819632,0.4437403416728089,-0.0050519100324448,0.1690574988953251,0.112051087495104,0.2173298074282892,benefit,0.7778845474306598,0.1857068431711748,True,10.2,1.0,0.0,-0.7551748065705275,-0.9685011443660884,0.2354494749198803,True,True,0.1939636327444915,True,True,0.24314345052425007,True,True,0.26826837280823895,True,True,0.22885199975493256,True,True,0.22255195407010087,True,True
square,0.3,44,0.2177778776285504,benefit,0.6655003753971179,0.4724869728488658,0.1395429485451856,0.178668107014195,-0.973680613231756,-0.193757982688505,50,1.8440587321497932,1.626280854521243,0.2177778776285504,1.7640820384427314,1.5542025075081367,-11.897379280600228,0.0541887191406736,0.052487653424097,-3.1391509958545,2.734838136304008,0.05,0.0261798941798941,-0.0238201058201058,2.574935318664741,3.4061963253661736,0.6655003753971179,0.4724869728488658,-0.193757982688505,0.1395429485451856,0.178668107014195,-0.973680613231756,0.6655003753971179,0.4724869728488658,-0.193757982688505,0.0653459728357163,0.1592432847276114,0.5135132275132275,0.1797664734140842,1.4162563651456546,1.6179121085263424,0.0223580698679115,0.1686832510563534,-0.0010047406809859,0.1395429485451856,0.0913514715218513,0.178668107014195,benefit,0.7810176694451575,0.2177778776285504,True,13.2,1.0,0.0,-0.7444982513060624,-0.973680613231756,0.3107732943318235,True,True,0.18878618589100082,True,True,0.2798114846486522,True,True,0.21983132832178165,True,True,0.26066367664052176,True,True,0.24733179487833773,True,True
square,0.3,56,0.4463412388936647,benefit,0.6142111552880802,0.4955769761235188,0.1378131561032911,0.169039299707392,-0.9753797178307116,-0.3157739765807617,50,2.518916631965256,2.0725753930715918,0.4463412388936647,2.3255445872457043,1.9815769794464024,-14.790841237171785,0.0709935768047213,0.0589681459493094,-16.938758964519053,3.4559655321711418,0.05,0.014047619047619,-0.0359523809523809,2.502149282960019,3.587244163964782,0.6142111552880802,0.4955769761235188,-0.3157739765807617,0.1378131561032911,0.169039299707392,-0.9753797178307116,0.6142111552880802,0.4955769761235188,-0.3157739765807617,0.0678213046409087,0.1864303714474524,0.5205343915343916,0.1700770639642526,1.832317820180016,2.044882870027601,0.094205830373615,0.5706155049183868,-0.0013518000875116,0.1378131561032911,0.0784671671850143,0.169039299707392,benefit,0.8152728764318781,0.4463412388936647,True,16.8,1.0,0.0,-1.011739714306738,-0.9753797178307116,0.39787321663217856,True,True,0.20132677231190713,True,True,0.28097748370489045,True,True,0.15620032624093685,True,True,0.2605565743932514,True,True,0.2578803213318573,True,True
square,0.3,68,0.4313136064188256,benefit,0.5603300814045966,0.4906600906510983,0.1210363274678724,0.1516921739791464,-0.9780623667172836,-0.2757009475525309,50,3.180279454418253,2.7489658479994272,0.4313136064188256,2.9581581043494727,2.556726419264685,-13.570325551376524,0.0777029869564202,0.0733239800147499,-5.635570926082751,4.745379309303255,0.05,0.0119682539682539,-0.038031746031746,2.8397376354563684,3.900594327448592,0.5603300814045966,0.4906600906510983,-0.2757009475525309,0.1210363274678724,0.1516921739791464,-0.9780623667172836,0.5603300814045966,0.4906600906510983,-0.2757009475525309,0.0587571080107654,0.200486497116356,0.4911375661375661,0.1526066225718118,2.3875420156886906,2.6647546096196693,0.2567025268095795,0.990783116425279,-0.0159971903968999,0.1210363274678724,0.075082291879379,0.1516921739791464,benefit,0.7979075274095139,0.4313136064188256,True,20.4,1.0,0.0,-0.9251911500179697,-0.9780623667172836,0.4907977862597619,True,True,0.2172683710852024,True,True,0.2699668842008823,True,True,0.16786327749977756,True,True,0.2507566442370702,True,True,0.16922662289280727,True,True
square,0.4,0,-0.0205682830318547,harm_cost_dominance,0.5114317718738237,0.3722950920662194,0.5214404178043496,0.57502213403956,-0.9953762458687864,-0.6916291668011071,50,0.2687781854176363,0.289346468449491,-0.0205682830318547,0.161384297645732,0.2803414486237296,73.71048652973238,0.0119961943322298,0.0385143282765118,221.05455453339843,0.486675919865037,0.05,0.098026455026455,0.048026455026455,3.808805612862617,4.153709263395573,0.5114317718738237,0.3722950920662194,-0.6916291668011071,0.5214404178043496,0.57502213403956,-0.9953762458687864,0.5114317718738237,0.3722950920662194,-0.6916291668011071,0.1943001413892558,0.0663727948697672,0.610042328042328,0.5877853187928044,0.2333043933467017,0.2893675314695266,0.0001099625090649,0.0085203787911672,1.8340345922725564e-05,0.5214404178043496,0.2232741589047199,0.57502213403956,harm_cost_dominance,0.9068179934923497,-0.0205682830318547,False,0.0,1.0,0.0,3.746493268936464,-0.9953762458687864,-0.055753942229303965,False,True,0.23636763229196694,True,False,-0.3306035182481243,False,True,0.37670496699175116,True,False,-0.35703361672112044,False,True,0.020852730903253763,True,False
square,0.4,8,0.1980386619060679,benefit,0.4705268374297895,0.3164926106295092,0.4940996489309072,0.5323598453230688,-0.9949580949947534,-0.6811821157262539,50,0.5083178559380785,0.3102791940320106,0.1980386619060679,0.4807851028315113,0.2683031419135418,-44.19478882896893,0.0218395362157239,0.0353816001329497,62.00710391851575,0.9813092111034908,0.05,0.0006190476190476,-0.0493809523809523,5.243001507190479,10.9066875084377,0.4705268374297895,0.3164926106295092,-0.6811821157262539,0.4940996489309072,0.5323598453230688,-0.9949580949947534,0.4705268374297895,0.3164926106295092,-0.6811821157262539,0.1570203394895015,0.0648051508739089,0.5635820105820106,0.5440048797123872,0.2453373614954129,0.3098761673985372,0.0013395296097571,0.0540703221130087,-0.0001384745528452,0.4940996489309072,0.1895750719607638,0.5323598453230688,benefit,0.9281309499031223,0.1980386619060679,True,3.2,1.0,0.0,-1.54474741266292,-0.9949580949947534,0.036195404174823614,True,True,0.24598054740243208,True,True,0.5359517669636613,True,True,0.31359009500370183,True,True,0.509398559479225,True,True,0.03813710527893391,True,True
square,0.4,18,0.3786901251517595,benefit,0.6007336044769199,0.4115126718507778,0.3163937335033898,0.3532886804049935,-0.9925907645482372,-0.4958478914584313,50,0.8440489093864306,0.4653587842346711,0.3786901251517595,0.7960092953703086,0.4564748333711785,-42.654585062445776,0.0373642229289309,0.0328334040656228,-12.126088830496332,1.642988617008018,0.05,0.0006084656084656,-0.0493915343915343,4.953446443416969,13.672082204199668,0.6007336044769199,0.4115126718507778,-0.4958478914584313,0.3163937335033898,0.3532886804049935,-0.9925907645482372,0.6007336044769199,0.4115126718507778,-0.4958478914584313,0.1282731607368094,0.075572821194711,0.5275396825396824,0.3603977519926598,0.3521728498059366,0.4611126502262949,0.0092519620103135,0.1618600542038689,-0.001267024794284,0.3163937335033898,0.1335986324013031,0.3532886804049935,benefit,0.8955671411260484,0.3786901251517595,True,7.2,1.0,0.0,-1.9347410411264816,-0.9925907645482372,0.16025987570014627,True,True,0.2060072343735706,True,True,0.4936032621162115,True,True,0.22482561333776144,True,True,0.46638400852514306,True,True,-0.025041941520332317,False,False
square,0.4,26,0.456528497795597,benefit,0.3685797857335058,0.2019414377567962,0.4532269482840835,0.5369901883323746,-0.9897588846850138,-0.5304903344062109,50,1.172517498680829,0.7159890008852323,0.456528497795597,1.154343743578475,0.703937777959768,-39.01835723751182,0.05046172103384,0.0429426136183223,-14.900616271740482,1.786860998532215,0.05,0.0117671957671957,-0.0382328042328042,2.8134099915777497,7.679059742281663,0.3685797857335058,0.2019414377567962,-0.5304903344062109,0.4532269482840835,0.5369901883323746,-0.9897588846850138,0.3685797857335058,0.2019414377567962,-0.5304903344062109,0.0904688186051271,0.0894339067527527,0.5625820105820106,0.5482161085047913,0.5617745852506117,0.7088340370242987,0.0168017209840996,0.2118446092637281,-0.0019035835709389,0.4532269482840835,0.240103936000622,0.5369901883323746,benefit,0.844013462686791,0.456528497795597,True,10.4,1.0,0.0,-1.7505373647318239,-0.9897588846850138,0.2610077499547097,True,True,0.27234242153330696,True,True,0.5158025373840323,True,True,0.39781299303537193,True,True,0.4840441419745298,True,True,0.3506771448062148,True,True
square,0.4,34,0.5726328558251526,benefit,0.2858760363519326,0.1604812794299273,0.4851403118384002,0.6064430318481788,-0.9871361675801424,-0.4805994679526101,50,1.4647548674988329,0.8921220116736801,0.5726328558251526,1.395991906526269,0.8717864607622022,-37.55075106904475,0.0490663271231938,0.047937677108609,-2.3002537192728,2.270769717124857,0.05,0.0067566137566137,-0.0432433862433862,3.090773603726064,7.8259406881210785,0.2858760363519326,0.1604812794299273,-0.4805994679526101,0.4851403118384002,0.6064430318481788,-0.9871361675801424,0.2858760363519326,0.1604812794299273,-0.4805994679526101,0.0777601931591852,0.089055295303237,0.5812275132275133,0.6189127290765655,0.7032018587779517,0.8834520938972885,0.0210029641166291,0.217373465851522,-0.0037806800690899,0.4851403118384002,0.3024544024927263,0.6064430318481788,benefit,0.7999767271776546,0.5726328558251526,True,13.600000000000001,1.0,0.0,-1.6726914510464417,-0.9871361675801424,0.3590969272747007,True,True,0.2939467402248381,True,True,0.5090153329262674,True,True,0.5047766322898405,True,True,0.47704503845060064,True,True,0.5178017165844235,True,True
square,0.4,44,0.5192474999904102,benefit,0.2298496206638713,0.1414911419306275,0.4109847870411381,0.5751539302935627,-0.9896219910959506,-0.196120849635573,50,1.8366662008633368,1.3174187008729266,0.5192474999904102,1.7584252835024352,1.2657642047790612,-28.017174419933863,0.0541097837389433,0.049555546402626,-8.416661501005784,2.722825554095263,0.05,0.0181481481481481,-0.0318518518518518,2.5774737780284203,5.067917794147651,0.2298496206638713,0.1414911419306275,-0.196120849635573,0.4109847870411381,0.5751539302935627,-0.9896219910959506,0.2298496206638713,0.1414911419306275,-0.196120849635573,0.0574729304304594,0.1023162522726636,0.5448148148148148,0.5872922337016756,1.1242492026837771,1.311537250553543,0.0128726522772285,0.0823840310336359,-0.0012848961003687,0.4109847870411381,0.3379472433910952,0.5751539302935627,benefit,0.7145648588903044,0.5192474999904102,True,17.6,1.0,0.0,-1.3280252689183587,-0.9896219910959506,0.48642910673851725,True,True,0.3107108460634299,True,True,0.4477853905494157,True,True,0.59290702932715,True,True,0.41737781704945065,True,True,0.7602304875415368,True,True
square,0.4,56,0.8843270271079917,benefit,0.1820598373462431,0.1114288901355755,0.4240822868814002,0.5802226529126484,-0.991489497020618,-0.2660497606455953,50,2.5004936145921697,1.616166587484178,0.8843270271079917,2.308495746207128,1.5466835693114849,-33.0003716986256,0.0705533355131691,0.0500982065725083,-28.992433584593336,3.440108890129263,0.05,0.0037037037037037,-0.0462962962962963,2.5161831599780355,5.441580401052677,0.1820598373462431,0.1114288901355755,-0.2660497606455953,0.4240822868814002,0.5802226529126484,-0.991489497020618,0.1820598373462431,0.1114288901355755,-0.2660497606455953,0.0470957270975709,0.1048830008242898,0.5156190476190476,0.5925681699282895,1.4080672436853094,1.6065419175767008,0.0303418567834479,0.2488796758257628,-0.0026535109782345,0.4240822868814002,0.3355013545190056,0.5802226529126484,benefit,0.7308957772534852,0.8843270271079917,True,22.400000000000002,1.0,0.0,-1.717103625913289,-0.991489497020618,0.6196383740150294,True,True,0.31540353681108324,True,True,0.47651525484305346,True,True,0.5578343105205346,True,True,0.44449126289851915,True,True,0.7351292608336876,True,True
square,0.4,68,1.0704884560944523,benefit,0.0896663490112043,0.0268851015158315,0.4431171602457515,0.5886905367788199,-0.9908272824989376,-0.3488265412977357,50,3.172198627539196,2.1017101714447435,1.0704884560944523,2.94941355765092,2.0125565331918964,-31.76417976476896,0.0775243040535887,0.057059531540489,-26.39787968775492,4.751976677041263,0.05,0.0027671957671957,-0.0472328042328042,2.861095601853804,5.687850407444252,0.0896663490112043,0.0268851015158315,-0.3488265412977357,0.4431171602457515,0.5886905367788199,-0.9908272824989376,0.0896663490112043,0.0268851015158315,-0.3488265412977357,0.0107663745212529,0.0723573852700486,0.4935132275132274,0.6011980973088552,1.835591160442137,2.0725980518648237,0.0972878984284722,0.5799748171494927,-0.0024465666448654,0.4431171602457515,0.3247105901770782,0.5886905367788199,benefit,0.7527166355852001,1.0704884560944523,True,27.200000000000003,1.0,0.0,-1.6720708847147288,-0.9908272824989376,0.7513570879415925,True,True,0.33290580419426236,True,True,0.4808987683134941,True,True,0.519365569504308,True,True,0.44700644379728194,True,True,0.8319268987439316,True,True
zigzag,0.2,0,0.2256546141852722,benefit,-0.0704216789215529,0.0484515482308833,0.0124617469106361,0.014948439761153,-0.9932400649942608,0.282383682465684,50,1.7122836988221832,1.486629084636911,0.2256546141852722,0.8538741574184123,0.7993524721933397,-6.38521317823327,0.0429053853960784,0.0471671996184667,9.933051953609594,2.9207846114792893,0.05,0.0047566137566137,-0.0452433862433862,3.346306462670438,4.201165267358529,-0.0704216789215529,0.0484515482308833,0.282383682465684,0.0124617469106361,0.014948439761153,-0.9932400649942608,-0.0704216789215529,0.0484515482308833,0.282383682465684,0.0007157334688299,-0.0002878932837291,0.1365238095238095,0.0149701621368621,1.271121933348024,1.4863787082449127,2.9325245479088304e-05,0.00518769374153,-2.53210688846957e-07,0.0124617469106361,0.005368823612372,0.014948439761153,benefit,0.833648668952542,0.2256546141852722,True,0.0,1.0,0.0,-0.6749358581988532,-0.9932400649942608,-0.002753986267515024,False,False,0.4103080472898607,True,True,0.3306627191675109,True,True,0.025319983612219432,True,True,0.3108863698183716,True,True,-0.043151815233158586,False,False
zigzag,0.2,8,0.0409797725828029,benefit,0.7992953768025609,0.7320596904773062,0.0235579780050145,0.0271367169763986,-0.99376087363696,0.2481134962332884,50,1.5258798161187577,1.4849000435359547,0.0409797725828029,0.9542520304601304,0.931670478475632,-2.366413826081767,0.0491616348320945,0.0484193073325119,-1.5099731774641738,2.614985304830176,0.05,0.0363756613756613,-0.0136243386243386,3.7699140216558473,3.661555936521475,0.7992953768025609,0.7320596904773062,0.2481134962332884,0.0235579780050145,0.0271367169763986,-0.99376087363696,0.7992953768025609,0.7320596904773062,0.2481134962332884,0.0172471304507005,0.0105810361210001,0.2978941798941799,0.027177744131365,1.2550276414398431,1.484713831036047,0.000197099782,0.0130963362784817,-1.0187791442660732e-06,0.0235579780050145,0.0103766819211822,0.0271367169763986,benefit,0.8681218890492638,0.0409797725828029,True,1.6,1.0,0.0,-0.3640210665107481,-0.99376087363696,0.03644816622043445,True,True,0.15216372012694285,True,True,0.13685281611333872,True,True,0.06737579717800082,True,True,0.12154156716439085,True,True,0.04278538996709641,True,True
zigzag,0.2,18,0.0639781780287427,benefit,0.6673644453107522,0.8065764116758171,0.0338877453905363,0.0388145199238011,-0.9941929549372897,-0.0669324093891158,50,1.6388350964004963,1.5748569183717536,0.0639781780287427,1.2582716870773984,1.1616256128578242,-7.680859007801278,0.0857480006249419,0.0781178815637481,-8.898305506245777,2.9218939317905703,0.05,0.0477619047619047,-0.0022380952380952,4.362362308411728,4.230022308431227,0.6673644453107522,0.8065764116758171,-0.0669324093891158,0.0338877453905363,0.0388145199238011,-0.9941929549372897,0.6673644453107522,0.8065764116758171,-0.0669324093891158,0.0272400072161232,0.0217653135773728,0.4260317460317461,0.0388712258717999,1.2809448620653745,1.5716507477907,0.0192070120001679,0.3244525201795074,-0.0003218804826051,0.0338877453905363,0.0140026619517848,0.0388145199238011,benefit,0.8730687757104846,0.0639781780287427,True,3.6,1.0,0.0,-0.4756668155329985,-0.9941929549372897,0.0629881788757074,True,True,0.19000652042246097,True,True,0.12512828283756308,True,True,0.05221016333712816,True,True,0.10146427075701833,True,True,0.10109706765029877,True,True
zigzag,0.2,26,0.1333456645766508,benefit,0.8533359642138408,0.8839898726623084,0.0717181383215509,0.0842161504108784,-0.9922778509187498,-0.1537031746074162,50,1.9790302110500853,1.8456845464734344,0.1333456645766508,1.9171099401195897,1.7207096041940966,-10.244604746723036,0.2460773285854001,0.1730284826177576,-29.68532143423132,4.10568579745838,0.05,0.0139417989417989,-0.036058201058201,5.3476135788274135,5.486996422672522,0.8533359642138408,0.8839898726623084,-0.1537031746074162,0.0717181383215509,0.0842161504108784,-0.9922778509187498,0.8533359642138408,0.8839898726623084,-0.1537031746074162,0.0635077094702642,0.0871208465671125,0.6642328042328043,0.0843548073218937,1.516483827014692,1.8253062658339232,0.1030580492705351,1.2221719933458788,-0.0035137439396001,0.0717181383215509,0.032262046727583,0.0842161504108784,benefit,0.8515960177566522,0.1333456645766508,True,5.2,1.0,0.0,-0.9502350825548053,-0.9922778509187498,0.08266947804564981,True,True,0.13487521047311468,True,True,0.1383294197889439,True,True,0.16709222289325096,True,True,0.12527941530751524,True,True,0.28241175830867415,True,True
zigzag,0.2,34,0.1391951286727062,benefit,0.9537230767445444,0.9483560259617724,0.0646325899986136,0.0804612511636838,-0.9938000158653696,-0.1711710185465271,50,2.182126691745091,2.042931563072385,0.1391951286727062,2.1077239593734216,1.9754292014468184,-6.276664329700406,0.257892291747257,0.2539532657380048,-1.527391913325321,4.154457571916402,0.05,0.0435978835978836,-0.0064021164021164,4.940994312503227,5.347302248366202,0.9537230767445444,0.9483560259617724,-0.1711710185465271,0.0646325899986136,0.0804612511636838,-0.9938000158653696,0.9537230767445444,0.9483560259617724,-0.1711710185465271,0.0612905337291236,0.1090295230786398,0.6667989417989417,0.0805889959755915,1.6788365097985252,1.982770372013655,0.2031607192802315,1.3840200179004831,-0.0022058696990802,0.0646325899986136,0.0341635737804234,0.0804612511636838,benefit,0.8032759752433759,0.1391951286727062,True,6.800000000000001,1.0,0.0,-0.4236499866329744,-0.9938000158653696,0.10421499496959098,True,True,0.10502869196602946,True,True,0.09219598507532223,True,True,0.21519409508840778,True,True,0.07338061898816275,True,True,0.14131633305960403,True,True
zigzag,0.2,44,0.1963546264493954,benefit,0.9562170362020784,0.8941881829429087,0.0601975505416209,0.0797824232380185,-0.993754503376445,-0.0057632008943753,50,2.525802032878109,2.3294474064287134,0.1963546264493954,2.41467593847784,2.230815612473116,-7.614285754656986,0.2813695015417121,0.2758264534501166,-1.9700244913552292,3.963648202529684,0.05,0.0562962962962962,0.0062962962962962,4.06526113471233,4.5811380299487805,0.9562170362020784,0.8941881829429087,-0.0057632008943753,0.0601975505416209,0.0797824232380185,-0.993754503376445,0.9562170362020784,0.8941881829429087,-0.0057632008943753,0.0538165059965319,0.1267971440697408,0.6213597883597884,0.0799124732834363,1.9260094719974148,2.232199971046393,0.2995607155313463,1.769860688162754,-0.0121923758250553,0.0601975505416209,0.0408974310383068,0.0797824232380185,benefit,0.7545214609648583,0.1963546264493954,True,8.8,1.0,0.0,-0.36354582482741565,-0.993754503376445,0.12915986857901984,True,True,0.10287356342540149,True,True,0.11683760557992426,True,True,0.2792734470319852,True,True,0.09353780294987292,True,True,0.1114235115293058,True,True
zigzag,0.2,56,0.2054057451403257,benefit,0.9457230240856346,0.8559605411622394,0.0532957521150158,0.080647510098667,-0.993973750136712,0.1033083716710088,50,2.910098685171932,2.704692940031606,0.2054057451403257,2.741090118487301,2.572800519894916,-6.139513526289901,0.294256105435542,0.278209885073547,-5.453147807482094,4.431952963567496,0.05,0.0388412698412698,-0.0111587301587301,3.1296634013688585,3.850667854522359,0.9457230240860224,0.8559605411627291,0.1033083716857954,0.0532957521152861,0.080647510098667,-0.993973750136712,0.9457230240860224,0.8559605411627291,0.1033083716857954,0.0456154284680139,0.1356911622960414,0.5947989417989418,0.0807854609119617,2.241597116538477,2.577398641447991,0.40664706327175,2.0571903208107822,-0.0169406399091435,0.0532957521152861,0.0507108841175141,0.080647510098667,benefit,0.6608480788733757,0.2054057451403257,True,11.200000000000001,1.0,0.0,-0.48125196453468433,-0.993973750136712,0.16043726748598267,True,True,0.10583058477609679,True,True,0.12637978518354426,True,True,0.3951986140025334,True,True,0.10805294973538966,True,True,0.04336671597582506,True,True
zigzag,0.2,68,-0.0074532516577736,harm_or_neutral_unclear,0.7614247628727484,0.6323212734683789,0.0536668879297389,0.0861865138691113,-0.99375313166719,0.4479189947973397,50,2.69084715591886,2.698300407576633,-0.0074532516577736,2.5249190857314097,2.58635652755608,2.433243986781028,0.3142812201259407,0.2860098204653817,-8.99557397961605,4.464307361223292,0.05,0.0564021164021164,0.0064021164021164,3.8053456132299055,3.775178810175823,0.7614247628727484,0.6323212734683789,0.4479189947973397,0.0536668879297389,0.0861865138691113,-0.99375313166719,0.7614247628727484,0.6323212734683789,0.4479189947973397,0.0339539074652675,0.1009298861328681,0.5408518518518518,0.0863370946232201,2.2359313473646587,2.595379109873931,0.3048008746602942,1.611837542964268,-0.0087239188531959,0.0536668879297389,0.0553022553401466,0.0861865138691113,harm_or_neutral_unclear,0.6226831266271936,-0.0074532516577736,False,13.600000000000001,1.0,0.0,-0.10036342595355843,-0.99375313166719,0.2163592550787927,True,False,0.16377506637490746,True,False,0.13640853110211493,True,False,0.5421712435150476,True,False,0.11857716187798806,True,False,0.20591219975038028,True,False
zigzag,0.3,0,0.2169308451956277,benefit,-0.0379605619650619,-0.1359915461021452,0.0223896915394629,0.0295990518690904,-0.9923080319960949,-0.3215554784439417,50,1.812023593254065,1.5950927480584371,0.2169308451956277,0.922403593868636,0.861553071410238,-6.596952013502043,0.0447803883229142,0.0470022812380107,4.961754460512348,3.03605163078977,0.05,0.0096137566137566,-0.0403862433862433,3.02992111922936,3.814216419498083,-0.0379605619650619,-0.1359915461021452,-0.3215554784439417,0.0223896915394629,0.0295990518690904,-0.9923080319960949,-0.0379605619650619,-0.1359915461021452,-0.3215554784439417,-0.0026019047627523,-0.0003339525872125,0.1475185185185185,0.0297504095346301,1.4012345093084766,1.5948187748884557,1.9487290883488464e-05,0.0025012851396531,4.273392757073345e-06,0.0223896915394629,0.0136653988755796,0.0295990518690904,benefit,0.7564327275660983,0.2169308451956277,True,0.0,1.0,0.0,-0.6711533056225525,-0.9923080319960949,-0.026479731074495777,False,False,0.4002078402001177,True,True,0.4043085993735509,True,True,0.038540124270947246,True,True,0.38595299096462965,True,True,0.051411723182745644,True,True
zigzag,0.3,8,0.0074154402265502,benefit,0.5877300818907147,0.5702379532326615,0.0332747071858304,0.0373777953314567,-0.9928663208028076,0.0974480645812816,50,1.5362627945718377,1.5288473543452872,0.0074154402265502,0.9739643972261546,0.938721350571422,-3.6185148815570938,0.0495157630011493,0.0485752315689619,-1.8994586272387928,2.703434466783664,0.05,0.0552962962962962,0.0052962962962962,3.823285243679464,3.9246426132948633,0.5877300818907147,0.5702379532326615,0.0974480645812816,0.0332747071858304,0.0373777953314567,-0.9928663208028076,0.5877300818907147,0.5702379532326615,0.0974480645812816,0.0177062644875278,0.0094021619006623,0.2291587301587302,0.0375821999144358,1.2777266161652316,1.528632780294917,0.0004521549487885,0.0182115312105512,-2.159030986820489e-05,0.0332747071858304,0.0130779077292399,0.0373777953314567,benefit,0.8902265874663984,0.0074154402265502,True,2.4,1.0,0.0,-0.25048070607636763,-0.9928663208028076,0.041804163506989955,True,True,0.21374120311508857,True,True,0.17533292948742324,True,True,0.03152186155295053,True,True,0.1528207658592482,True,True,0.0006338658766552596,True,True
zigzag,0.3,18,0.1037713793177534,benefit,0.2668827272192999,0.4088475776246293,0.086597604998221,0.1016391722602388,-0.9857826448934354,0.0700814398138487,50,1.6717440323461903,1.5679726530284368,0.1037713793177534,1.2886703956225063,1.1884693060830245,-7.775540578861614,0.0882343146139144,0.0754750170692943,-14.460697745889576,3.0394540891721062,0.05,0.0453703703703703,-0.0046296296296296,4.2893678565078615,4.328967374343741,0.2668827272192999,0.4088475776246293,0.0700814398138487,0.086597604998221,0.1016391722602388,-0.9857826448934354,0.2668827272192999,0.4088475776246293,0.0700814398138487,0.0270730122697094,0.0058360853732576,0.3470529100529101,0.1022190647018183,1.252840672556396,1.5656561880000093,0.0159161644613367,0.3204519168036699,-0.0005814210117115,0.086597604998221,0.0439000575270772,0.1016391722602388,benefit,0.852010136167214,0.1037713793177534,True,5.3999999999999995,1.0,0.0,-0.5307018649634243,-0.9857826448934354,0.11577720356161411,True,True,0.30802566697897166,True,True,0.2320258192080645,True,True,0.14236745436391982,True,True,0.2051740485176494,True,True,0.07976229962649714,True,True
zigzag,0.3,26,0.2647130997676798,benefit,0.5759805175864046,0.5840006425680199,0.123239981808716,0.1490681419507954,-0.9796716221771482,-0.1699755781371504,50,1.9797349922968024,1.7150218925291227,0.2647130997676798,1.9145635864122623,1.5409081391017438,-19.5164814562531,0.244521628779854,0.1291421929048677,-47.18577920908256,4.098440784108645,0.05,0.0061005291005291,-0.0438994708994709,5.3206204190185975,6.290450897525963,0.5759805175864046,0.5840006425680199,-0.1699755781371504,0.123239981808716,0.1490681419507954,-0.9796716221771482,0.5759805175864046,0.5840006425680199,-0.1699755781371504,0.0710491397254129,0.0838782986953077,0.4975449735449736,0.1499453360689537,1.3759267781843345,1.7011171707966335,0.0728312509252235,1.009141630678865,-0.0035771029067854,0.123239981808716,0.0673202808529339,0.1490681419507954,benefit,0.8267358819604022,0.2647130997676798,True,7.8,1.0,0.0,-1.397199898638695,-0.9796716221771482,0.1742574983414346,True,True,0.2144528734430849,True,True,0.2759837266959074,True,True,0.17542280970209762,True,True,0.2582798455109756,True,True,0.11507349214809351,True,True
zigzag,0.3,34,0.2384596072021687,benefit,0.5983443679506648,0.5306412822260674,0.1476937022882378,0.1840222221429922,-0.9738839881140054,-0.232453093749624,50,2.1809923759610226,1.9425327687588536,0.2384596072021687,2.1059143760332835,1.8771623639476256,-10.862360535114826,0.2619118291893168,0.2294257035354168,-12.403458734310975,4.196133348798447,0.05,0.0303756613756613,-0.0196243386243386,4.982659505628083,5.663707738240084,0.5983443679506648,0.5306412822260674,-0.232453093749624,0.1476937022882378,0.1840222221429922,-0.9738839881140054,0.5983443679506648,0.5306412822260674,-0.232453093749624,0.0779432574777395,0.1274563411979176,0.5277989417989418,0.185170557134552,1.6103945324660012,1.8996805171154512,0.1600699402656511,1.3304493295155584,-0.0028170093949847,0.1476937022882378,0.0867077419096592,0.1840222221429922,benefit,0.802586234246599,0.2384596072021687,True,10.2,1.0,0.0,-0.7336795510593745,-0.9738839881140054,0.23488828143833962,True,True,0.20819772544764908,True,True,0.23963693378404421,True,True,0.2070901482736002,True,True,0.21917380721810437,True,True,0.13693867457551878,True,True
zigzag,0.3,44,0.2779905567840508,benefit,0.7023565044047076,0.6026247077771374,0.1223812711415293,0.1636459782645064,-0.978781056923522,-0.1538257428452744,50,2.5027081787759617,2.224717621991911,0.2779905567840508,2.396223140757201,2.1430670065727515,-10.564797988902932,0.2756237166461445,0.2529054199147518,-8.242504312673818,4.004228116631626,0.05,0.0489841269841269,-0.001015873015873,4.0894119852159445,4.722220467791959,0.7023565044047076,0.6026247077771374,-0.1538257428452744,0.1223812711415293,0.1636459782645064,-0.978781056923522,0.7023565044047076,0.6026247077771374,-0.1538257428452744,0.0731725798436612,0.1606251917782494,0.5265978835978836,0.1646546825821212,1.852210317971113,2.143703867659778,0.2642243079076562,1.7205392099496195,-0.0131589497234674,0.1223812711415293,0.0872903767739876,0.1636459782645064,benefit,0.7478416056334276,0.2779905567840508,True,13.2,1.0,0.0,-0.5490454475526062,-0.978781056923522,0.3099391810112857,True,True,0.1772473039985209,True,True,0.21715988259596264,True,True,0.27114120187736923,True,True,0.19203467160154292,True,True,0.11834099330094096,True,True
zigzag,0.3,56,0.2950416149615664,benefit,0.7750837230984183,0.6411574065918382,0.1061403787650394,0.1584625104821337,-0.9794700275864452,0.0230889866352148,50,2.9153537280747432,2.620312113113177,0.2950416149615664,2.746390954189879,2.487773901140111,-9.4166146540473,0.2962041310038253,0.2779366551339706,-6.167191459445625,4.431219930877391,0.05,0.0359365079365079,-0.014063492063492,3.116944230862248,4.251862780547409,0.7750837230984183,0.6411574065918382,0.0230889866352148,0.1061403787650394,0.1584625104821337,-0.9794700275864452,0.7750837230984183,0.6411574065918382,0.0230889866352148,0.0678397033461497,0.1927456354466524,0.5181640211640212,0.1594239851374805,2.161763528222635,2.491239652345781,0.4007899724072809,2.034691039525855,-0.0281356391154193,0.1061403787650394,0.1003326747087757,0.1584625104821337,benefit,0.6698138155291733,0.2950416149615664,True,16.8,1.0,0.0,-0.6080992760004136,-0.9794700275864452,0.401457276961877,True,True,0.15545098758731374,True,True,0.20768345660300036,True,True,0.3662924737017911,True,True,0.18632081608482998,True,True,-0.010917758540056305,False,False
zigzag,0.3,68,-0.16314180191375,harm_or_neutral_unclear,0.6974392524159718,0.5784489329877196,0.1045074833181969,0.1592736978451943,-0.9799106060562917,0.1660349698155245,50,2.693177671110744,2.8563194730244934,-0.16314180191375,2.527218414747725,2.7016408099583678,6.901753888493417,0.3140382754060716,0.2942256728413073,-6.3089769994062825,4.453551189804678,0.05,0.0755661375661375,0.0255661375661375,3.763920262701419,3.376347698856724,0.6974392524159718,0.5784489329877196,0.1660349698155245,0.1045074833181969,0.1592736978451943,-0.9799106060562917,0.6974392524159718,0.5784489329877196,0.1660349698155245,0.0599583332167545,0.1874527326756705,0.4983121693121694,0.1602456292088204,2.3333599346931537,2.712012589369148,0.417534195694792,1.9473089563510544,-0.0221318707239177,0.1045074833181969,0.1007319089095056,0.1592736978451943,harm_or_neutral_unclear,0.6561502918022067,-0.16314180191375,False,20.4,1.0,0.0,0.2061693474723555,-0.9799106060562917,0.5148249050770536,True,False,0.18404747338559369,True,False,0.1204654079204839,True,False,0.4463396073281232,True,False,0.10087264115561684,True,False,0.12139111615381522,True,False
zigzag,0.4,0,0.2335767334121188,benefit,0.3473390776052986,0.2987512922960619,0.1176299263361239,0.138584514821345,-0.993715779592431,-0.5880132819268792,50,1.7750086956679283,1.5414319622558097,0.2335767334121188,0.8880420487806749,0.8641676860426286,-2.6884270593718065,0.0439200327662102,0.0475825617540152,8.339085280781768,3.00379785967792,0.05,0.0079629629629629,-0.042037037037037,3.104995580109548,4.03205276589128,0.3473390776052986,0.2987512922960619,-0.5880132819268792,0.1176299263361239,0.138584514821345,-0.993715779592431,0.3473390776052986,0.2987512922960619,-0.5880132819268792,0.0349901249513781,0.0137462263010303,0.1954550264550264,0.1412671767433927,1.3288025269957395,1.541127989331309,5.60003047640527e-05,0.0053184872581319,7.3996939021911344e-06,0.1176299263361239,0.0624206526562098,0.138584514821345,benefit,0.8487955994716774,0.2335767334121188,True,0.0,1.0,0.0,-0.5465424718517405,-0.993715779592431,-0.07802454366322101,False,False,0.2817378345396686,True,True,0.2537439545698645,True,True,0.029426442905743838,True,True,0.239923783100648,True,True,0.03706788575761685,True,True
zigzag,0.4,8,0.0183671591181646,benefit,0.3780926343994689,0.3021195915862623,0.0891853609812459,0.1027002723474994,-0.9954577490902184,-0.3702921032828872,50,1.5197981137954395,1.501430954677275,0.0183671591181646,0.9773702670754716,0.9494383720506868,-2.857862159889012,0.0497507149300595,0.0486906650071635,-2.130722994362765,2.685309249531332,0.05,0.0603386243386243,0.0103386243386243,3.7565697873405934,3.977830565930569,0.3780926343994689,0.3021195915862623,-0.3702921032828872,0.0891853609812459,0.1027002723474994,-0.9954577490902184,0.3780926343994689,0.3021195915862623,-0.3702921032828872,0.0258008762153173,0.0160048047735638,0.2328306878306878,0.1045358225364489,1.2293219633749182,1.5011592616301508,0.000473736463824,0.0281475859313583,-5.270242170167323e-05,0.0891853609812459,0.0433221314195117,0.1027002723474994,benefit,0.868404327873713,0.0183671591181646,True,3.2,1.0,0.0,-0.18789654922686055,-0.9954577490902184,0.04696537247864421,True,True,0.27563018309105436,True,True,0.24547474111259715,True,True,0.0524662061023794,True,True,0.22084261344635947,True,True,0.01315468194260555,True,True
zigzag,0.4,18,0.101927895465506,benefit,0.2253937843239349,0.2979273276740636,0.1407805982064129,0.1695840662108528,-0.9933495107321328,-0.3102662642599865,50,1.6594820572196085,1.5575541617541022,0.101927895465506,1.2830193226183635,1.1570443573290428,-9.818633520821418,0.0869954240436116,0.0836510032671715,-3.844364014738329,3.03327910925732,0.05,0.0417142857142857,-0.0082857142857142,4.347875947621138,4.365992291810635,0.2253937843239349,0.2979273276740636,-0.3102662642599865,0.1407805982064129,0.1695840662108528,-0.9933495107321328,0.2253937843239349,0.2979273276740636,-0.3102662642599865,0.039768513960544,0.0181381540067805,0.3336666666666666,0.1725267225242511,1.2238892955605114,1.554071569157676,0.019699879354873,0.3330440989327508,-0.0008674958923079,0.1407805982064129,0.0788812898482868,0.1695840662108528,benefit,0.8301522740381917,0.101927895465506,True,7.2,1.0,0.0,-0.5596460322976948,-0.9933495107321328,0.1706753328277083,True,True,0.32079751902608766,True,True,0.2804669281130402,True,True,0.16713637955902289,True,True,0.254079372635341,True,True,0.08591834857458533,True,True
zigzag,0.4,26,0.3870557613435799,benefit,0.1530459153406309,0.0899297970734678,0.2660311926069529,0.342468482182209,-0.9910166588893554,-0.3335849748824032,50,1.9755613739248283,1.5885056125812484,0.3870557613435799,1.910043803898716,1.3342958529767024,-30.14318047295643,0.2436275367042369,0.0883338835595999,-63.74224163852445,4.07383326187002,0.05,0.0017089947089947,-0.0482910052910052,5.285122287711023,7.088762153689519,0.1530459153406309,0.0899297970734678,-0.3335849748824032,0.2660311926069529,0.342468482182209,-0.9910166588893554,0.1530459153406309,0.0899297970734678,-0.3335849748824032,0.021741816077845,0.0373246205187028,0.4011693121693121,0.3491495973040169,1.2393332890166733,1.5815067100574272,0.0397889487198501,0.6359751358980287,-0.0029500070057729,0.2660311926069529,0.1803816011053215,0.342468482182209,benefit,0.7768048928503596,0.3870557613435799,True,10.4,1.0,0.0,-1.8515367286556335,-0.9910166588893554,0.2629965286526552,True,True,0.33585486568663564,True,True,0.4790712457978797,True,True,0.3472916377184244,True,True,0.45350829436999796,True,True,0.3831725169853495,True,True
zigzag,0.4,34,0.4974223743159867,benefit,0.1362638175050024,0.0671636425878001,0.3700785840598301,0.4941680574187847,-0.9880616086715426,-0.3414857339735822,50,2.164452855217359,1.6670304809013723,0.4974223743159867,2.0928025371504857,1.5535330771742566,-25.76781375228209,0.2572709391438456,0.1292888953840255,-49.74601647011717,4.16381801250775,0.05,0.006031746031746,-0.0439682539682539,4.961659094908344,7.130135133098252,0.1362638175050024,0.0671636425878001,-0.3414857339735822,0.3700785840598301,0.4941680574187847,-0.9880616086715426,0.1362638175050024,0.0671636425878001,-0.3414857339735822,0.0250091914154823,0.0594303534012909,0.4778148148148148,0.5039653453831366,1.3408609894022383,1.6456514977963272,0.086077472522765,0.9535957886299808,-0.0048841175620866,0.3700785840598301,0.2722112772239138,0.4941680574187847,benefit,0.7488921602746504,0.4974223743159867,True,13.600000000000001,1.0,0.0,-1.6017781126239299,-0.9880616086715426,0.3611296204063128,True,True,0.33772721245682574,True,True,0.45346856697847543,True,True,0.49934960755551516,True,True,0.42736530629641767,True,True,0.6509737598304774,True,True
zigzag,0.4,44,0.4566103734456908,benefit,0.201377543382693,0.1550583866138559,0.3658706063661205,0.4967231258903972,-0.9902143798593922,-0.3117374072263124,50,2.4960934008216027,2.039483027375912,0.4566103734456908,2.3909832743981205,1.9719485000824888,-17.525625494847503,0.2728575769464781,0.2107604595164661,-22.75806965843025,3.965146066865292,0.05,0.0441111111111111,-0.0058888888888888,4.055418127309689,5.066756581668955,0.201377543382693,0.1550583866138559,-0.3117374072263124,0.3658706063661205,0.4967231258903972,-0.9902143798593922,0.201377543382693,0.1550583866138559,-0.3117374072263124,0.0553453835629697,0.1188390424110145,0.5023492063492063,0.506838898921601,1.6988180896899732,1.9811082978650425,0.1992250446719067,1.3903213590534171,-0.0046483953895055,0.3658706063661205,0.2812082320007534,0.4967231258903972,benefit,0.7365684972076656,0.4566103734456908,True,17.6,1.0,0.0,-0.8844764547768157,-0.9902143798593922,0.48864438507613445,True,True,0.32016841990989614,True,True,0.3663890626110048,True,True,0.5173553142084828,True,True,0.33423618857861537,True,True,0.5502418396303259,True,True
zigzag,0.4,56,0.4948362886143083,benefit,0.2637084104997211,0.1885569320518672,0.3183168207787368,0.4501191962850641,-0.9914750318865962,-0.1884463495647677,50,2.9060505467019424,2.411214258087634,0.4948362886143083,2.742817256254792,2.3054292251967388,-15.946670528649433,0.2929318129812731,0.2469776128011,-15.687678204809414,4.420244718497864,0.05,0.0341904761904761,-0.0158095238095238,3.133378609410414,4.688457327540127,0.2637084104997211,0.1885569320518672,-0.1884463495647677,0.3183168207787368,0.4501191962850641,-0.9914750318865962,0.2637084104997211,0.1885569320518672,-0.1884463495647677,0.059013915709737,0.1665755658425906,0.4873280423280423,0.4592957460454399,1.995995146742624,2.3081272724358426,0.3245794072954936,1.8373411992208808,-0.0179725900648618,0.3183168207787368,0.2684791807933118,0.4501191962850641,benefit,0.707183393654771,0.4948362886143083,True,22.400000000000002,1.0,0.0,-0.875703494172476,-0.9914750318865962,0.6435542954523602,True,True,0.301614020032554,True,True,0.3544748282206672,True,True,0.5220585113705325,True,True,0.32559722415494263,True,True,0.44318946662230674,True,True
zigzag,0.4,68,0.0763075401821939,benefit,0.1912568930668029,0.1216261816540168,0.3132084995175159,0.4583340710405606,-0.990592092383702,-0.0498896109397767,50,2.684374767396709,2.608067227214515,0.0763075401821939,2.5192053212578176,2.4716417736967475,-1.888037753798611,0.3135141855461966,0.2440345242216006,-22.1615686075986,4.425951941921615,0.05,0.0444391534391534,-0.0055608465608465,3.780540454187578,4.04938562846262,0.1912568930668029,0.1216261816540168,-0.0498896109397767,0.3132084995175159,0.4583340710405606,-0.990592092383702,0.1912568930668029,0.1216261816540168,-0.0498896109397767,0.037440851122428,0.1270560046904104,0.4792962962962962,0.4675592955973034,2.127097738237171,2.4790384057798223,0.37359588488772,1.8557794735614013,-0.0245824898165638,0.3132084995175159,0.2850916198696472,0.4583340710405606,benefit,0.6833628990438176,0.0763075401821939,True,27.200000000000003,1.0,0.0,-0.4056550444574494,-0.990592092383702,0.8582995704041614,True,True,0.3319783987630716,True,True,0.2906446028150299,True,True,0.6058910917499247,True,True,0.2685084895457768,True,True,0.6367576025813001,True,True
