intercept,q_coarseness,vote_event,path_event,q_x_vote,q_x_path,vote_x_path
0.15511428944351863,1.8618032640290434,0.05053899435740572,0.4436712068527503,-4.1269213195809735,0.4144212920441951,-0.7351227891857361
0.24206915994760841,1.3941842814876062,-0.06548086796336017,0.4245632626905816,-3.492558530629445,-0.06473787989369144,-0.6112009223352882
0.26528734837048007,1.727845602748446,-0.0643100640883445,0.07330214421197015,-4.156382764940417,0.7927574750019631,-0.3017291545037868
0.13355491318537763,2.4270693639297436,0.10122616074974644,0.033515603138756844,-5.1682678533272695,0.8487039456996393,-0.2811499292591044
0.24106917086445548,1.6386230137221864,0.012822804516137154,0.1375252205610643,-4.369564284574506,2.048643251200329,-0.6460576823225306
0.13518447198969497,1.8570510352238128,0.0671227664087577,0.26797761231979556,-4.13380199011684,1.1905322652024952,-0.5863477420034695
0.26421001814714096,1.7269935038666895,-0.02897365642273697,-0.1239838015737362,-4.465711315129311,1.8473787282356222,-0.2667972941870951
0.1373282223671514,1.9104597557063199,0.0643353436507137,0.23671719206806305,-4.258014935695893,0.18199984315692816,-0.4048081780768775
0.21047504668658318,1.976758545953843,-0.010720140697812353,-0.190211856409548,-4.386229297297085,1.736278820247053,-0.123006191826049
0.3069695967475595,1.4326874114428862,-0.12239964553398142,0.1496585988899586,-3.6584153868827944,0.5309367751409922,-0.35658282934502517
0.2813716257544262,1.2817275509783066,-0.11011137679554506,0.30408289902746116,-3.4569084101937007,0.3897759932473057,-0.4326875531360628
0.09776727934856254,1.9477218466548387,0.08450950694966597,0.6649851396293919,-4.098164545840752,-0.15631097525081455,-0.8384573267086624
0.09886480870209187,1.670663955339796,0.0983476567703192,0.36976222826825156,-3.8537993452287167,1.0810985950524805,-0.7300493468513083
0.033451834993696306,2.5717935787587556,0.17746725990361645,0.6158212093482998,-5.152341294288462,0.26720338075753985,-0.7413406147772521
0.09011098874785499,2.2400902218082526,0.11646895491447617,0.7963023146307417,-4.822858508819165,-1.3659598783844564,-0.7660193988892787
0.28358613231009233,1.4341253711442437,-0.10695200034608732,0.30630318291584196,-3.562401661359133,0.5525892869801011,-0.5564356314489879
0.08565312657362135,2.110736039462564,0.13010199537462386,0.26688110866350157,-4.389592618901388,1.4164130335549943,-0.7035471644608338
0.12384059300590068,2.4094396424132856,0.08705250972502165,0.2670263726454045,-4.913978471334523,0.03935594844886105,-0.4173389264586417
0.1380201826302138,1.8536261477588027,0.03736979525359363,0.38332236973366224,-4.053191298632537,-0.4599437653914602,-0.39680985317348394
0.3282927801816472,1.7198798019206518,-0.08977808506378682,-0.06924579143226581,-4.50222280689706,0.823029005167961,-0.2087733354471736
0.1016565107185007,2.2536259630260917,0.11028844418386141,0.18578639493492438,-4.521022860977511,1.696269377810642,-0.6893051306018876
0.029009458288948797,2.0896916323980195,0.15799550131387563,0.9539930110141881,-4.352404927985235,-0.5404164398262062,-1.038928240182638
0.05401484994349442,1.891137139031989,0.16831659096511564,0.2984162915910794,-4.281851206522575,1.6156646232360299,-0.7001815568052548
0.2604535726425536,1.5968999894717189,-0.07612534488847622,0.054719618350673294,-3.8345312006087426,0.7832924088156324,-0.3007932682993066
0.2848819047188751,1.2922719276956611,-0.0842729904032471,0.12072880678069317,-3.507233785867616,1.1845720028824818,-0.49632435947902653
0.12105795880374431,1.8292026358975062,0.07282272019186586,0.40827783060899964,-3.9749192390308843,0.15885115581334242,-0.6521116130501319
0.22849534563232926,1.67752332934639,-0.030596694153414816,-0.05701021141257645,-3.916908176231012,0.7234880938294492,-0.23592514884362253
0.3665362400682595,1.3437259417552934,-0.13752263538614784,0.1950496687584905,-4.22042996048995,1.2834999547759978,-0.4114920816739242
0.06693041783196015,2.625936065113806,0.19262452373767935,-0.0180555839718729,-5.553786079089554,1.518961150206052,-0.32720010945826844
0.3027099180389922,1.5608170638098213,-0.11062735067003038,-0.041905930448202705,-3.680318572028412,0.6950426381414722,-0.2831300858920395
0.10302607606032826,2.133961119231416,0.11008978289696958,0.1344091865918635,-4.607262975430012,1.4178449212318025,-0.44822027168695633
0.08558493206023701,1.959226033742612,0.11210915302192914,0.6272929633594229,-4.293657783447924,-0.0753881742061499,-0.7772968859213618
0.26837484518108196,1.500137229597898,-0.08294258035283986,0.2863660697189674,-3.6114683341953353,0.2923461157466651,-0.5338552394527565
0.16954539991008855,1.7219866342797396,0.02775363635224526,0.1393614786199303,-4.021282075621854,0.2399096863727717,-0.3264315237050608
0.3217260668894707,1.2242355911916605,-0.09606150205436093,-0.1119471909979446,-3.832905144442263,2.053915291287731,-0.3102226804856584
0.18325003453263447,1.4870475977069666,-0.01595214430885017,0.4613946358174644,-3.6137515046965683,-0.222124911666754,-0.5302263206618402
0.15843032441909297,2.083532525338798,0.08578694792726993,-0.43444579055087085,-4.846856665086376,2.643057752964528,-0.05343779194332943
0.1844654811551783,2.186605108461254,0.09754850514489699,-0.23904864444708165,-5.289855363551049,2.7310714103368503,-0.25262106244205473
0.12778992943398015,1.7634864042678493,0.06565336222085794,-0.00456545060841676,-4.125342695068242,0.6407626329579674,-0.1543120167548441
0.20006147376326222,1.8985444618744267,-0.019733988360241428,0.6522662547307222,-4.146782501373329,-0.80321127991463,-0.6752302191133054
0.037074649957226036,2.326758471088584,0.1613162141521709,0.4377446357262446,-4.8340579611125305,0.5417330137422381,-0.5220300274715829
0.30692827566942293,1.3957946008170214,-0.08863768746991962,-0.11259976482931738,-3.9662223083937764,2.143790477196647,-0.3034759357550991
0.22300360285341542,1.6598736601125694,-0.0064235806519188365,0.2146672429355655,-4.140848665696035,0.2633062952144589,-0.4523988853822521
0.2591473067444472,1.8319607505639959,-0.07747922464579915,0.3368132324580238,-4.221769858754181,0.2301488861733975,-0.4285619896609375
0.2737033691246671,1.5426787123425476,-0.0690360713267868,0.039187293672567125,-3.9095585147687255,0.7189348505423685,-0.31902902107160647
0.2038329818342762,2.307100425563082,0.013576184756725063,0.14079965147790205,-5.0109336840264325,0.48773023984561464,-0.25372632597992256
0.5202504982747601,0.7939698373327932,-0.349883348647246,0.07849868635400234,-3.00187552948269,0.20450962532457867,-0.2041178273291917
0.21489404787899258,1.9368546448438944,0.03544636162126236,0.02243836540079941,-4.815347633428368,1.8132114174124019,-0.3914151238407275
0.12208311389208809,2.109134296213453,0.13246435463942086,0.061437698518994305,-5.096094569483793,1.6724248550926597,-0.32838612987895155
0.08655635110488046,2.63135506848598,0.16457708644589442,0.27505069320052417,-5.492103352368507,1.4607803264623889,-0.6600490097110439
0.15226760957660998,1.491008158269209,0.009872434341311687,0.4239617136901813,-3.427999457035485,-0.018311284261827473,-0.5953725520309725
0.24659387450190337,1.4231016551048115,-0.0612859865764922,0.3149715107582353,-3.647740621011295,1.052625497772589,-0.5862698158229562
0.28134039788423426,1.8602008430566714,-0.07763678550104625,0.22041406187311963,-4.4808818430587944,0.7248454662165785,-0.3342070043423297
0.3042246991920757,1.2189106493963726,-0.11714615763891689,0.3193358668841385,-3.4352549653592943,0.1770835095702577,-0.5507628465117163
0.008558082229165032,2.600630259312815,0.22290118263452063,0.47878887925306396,-5.325162242720695,1.3662630323844853,-0.7975766037195838
0.17217568623648719,1.734183231503592,0.06677557209222318,-0.07582539894015553,-4.514176671230528,1.6724593776029792,-0.2541087057460887
0.16732203943498727,1.7801917340739453,0.02995655992079671,0.06527711667442762,-4.0984698630992105,0.5016983453589541,-0.2597152783124117
0.0915035048891123,1.662399772948399,0.11668492953832565,0.3988624611260641,-4.147357719360207,0.7672492176771314,-0.6057621063458076
0.05235101258610251,2.031163695059915,0.18519590356519622,0.1453670386447436,-4.629846199022902,1.844339276618036,-0.516315338978521
0.24421067678204264,1.4126900208108162,-0.08537379484885965,0.8212806074664278,-3.54699190507801,-1.338932315620614,-0.7195071292544192
0.05077551289543395,2.1969989366833893,0.16152713822285358,0.43715762895112076,-4.657983121173624,0.6898143000816065,-0.6840056219298268
0.33449440778264805,1.234887209580114,-0.10935747924751071,-0.13442191219931507,-3.7581250593485045,1.6054045090124351,-0.3278440159049276
0.21623172979705155,1.7372838528131476,0.011975776546618189,0.009411262586001057,-4.3740778628470895,1.1395762944948726,-0.2969588636678246
0.31362426236903035,1.6119737233474656,-0.11348144229144919,0.13277068171170509,-4.145144375243935,0.45205091730146557,-0.2812981968614201
0.3032808110102481,1.224287553636982,-0.14128572082985769,0.34335014583272655,-3.2594861597998674,0.09338162815240043,-0.5076005144957823
0.2712236643838657,1.8374210649816884,-0.05716947924985072,0.005594645473324333,-4.377671942351281,0.554225905146648,-0.19627454860430715
0.17340259115667267,1.930603452196887,0.04608137899564757,0.026137219161013248,-4.4227357537075935,0.9996259872891706,-0.3759894914548427
0.0972074628424295,1.9164038104265415,0.12045794069790694,0.11522570782917613,-4.519299524347545,1.332442160122501,-0.3389600774018784
0.1683458428270399,1.7428366354939702,0.03243570395041351,0.3304805821981684,-4.01985931821724,1.6481039392848442,-0.7150065913842989
0.17638871750803659,1.885440582962644,0.044027288561914846,0.13581442894031776,-4.447499254063055,0.9135700374913442,-0.41424231867120215
-0.08440845878066233,2.4956783163006784,0.2684045602684977,0.9133337042795646,-4.792026018785486,-0.41979172075224347,-0.9163565605178511
0.2315902313307593,1.715435043611971,-0.06207638010520555,0.8264806666783873,-3.970428361009202,-0.3998895392454487,-0.8411930818128847
0.09688278967904762,1.8891162510784607,0.12938699247212115,0.10986800733891858,-4.496690091067249,1.2869658163195445,-0.3930823400575254
0.2400014137412073,2.100794338523013,-0.006378896396700862,-0.20150057602744784,-4.797256002250677,1.2774193844945267,-0.14733954251373108
0.2271540847716967,1.8679966714632297,-0.059042109255551534,0.39596379700654527,-4.064908004154516,-0.9053489554380303,-0.35411962271853237
0.10929882015180893,1.8033878826531378,0.1350291036858,0.30051925375085065,-4.4304440854984,1.5970892089393616,-0.7292955914147078
0.10527245579136796,1.9543552245086158,0.10072823276558363,0.11403861097720819,-4.447448294726223,1.4635647280295285,-0.3413216972616322
-0.0608900376422788,2.9598908469546754,0.2665169148454223,0.25228439869480307,-5.377213849524409,-0.49458407439039576,-0.29345398736881034
0.09859483240605804,1.959149207013785,0.09250467799702178,0.5644218004550716,-4.2603449063485375,0.8049028213116487,-0.7652175099977606
0.14758052487516524,2.134202783454585,0.0631233596449503,0.23719716333097715,-4.6900586899423855,1.4175762147188584,-0.5031419969491459
0.1704977631301677,1.9586943625612534,0.060988217028864256,0.4538701302859881,-4.760761478217521,1.0328409919820918,-0.6343687350290932
0.3729602714182974,1.185968665812537,-0.20736955988221628,0.0711829544861149,-3.2511841512231334,0.3620673457649109,-0.27250702190016884
0.16753182916149217,2.045436815375154,0.07037212119838299,0.28707865765597174,-4.885061713734531,0.9793206929524982,-0.5019335972411092
0.11409663423090009,1.7908919041076112,0.05834591097319253,0.2906253905087246,-3.8336395520890987,-0.38486605539973906,-0.3772596459672505
0.09865283133366295,2.161945182365128,0.11151106074490369,0.37837732941047686,-4.590217764053504,0.23758240425904265,-0.5737573624291782
0.32162976500223417,1.4121644704840197,-0.10297042617010099,-0.18648909680312806,-3.6151744894039024,1.3906077435818693,-0.333206050604316
0.2700382620768472,2.477018130933994,-0.042929845709982706,0.06027697213783023,-5.306202857980877,0.27416904550738236,-0.16275232962627345
0.09103937093552732,1.848518113222152,0.0885296247009415,0.47769300857837577,-4.057556276925545,0.35824248759200916,-0.6158097943206309
0.21720931788227585,1.6404278771394236,-0.005366223335498965,0.28790079285527936,-4.055378253133881,0.2345200997880393,-0.49107048736433967
0.3511767550757697,1.0530494348203705,-0.17005451342961164,0.34562103211708184,-3.2735337560275104,0.39047546495371677,-0.5594763776558443
0.0784760172976499,2.8166463820750556,0.19511640646723283,-0.13759425220114535,-5.930692270388273,2.1500302634732193,-0.29244550634408706
0.08545369426930995,2.4423606523661396,0.17162971694367846,0.09973092151880153,-5.3366572707118785,1.558709293951042,-0.4585915820623282
0.2311496643004427,1.6709273513656298,0.004092517012281194,-0.0638363347342325,-4.2559213094155215,1.9101254477123564,-0.3741448908397746
0.05752779811066729,2.4381702058486665,0.15971901254581855,0.3484434063253797,-5.0345300400913064,0.19634158918388295,-0.49176893478732586
0.28050206518854126,1.1833553420075407,-0.06588790752034501,0.4525039779867591,-3.735234444703737,1.2553355461574023,-0.7741511073886573
0.22741509602049026,1.965138899220276,0.036686126042603684,0.05414634757354575,-4.866013491697737,2.139555693214258,-0.5602888740219043
0.1083407132771171,1.6699342973643916,0.07647564386503469,0.02941038318904199,-3.890023024332029,0.5241229981980564,-0.21926866178732207
0.31937711891354187,1.0273777595109885,-0.12862239656540286,0.04154433336132175,-3.35430786406264,0.6565973787606113,-0.23982379345752536
0.16151902867456694,1.7084790887281998,0.02682013746380174,0.2031589269034099,-4.029007202764888,-0.23820508963806553,-0.30083817259803625
0.11094433931866818,1.9556150862748798,0.055344509191583624,0.4497857504804237,-4.095056205103641,-0.153353412499168,-0.5170324166862688
0.22817897546138738,1.292763105740755,-0.03991287197207827,0.32258529895241383,-3.571315212163246,0.7855131822053505,-0.5495244280761211
0.41213594472620907,0.764092373387687,-0.2497909809865344,0.05295268523515661,-2.865609349495928,0.061210978662251794,-0.15144965489221635
0.27375099350321774,1.7526574973654843,-0.07635774486047775,0.41519699402851207,-4.154739708338047,-0.26883150829873764,-0.5260488750855025
0.2566875475471801,1.6863624291545705,-0.03604564878615357,0.24927519842377394,-4.284996518303021,1.1231787365129893,-0.5387601114348441
0.02736204529295966,2.3371163726153035,0.21033551227227676,0.4291376338599622,-5.009128501978842,1.0812012113330882,-0.7573995967579588
0.1370656052854499,1.8267380349324829,0.048928894969991754,0.5600612684112124,-4.060070362669473,-0.47604772523242833,-0.6481952551255867
0.290940554310095,1.3502200479668727,-0.1128073649688921,0.18798415183261333,-3.4496770664345653,0.5365398377873755,-0.41858526137820135
0.16414221300752768,2.2668606882280953,0.04709798634690099,0.047978353356216974,-4.798806984707337,0.11940363664234488,-0.16735490379105475
0.2100567026073951,1.7707422014054814,9.748242553420106e-05,-0.001324663064920517,-4.241147521491975,0.9007992347469085,-0.22088419338023654
0.1898872131192183,1.4453631342630902,-0.009567835644629819,0.1866190210290061,-3.4225847103349256,1.5931873514948114,-0.7031118200389155
0.1759186349446062,1.923489123126945,0.019675960511291057,0.05618078636861812,-4.235964582949632,1.177865328302443,-0.35963870519371
0.23037066865683903,1.4718613454651817,-0.010208608306123579,-0.19698334655230954,-4.010739276559156,2.0744211388123563,-0.20237388773583126
0.20730538249730557,1.8198561329588099,-0.012991210768339645,0.33273181543353236,-4.246879978559639,0.5767894824248703,-0.47794397784605147
0.3475343303240263,1.426458067259201,-0.1695752591267684,0.28365513263700703,-3.617154036336449,0.47378124179368647,-0.5177698839849505
0.193993031553029,1.7625282979331416,0.009850833083633104,0.20028261647221543,-4.207492243261855,1.359876229615403,-0.5031012693809485
0.24762840705327482,1.4960770677613788,-0.029085076081478034,0.1651490696297855,-3.9220574530410626,0.9928066484423546,-0.5476851567999554
0.19985525690411513,1.8856334001323056,-0.021778106488848925,0.3496454581756868,-4.0244985036660985,-0.1540838228523494,-0.518223536178114
0.16200774916640304,2.037281359851356,0.08043648334925124,-0.00680326442808829,-4.8148816696220145,1.8224558150705328,-0.3666740721386464
0.13454752392806957,2.125368862685087,0.10261821333483567,0.07974188257464473,-4.71361216788813,0.5136700418305119,-0.44942295781596864
0.0811433520371746,2.514165713008074,0.14993869186543374,0.224106225093688,-5.263168984769276,-0.23304561720823538,-0.31441520855965743
0.2915806638932342,1.4994928797970746,-0.07808488590482676,-0.18651183065958896,-3.9835370402842156,1.150401685475458,-0.11722443586102427
0.3705701549010491,1.0792361305438942,-0.16519545713155892,0.22347846811598537,-3.462874687874279,1.3356066910840974,-0.5989597702588377
0.16676200222115997,2.1524241834926294,0.08238830655529616,0.026309891744057318,-5.00331554673229,2.573264228340126,-0.4059399710827375
0.1424334579286383,2.1009325428376218,0.0679799330753792,0.2611210958380582,-4.548067558781183,0.12753917567401268,-0.46828474248790286
0.1324691722086909,2.000994690767233,0.12933186966180443,-0.14486203765612266,-4.865977296836145,2.685490728572296,-0.4029522698977699
0.28518255145973886,1.2840319054201674,-0.08699355703526535,-0.08595989468687562,-3.457438677149084,1.4059992643601331,-0.3496534379319146
0.12157364723126615,1.6430248247966868,0.06938144841019422,0.5489254286522701,-3.832704201145265,0.09285264038008141,-0.7379252702001864
0.540219160788734,0.5868769761550532,-0.3527009425707769,-0.13925124841557002,-2.792630260603473,0.6421608607509588,-0.16974233644896547
0.08835994033404808,2.674100143341508,0.17441504720713574,0.0044395910837554675,-5.602666126148341,2.2079840082324047,-0.49033482704982295
0.32570273582421394,0.6244010671063287,-0.1720780321474223,0.40078409483187705,-2.407025790367117,0.41980241173079785,-0.6984011865608388
0.22498438863080222,1.9889319809571824,0.0468992638125969,-0.2095417998966866,-4.859824062430169,2.7052064223011985,-0.42287874453723795
0.13140847090707433,2.0169789382872336,0.076375610124648,0.28177032637872157,-4.5189801104965746,0.9061697739425798,-0.49138023619828586
0.32125296396622594,1.344452328186232,-0.13614525174101422,0.3562850643837007,-3.5965617147516578,-0.05370917066648625,-0.5493934634129589
0.2941869092820276,1.2514003199382757,-0.10489590434604967,0.1752653456737791,-3.661866879569143,0.6821024667912586,-0.29906900918486545
0.2042899376735417,1.8524613143199997,-0.012995650833822703,0.13472420642748442,-4.121944244100975,0.28722142334193645,-0.3496775730956365
0.3555815733944008,1.1527269087447736,-0.18802324684752414,0.46489721742469853,-3.266461432911249,-0.5162930960923441,-0.5766215308207563
0.25523254152166935,1.5496491963467856,-0.04432235914032101,0.020052417784677118,-4.1112293489706,1.2381543194931812,-0.29155882874780586
0.2150156928778239,1.7039170950677665,0.027887191825709978,-0.14981990379887378,-4.357350864003885,1.4023167136838819,-0.24822286509114264
0.16369966265779187,1.985330411574314,0.04795968494936176,0.3883014065946595,-4.478470657247116,0.49452919196833234,-0.5666329136342814
0.03409878795652777,2.292854475064758,0.1721917955654515,0.438802696134461,-4.795567552619405,0.36296043048867355,-0.5518674048708089
0.16329651138037857,1.7347956490131955,0.015489022546570919,0.32237416483291437,-4.051601835156995,-0.28740596993859735,-0.34649597028646856
0.007836005706866083,2.245696679456605,0.23834018487883712,0.18275381659031598,-4.7523497022323395,2.3212970006022324,-0.7166266522244528
0.13829612161700144,1.8451419364261432,0.05734602715618964,0.407714989488282,-4.173106091764019,-0.4312883867028934,-0.49845709238571034
0.18093724613319495,1.900844243227129,0.043666956609358376,0.12146059697884218,-4.473877812757284,1.9765707870481573,-0.5117485751500077
0.0846054140641401,1.9759242575159472,0.12131722588516003,0.15906430422910683,-4.309493629785018,0.8286267297456815,-0.4639563614119261
0.20826530032890186,1.9249795945759056,-0.003552074798563787,-0.022980553656222286,-4.252329414932648,1.1946588554888977,-0.3318923507598076
0.18557906410295472,1.7235071455430542,0.03386503188865375,0.06404469129899146,-4.274654986230552,0.9774752020449382,-0.3303739985454951
0.3162092295052593,1.5884241749775398,-0.14518664604014275,0.19127552742164458,-3.9295923296077957,0.1412703043264183,-0.19524895941021322
0.16034878656017573,2.15062020349362,0.06871837744411624,0.28373684451846704,-4.880919176262057,0.7852232589311178,-0.5153533270120723
0.003971122325540787,2.4572634938525577,0.23679893362251736,0.3560397648214292,-5.018998748405352,1.4067682596891682,-0.7589952362741548
0.15591423344167019,1.786016791712387,0.015660398679663512,0.23085059611067021,-3.8283466685301812,0.18429577168358197,-0.43627658697510774
0.43693243568507223,0.8252826013358906,-0.2618739083276516,0.3411963558797111,-2.9492401845266905,0.00977133554371188,-0.5838013439720672
0.21446587980541404,1.4873578171156423,-0.02356606985592591,-0.035610511655335436,-3.8681607477303723,1.4403114643466641,-0.2048518040433998
0.23901088780761173,1.1534229689102413,-0.06832535148487251,0.30424906466177737,-3.4183368093835154,0.5104321689847485,-0.4008625473031233
0.05745892229125885,2.4384657374415184,0.1960447428511709,0.45165935047152606,-5.236232187588622,1.1993512902275671,-0.8280620451156173
0.1037926525140121,2.4092365456890037,0.10080917438021286,0.4667222055238767,-4.784175975623428,0.5496398977586147,-0.6941696445925787
0.23110777746945893,1.6909466670105966,-0.018688204836212252,0.06455472302610182,-4.057426082767241,1.049265810222012,-0.37616720983000373
0.32336759400905146,1.1117135570514118,-0.1569953449927075,0.2639850838842557,-3.234031358227852,0.746218016604902,-0.46162064390468677
0.16535664062357636,1.2913246078925809,0.014338188896722448,-0.010325045114526143,-3.316268385349479,1.112481504919098,-0.31293749939003246
0.21319685268702698,1.2355206231739084,-0.033509713328927604,0.2940665112445748,-3.391293740573082,0.13184399917365386,-0.4777886606288631
0.07398831439210066,2.3805563436319783,0.16897880964460787,-0.11502817531489315,-5.078952783890165,1.8978568496610226,-0.3242490721270971
0.1282276779992004,2.013621328064945,0.14220375101991034,-0.01925368170338157,-4.978904616750765,2.8043665401995654,-0.5251476989191544
0.26083163703758655,1.557459687838233,-0.06254775631022347,0.5357984374861638,-3.985468097913557,-0.2966358643784169,-0.643019780625558
0.012790082734754904,2.026148503316413,0.1790671584280692,0.619447599299102,-4.363397674170872,0.2028422252877723,-0.7142107755944755
0.19729668630266436,1.618228870348542,-0.011672044542496485,0.4766384222445991,-4.057584145588559,0.6732279671422186,-0.5462103928530988
0.3014288699049046,1.384090586280481,-0.06324478833958203,-0.3054557833150331,-3.834111612507202,1.8711372007195728,-0.22436529438348657
0.06779998987277393,1.9713447799940513,0.13287227885911368,0.7951555829167052,-4.367963808251753,-0.34687744854005337,-0.8810059010337273
0.2614968635629152,1.6176635895437323,-0.032230923269693124,-0.17275204705977018,-4.292210954129706,1.9326874028247043,-0.20737495822346266
0.1928092473091019,2.2035133298933824,0.06708117784285461,-0.1118913627580318,-5.051003869942826,1.8681201727423487,-0.35061062357329165
0.09428943702143446,1.8926420304464213,0.09993963996103483,0.2866001032446867,-4.262721521621944,1.1107293442571609,-0.48298280334249216
0.32404122048964246,1.4522011190344926,-0.14731173696903144,0.7062801039268444,-3.6961321283533364,-0.9476222502524587,-0.7376737905123604
0.1997287530124855,1.4941426730521468,0.03622240674563493,0.264371190202377,-4.119304787705239,1.1598681743013763,-0.5981090971130971
0.24240597509634954,1.246050639737745,-0.028076511113756863,0.616060384810606,-3.6798106092863296,1.8726161295416608,-1.040780555711924
0.18783945102560914,1.7208749520231343,-0.02965552949890915,1.028826213637819,-3.7843705835971506,-1.0226450257213346,-1.0518492904444336
0.21166488352693721,1.593858698561687,-0.0026021647272840287,-0.1109433221555162,-4.0248087224004525,1.1464455768300366,-0.17131458129673202
0.20134245462474032,2.079728018365945,0.046814766854152534,0.4567034531615553,-4.942121214201073,1.2913853739168946,-0.7714192992662879
0.3387984402123524,1.116826514107896,-0.1582679322710342,0.21304209130342222,-3.2660778931505674,1.1856072370652124,-0.5266745727270258
0.16754647647618442,1.838794297526489,0.017849590673985727,0.32873549070234953,-4.092198562264922,0.46450081404105303,-0.47474494781211785
0.22158869818813356,1.3832175127319584,-0.013431949487266559,0.11846957358049287,-3.8185076631935275,1.409687915735324,-0.42933423687439076
0.3454753150762638,1.3679787209421543,-0.17190818993225054,0.3243067876299245,-3.669200459613251,0.41314043397803374,-0.4499643734271605
0.17630275676902385,1.9662156251215488,0.034630701658790786,0.32915679476678106,-4.478805778969234,0.4668441026115456,-0.47682589033133593
0.24634003609368743,1.6733614337684142,-0.04564458357383816,0.06695007823591179,-3.948428240412337,0.584292859740123,-0.3443981438263807
0.07075773909387972,1.8715941913736145,0.17407603309930497,0.2837690984595198,-4.5360656140388675,2.6796423642325404,-0.801304379695091
0.21351599642309388,1.8681578346398906,-0.026311521109070757,0.029150275377021473,-4.150194676117733,0.2674418756376821,-0.1911859295269616
0.2373697499893846,1.7343522505524793,-0.01353546846788456,0.003758865582782489,-4.232398482481432,1.4673129336904103,-0.41113533527552376
0.08899109247050872,2.119350577050783,0.14421949440338122,-0.05797359889670789,-4.792739432017649,1.6053063293554264,-0.2947260706445638
0.07981359798704273,2.12171834830419,0.1089933402626635,0.3080434250292228,-4.338513627328269,0.36151362056600256,-0.5365195640739262
0.2099207604420445,1.788578644133733,0.021708709412049387,0.03353894069965957,-4.235071927241813,1.7440282821283704,-0.5357090226374098
0.22709592102262768,1.1935956744189886,-0.07235399574036483,0.05036909804341076,-3.005519434355034,-0.4108911261394698,-0.20840112288245105
0.2970064851237281,1.4677049867332954,-0.0627567603344159,-0.02815752149105924,-4.174770959348504,1.068931749474298,-0.2740487269857495
0.24262273503752055,1.371214139970052,-0.07323096253736394,0.5695290398770348,-3.5531392567096236,-0.17423729024472445,-0.6223041120507254
0.07810293803911786,2.0352921409672997,0.09434323844226156,0.6687132316027,-4.2853916071526434,-0.7675286983888188,-0.6185766060047196
0.0742836801732783,2.3238791612852423,0.16227919485213071,0.21693461384819246,-4.893516341750663,1.3094882122755314,-0.574528338751924
0.1631987890850206,1.8996283141631538,0.06081671398605293,-0.27048794557278,-4.498775804891161,1.7210267307514648,-0.06368109279325534
0.10301629970292425,1.9073137649628316,0.07134103705981598,0.235148215685001,-3.984894535964832,0.6450947671505763,-0.48158845255558236
0.08034563327685197,2.086937764335594,0.12020142077774532,0.5366642071430492,-4.486916926025299,0.28983218422591855,-0.7384531262630029
0.265914165677584,1.6510990949601585,-0.03111852983603458,-0.09826952020189933,-4.308032328757742,1.566306111485182,-0.26558958249040565
0.24980057011044945,1.8277588350432876,-0.09255566204348531,0.571274093816609,-3.9242032806152096,-0.7761968648615012,-0.571086046878392
0.1754732285009012,1.7683784728871879,0.028638893700458024,0.08331312684666795,-4.118968177285118,1.5280260768751208,-0.4219522366235836
0.1946258480986865,1.6862460532746937,-0.008038106569179915,0.269182879575505,-4.0601478107570275,0.543177909829447,-0.34836272821653663
0.2219906241994169,1.6825271322654676,0.005423389502356546,0.44727173688288646,-4.4366491453411525,0.700086500394332,-0.6466066441518764
0.11140022624963507,1.9474438948838357,0.12430449442645575,0.15610042662373905,-4.2977447156177,1.6698785679303607,-0.695117733212494
0.2415871567456605,1.7595715042968803,-0.03378228813499762,0.052077570471781576,-4.334199958007553,0.2667225600816288,-0.16472664814334
0.09428785366591814,1.8013453701140956,0.09820060600008174,0.4230289501640241,-4.060845452515176,0.8573175268900124,-0.6740905682118269
0.13168132871070698,1.7197160844897537,0.07659344514967414,0.6481424823497731,-4.173066079423092,0.13327459244485465,-0.8346530080070746
0.21777915314791788,1.8587186251680343,0.01708915805363498,0.314415918335232,-4.465305600986907,1.3825502904072164,-0.670352957888808
0.09372406211108454,2.146553787900442,0.12207878473370415,0.3480751067811101,-4.6708202878373015,0.6109979708544447,-0.5780449241160888
0.23089035420970463,1.9430448978132104,-0.02245630769589435,0.4883947274472842,-4.465327476137608,-0.6396943825748622,-0.5742718027163071
0.2595202278763358,1.3576085516847727,-0.02985548325151921,0.1613282550029138,-3.922450087378284,1.4516519302044775,-0.5427344910182976
0.18723441513005748,1.631296004752046,-0.017749279491782843,0.6835868176677162,-3.919114179416813,-0.481629589305893,-0.6405065044527921
0.21602452141989603,1.4675498343770181,-0.04246878890344796,0.46475927610834855,-3.645574592326425,-0.052261070410324434,-0.597479269979544
0.22090993512136464,1.4092627978989878,-0.02955361006210344,0.2796572990949907,-3.620082393730402,1.2632053367593459,-0.6199746887308818
0.22665548157841153,1.7218819230270257,-0.04408483012491393,0.5903516813145622,-4.1998690770120755,-0.27626796944155885,-0.5560693369037718
0.2573261827363455,1.4470182771469153,-0.04341144479597936,0.28165695287537507,-3.7203578462994225,1.363497353851042,-0.729181993639938
0.2289151385283173,1.874162594856816,-0.028123800418585754,-0.030610647261531593,-4.3887654710273365,0.27678781282083975,-0.07053401490431063
0.19333710686223352,1.8306706427936144,0.07047098582147471,-0.33100599740071995,-4.674718370253322,2.841619878914896,-0.2828228644080193
0.36345116018749457,1.5490974505503672,-0.13807826051817107,0.042147831547352105,-4.144392203841587,1.1093208350115107,-0.37769444464394697
0.31837538333923154,1.2618071623292124,-0.11749902774337095,0.1877220137284976,-3.686706778121237,1.1058416373266862,-0.46376506899936354
0.14706038060883353,1.7830796222049214,0.03846961740338006,0.4087972928855057,-4.092645831814057,0.04452386037427997,-0.5235395880855727
0.06647584727752862,2.3410273121070015,0.14939278225718056,0.2423154408070095,-4.889252154878989,1.0513773741525256,-0.44726857218081445
0.24321266328757848,1.4909008708513152,-0.04130590592462091,0.03893830154350772,-3.9026273260584867,1.3057656722667246,-0.2992269726468597
0.32589336075733666,1.5516846262685735,-0.1158265616702222,0.4820493414196905,-4.335401963294797,-0.27468134200700617,-0.4687787128239487
0.27720516123800665,1.5076204371886501,-0.10948270149293393,0.9400738354594643,-3.8438851726262393,-0.8655399665523718,-0.8459282208195144
0.2640982512317223,0.9888012862789123,-0.11043491723414134,0.6154778026904945,-2.9875094814446586,-1.2958588972506224,-0.5758068002832939
0.3212028422164519,1.5187093059963466,-0.12827106793006393,0.004795680951403161,-3.990853339015694,1.3457542762571324,-0.25406562431402163
0.09990263521230806,2.386587045523475,0.17482160425701632,0.1561714036647533,-5.229434879272906,1.9118198174025187,-0.6889916061867304
0.17500911460820753,2.2847241916559433,0.08138257913288438,0.029323879168069777,-5.121046316016193,1.5964252986413263,-0.49860210674650973
0.0997736460768993,2.129651601722359,0.13564797939197715,0.1801181892965116,-4.755280054279562,1.4108611429893123,-0.5590074774692033
0.21223431462967085,1.74705960639086,-0.0028531896742047813,0.5386945585437126,-4.2825652199716595,0.528526851034082,-0.7109403317103056
0.18785928600068555,1.6849729208543511,0.031518569428465426,0.0438635795548013,-4.331280413091611,2.5221419569511916,-0.40228758763750505
0.22746916233565778,1.2953571452912205,0.01917204271032369,-0.17398671680762384,-4.008746643513033,2.789282054302942,-0.3362766719989898
0.17097568349158504,1.8691099319076034,0.08585880196286477,-0.23443643488320168,-4.500816624213717,2.3979515804098206,-0.34296365579489807
0.1690913507091544,2.1807689883627748,0.08074727264517412,-0.14917330426134282,-4.884584010858033,2.3324005898546027,-0.38833800573296073
0.11250846223199687,2.0702336539195647,0.0886565149424019,0.3899551819701703,-4.326341148611032,0.33544147223446663,-0.6666457793607928
0.18809557407105582,1.5291180103531672,0.03833697895814381,0.00176874582393452,-3.928017357745475,2.0720534860140805,-0.4938551373521326
0.08870931560299443,2.1929874348610037,0.15853442173989607,0.0586154127716495,-4.985011646305474,1.6284654676476829,-0.4345411911725846
0.08295233427945695,2.2277394390316525,0.16786975985075592,-0.04001105112083697,-5.049671433526173,2.2280918977833615,-0.386341848207364
0.1762846868074097,1.7218200424543455,0.021752857832455286,0.23572684043366748,-4.142634295675377,0.7051206452805424,-0.4212709157428026
0.13155896922359428,1.9490939203949116,0.11541425882507261,0.20576638852997842,-4.691149205748678,1.2393370755808342,-0.5966882048763454
0.1657707986071177,1.9031659174380517,0.04406492915129534,0.37675595502743864,-4.538562996127744,0.24273626047747213,-0.4799990731970758
0.16632445219325565,1.775613136091913,0.04631494609211173,0.28487292840568196,-4.059278485930894,1.293453456928344,-0.6903435641351514
0.23780801134972002,1.4997663853890195,0.006282200460687393,0.052434404898569126,-4.3316740658054504,1.5706808871148712,-0.376924700586321
0.1522520196980915,2.0834583985829567,0.06366398200509904,0.03846582795080197,-4.545928388006924,1.0013811922464015,-0.31516067623578525
0.2714290759491488,1.4487511340671664,-0.055686138401237595,0.0619855484231617,-4.0033629831329,1.5109842248326975,-0.3730411553356292
0.10179416060008087,1.9516750777260965,0.11887704767889917,0.08165379669430578,-4.5991188133312235,1.524687056593455,-0.3589410080251355
0.05893850698300866,2.166916570991337,0.15549347262434754,0.5223286120081166,-4.60442024363995,0.807222374965047,-0.8066789276175768
0.17288882964242663,2.224123816447783,0.025122550476049055,0.16496970229343547,-4.601537260889315,0.23928689807171682,-0.30387582557200754
0.3328233714753503,1.5184485739927287,-0.09174847611769443,-0.13112529127405675,-4.237712407887964,1.8000933368110636,-0.2882287529658689
0.3958651925120904,1.1792354441366206,-0.2044198719589767,0.24310047693058248,-3.499713768291571,0.6514111827647425,-0.47196845052825365
0.18140881832514522,1.9311478536676192,0.03405355932545273,0.07384164155234199,-4.483575567408453,1.2873555050948822,-0.39924286349115135
0.24832616221910286,1.464464632508262,-0.061504149657948703,0.4219552112072843,-3.700089824810186,0.3965996881669272,-0.6832873541295311
0.2772853064849346,1.61539606480356,-0.0742089157288115,0.3752165013895167,-3.9465829459366826,-0.0022296923441777056,-0.6202855472251696
0.29460790381098245,1.4600271302629637,-0.08190701516781107,-0.08717262012915873,-3.961044566717011,1.8054421013734068,-0.36060592668049646
0.1746319696290013,1.7932036830647542,0.09379265377749135,-0.28431956539823633,-4.624396993842603,3.1403554335835775,-0.31770520387009815
0.31528877889576484,0.7568719093142964,-0.14420326843120918,0.23218870035543188,-2.9160110179150482,1.4559809904893153,-0.5189223588857322
0.16655799116040987,1.9161444261863818,0.05249699070577263,-0.1161367620997551,-4.3415346231006815,1.5596159117839994,-0.28134404648329203
0.24000746341141263,1.4268097063331626,-0.02500455768090204,0.3741148761871017,-3.83500814758042,0.7305823613626914,-0.6655479635822036
0.16229698316706634,1.7378526172895503,0.06475730321904116,-0.021285387120971805,-4.303318439483733,1.7334218532179686,-0.38240492982902696
0.2175746010749311,1.458682163043688,-0.0057918959781881885,0.3136870921427145,-3.93173658471332,1.0809996146908705,-0.6058204272225635
0.08213890551301481,2.1048521550796946,0.11725898904225529,0.24467152742769882,-4.464524883846713,0.06709880211763827,-0.3839501689104553
0.1688196529162078,1.6395762268465006,0.05903123105240882,0.09749878038228885,-4.372952233702083,1.3627336545096953,-0.3580365700843826
-0.0263634414524611,2.358970782393345,0.23166064395944108,0.9143559450488145,-4.8788907384810845,-0.47835795868252806,-0.9230333621361937
0.2400142777688056,1.7342766650021026,-0.0239732182927459,0.00633655096137567,-4.227757211121052,1.380667734814451,-0.33837328210269196
0.17889897624228238,1.4573401449975225,0.038286226086708286,0.15982419418868563,-3.937808162507529,1.4254424399240602,-0.4718444560549213
0.1439221469936749,1.8812849884355007,0.061991970807748764,0.23249026064032582,-4.244805479765821,0.8480922320949306,-0.5032008503230898
0.1699918185126432,1.3580284497069686,0.01682483518918465,0.18717605074888827,-3.3822972072582833,1.1113257349422543,-0.5339474776243327
0.17962665890032573,1.9540066031822856,0.02801276667354813,0.5070750061352587,-4.376216077365513,0.8509927299385324,-0.7868708456665572
0.2177900054894339,1.391375088539956,0.022206455823516436,-0.13276393049764096,-3.9309616569974644,2.661248469244497,-0.46163930593761887
0.19331653532947263,1.5207460430587623,-0.025069536932730507,0.5099386540086113,-3.626988275212479,-0.11227934933498201,-0.6212824035936234
0.06106435708844443,1.8591506893415155,0.12835504800022401,0.27285412473652937,-4.027447673231152,1.1186110559440274,-0.5797963563028705
0.15422504856459865,1.996554038690795,0.09962783659345265,0.04580260466846656,-4.7788076950878,1.8736643062926952,-0.467381629485048
0.23766245859810803,1.3407181942009483,-0.04304767296650247,-0.14459531485780733,-3.7202852820618313,1.1059164813533848,-0.07128171231003443
0.28324339980049995,1.2940269829149145,-0.06229916631337806,0.17394862875759218,-3.844130538153229,1.538274421675404,-0.5246311662424196
0.21591696240545208,1.686884189863543,0.006147316967954897,0.26652817862875117,-4.401832428112496,0.8190077497519282,-0.44267265708283915
0.018942616428083064,1.9603116219931485,0.13592097092043653,0.5866936338170087,-3.8614708033685794,-0.3686121640518175,-0.6656577896701197
0.12428888656399209,1.9729270907781316,0.05699926461715443,0.41642852922065465,-4.015096894962084,0.2314300539764776,-0.6418301572288212
0.2977947073843661,0.7899966151371316,-0.17711564586287226,0.37512137311664295,-2.3746721273472366,-0.23396350205993377,-0.4886629840127332
0.10496287887672318,1.9896666874045297,0.07851441728760977,0.7274186630501382,-4.26613855217104,-0.31237179470261534,-0.7426187700731457
0.11424413266529346,1.9081337065063935,0.1305003009729011,0.04482479796171246,-4.474293546352109,1.8496789695141156,-0.5034450162921583
0.18096148592797254,1.6490451090210339,0.024244632180982384,0.37431937134908655,-4.112302037929525,0.7425971060876992,-0.5487128743912095
0.41260933269045846,1.426564409983069,-0.15725950167074398,-0.2287396483901237,-4.232784106035038,1.949337304220856,-0.20877401121108408
0.13342996131831605,2.179033873282907,0.06566180668933419,0.7268555066466573,-4.540334296900046,0.008235288207404635,-0.8933685732541019
0.23131443839477311,1.494958410496958,-0.0464880860296224,0.09614140696920548,-3.7048653242221614,0.7607846682676708,-0.3528996000247181
0.04081717136841726,2.8458014420981286,0.22640233167397605,-0.07524858260529532,-5.88955654266024,2.2431720707127454,-0.2629946682931491
0.25556482301228334,1.6345592663888895,-0.06154971914169338,-0.0010653988570408779,-3.869345021634536,0.741803299269236,-0.25075987311430115
0.026708804449894926,2.2063977659465497,0.21888450780017843,-0.04133238659004787,-5.0219825147695385,1.9700443749195962,-0.3219183340121437
0.1625399940445332,1.8569762173378896,0.014737038266650737,0.08916225484783732,-3.951952313703315,0.35438544488389573,-0.2941106590421859
0.25457531145251433,1.1566189820000934,-0.06763107513685773,0.11157443990178811,-3.2981201587143123,1.05522597399486,-0.43917849664957787
0.1815481665111258,1.6520841486176052,0.010609071682733617,0.43228556250480077,-4.110993946516668,0.35857720560729983,-0.49828642544457563
0.26358090830545833,1.3373352255984754,-0.051381553612705244,0.0733108787525335,-3.6260994906753132,1.4724796936798272,-0.5253479471997757
0.3103437251315816,1.4420333977429374,-0.15439549165454303,0.5297800593924077,-3.5048879079951334,-0.06746479811595321,-0.6094423094988958
0.15498722556328776,1.834002843650135,0.050073909461773036,0.8528913595593544,-4.261025567750136,-0.0785182413633438,-1.0226465451105113
0.1031499751764074,2.084680907673786,0.09672015100832598,0.21862563228996448,-4.330352672495291,0.6837557275434581,-0.507967392977213
0.22633225094069198,1.5120556169628965,-0.023949062348986416,0.13400506214356767,-3.796584541916925,1.6691964461919595,-0.5715641052153415
0.18323259898684485,1.7628181171965542,0.03971276377134214,0.7094562804388144,-4.323644243850644,1.4821495158799203,-1.0429319455196453
0.2386161485176041,1.463405143108801,-0.0320537962366203,0.2736164478172094,-3.789441176462432,0.9699840630350057,-0.6167871473481313
0.2486070442796396,1.4250570243223644,-0.013470926662203286,-0.08504374585008195,-3.9280379069231595,2.4186346359640396,-0.4998716690052178
0.03741485859423848,2.620727078881621,0.19083170086936851,0.22144691512327652,-5.249696871271232,1.2670362160191317,-0.5402760798789018
0.21072166643947635,1.9858289673618248,0.03335203125798003,0.2436110472917422,-4.841055717144887,1.8842360152695008,-0.6086979899617276
0.09745300385044536,2.291122380324599,0.11237121203901168,0.26124281632241564,-4.832950821360245,0.7460368863372862,-0.4188653878948666
0.07558880472378415,1.9139862867664426,0.13070710181772904,0.34438155604120724,-4.389183587203255,0.9712063536354978,-0.5492025660486742
0.15092695889974364,2.219484200158601,0.047673324369076564,0.7121321118088454,-4.649132405837512,-0.14855489208909323,-0.813000331103829
0.25715208349246627,1.7605431373938294,-0.07068112504252455,0.13499040321598335,-3.920035366618832,0.15097019158583797,-0.3432890996506961
0.22509082666592742,1.7147974089385545,-0.029455965135217088,0.17500121005128902,-4.001256935139577,0.45388989410891434,-0.4194773679528276
0.3188599601230191,1.4572908770358115,-0.11108684341476482,-0.07488456674801044,-3.7674293464882123,0.4382202584760213,-0.22448989207100523
0.17636731790480145,1.7736417604982497,-0.002638754988234071,0.4926464969249861,-3.879627607593829,0.0638262351692156,-0.6501115563290956
0.09118934828313699,1.9920849278013801,0.10393381234986654,0.45705268706085933,-4.252251380640115,0.14130359959528754,-0.6785408940979456
0.08953237699345773,2.262489350430605,0.09973030208388978,0.5129080844980478,-4.507543034507911,-0.4031653635229422,-0.5947443872351009
0.275514847856837,1.24097607578469,-0.11899713944227464,0.14468563083628225,-3.007474559555324,0.3173131788283529,-0.40080226532659474
0.05902333229220549,2.036810469927465,0.14388133177739504,0.3817167033941659,-4.437825061725603,-0.2136483273852852,-0.4685817007019628
0.23080690703766993,1.630237619327859,-0.03504311661200976,0.010587502842027946,-3.817586297020701,1.6993102359024468,-0.43586672442015284
0.2648115190301364,1.3376414282505582,-0.08852691154927061,0.1562904137239803,-3.453196694620805,0.9223859649105295,-0.4424541957920358
0.282379595897014,1.440314092104379,-0.08593314209343317,0.5937249403090301,-3.8876820747123007,0.3019842974127029,-0.7548198372894337
0.07570764422487263,2.1365724543913434,0.12164540002185276,0.2547858864436435,-4.565026796698057,0.30605191566869994,-0.35982061104060625
0.13977934381441132,2.26101488660767,0.10292147380982919,0.2106379069531427,-5.107047826706497,0.6856512896455091,-0.42718417752813526
0.1359441344343868,2.0427899035510317,0.055661672017866426,0.22033674311804036,-4.411623482333967,0.44641522498023933,-0.3662549375960296
0.19749579538357837,1.7080047725196634,0.006489045503167201,-0.018859993087262994,-4.1686386689334824,1.384211277537117,-0.30276993228879645
0.11342353895097618,1.9018921216420401,0.10069769466058376,0.054846813398755384,-4.275214965420421,1.0426042047290967,-0.40825159125545946
0.32028906148786807,1.2160380255078813,-0.12193169415217875,-0.023393397476031627,-3.5744472046366518,1.3913423092462576,-0.30413484730699764
0.15541719108075916,1.7229821429368721,0.025073277651091352,0.45793231399419443,-3.923994147069166,0.011890902707739934,-0.5634219620502469
0.2734455759252118,1.6700593082867656,-0.048334508726540326,-0.4084036024583831,-4.387902551196029,1.7973083313573883,0.05587029322287507
0.1176734152418368,1.8101486985264819,0.035382002089796805,0.5619235597751666,-3.8549113217322524,-1.0846884376796657,-0.4690732004524124
0.22146007230087864,1.5902925479617698,-0.037583958079640434,0.6688224564826757,-3.8872545687974287,0.3334205785365185,-0.80990936995335
0.30287414557283443,1.6026560533617218,-0.11962058291825617,0.6549761629237636,-4.146533954320472,-0.38542419695293406,-0.5414549169833192
0.15194592509616214,1.6747602468627196,0.045615385163620514,0.5660409227053801,-4.055815862970671,0.2681266052610399,-0.7202770535604571
0.08195699893398166,2.340253805534086,0.13201656942450968,0.124654898683914,-4.682282620153519,1.1680282702497513,-0.4730577957148307
0.33557363353890807,1.0173066180792814,-0.17481620561054556,0.6290050816245509,-3.1595232078230837,-0.26334146026799626,-0.6944021323432148
0.17550434701781342,1.7123320775510567,0.028184411981343915,0.45193738972956293,-4.201202498802047,0.02801012603695979,-0.6139536055650848
0.17140545344053065,1.6343687436952021,0.015120949957170282,0.22514159804750236,-4.002350750179265,-0.1538641602896168,-0.3111768575035343
0.20751094664198175,2.2330273126085594,0.04159643457474016,-0.17259177584822125,-5.216681096467828,2.2256618932827625,-0.18562955886280935
0.2982300287843736,1.4148459699602756,-0.11951356533059221,0.17913401152895786,-3.647929619157645,0.3058832974468292,-0.27621360253881766
0.14596496057915476,2.0965836149566512,0.07217512059859654,0.5082083657226918,-4.9571274066525755,-0.19312960968702833,-0.46196648992653594
0.13029731339516187,2.049992032508908,0.06241704505112944,0.24260519742171355,-4.359941659600307,0.21935821639071806,-0.39453510573560924
-0.019229563770054817,2.5748192161719947,0.2368907945199572,0.8793987294424437,-5.119917542445854,0.31036235413099905,-1.06135632881995
0.05953547401566732,2.45380818917597,0.2099998424576215,0.19953889083653617,-5.487337916738549,1.5508021197689432,-0.5655267903665275
0.06160458547559575,2.096468292319783,0.12220353962327057,0.7695407445949889,-4.252621707805626,-0.7551220356363345,-0.8444740253724792
0.1888965507652858,1.3872099082131226,-0.03346472731229533,0.6630132486386621,-3.2816998111627367,-0.9106974244239606,-0.7230671124358372
0.25107551069370226,1.415904433082769,-0.06517181886087198,0.06844398447556616,-3.557034524674858,0.5084123380630561,-0.33512664233634276
0.1639787496936112,1.926985142641286,0.08044912874871746,-0.0234575031870371,-4.662615547419182,2.3670029991818744,-0.4166455766228935
0.33743033011804835,1.0417990240374648,-0.10870092377127272,0.03469561951258571,-3.6317233409195433,1.5152953967980485,-0.46179061636228247
0.2525178463305446,1.8115920176113716,0.005260872026855434,-0.15961186182925918,-4.645197959291858,2.046527648876622,-0.29279295742135003
0.2701735982562617,1.1756935710817789,-0.0397991511870992,-0.08894129970588674,-3.728646120682669,1.7240851286871872,-0.35707900487561123
0.039731934367443135,2.5730704896376984,0.1789653709727257,0.15148621352124786,-5.122653885925275,0.40299355009824694,-0.28649253888062404
0.17230923912103385,1.6418989118670995,0.015324769709300634,0.6644392540722217,-3.8890825517342362,-0.18647470546896233,-0.7818978339457201
0.1395498329269098,2.0465774523893137,0.05151310525247821,0.23642884129253613,-4.53551942631,-0.26075229325905447,-0.2196397875877727
0.24157239178347112,1.513339757391305,-0.03745281001132339,0.4671414461379193,-4.032876057922065,0.1749110714114564,-0.5862700570760759
0.2546927195448391,1.762221527437845,-0.04633395531301421,0.3435650132192558,-4.358071778469239,0.5171840038683504,-0.4848477898996817
0.15070990072221396,1.8376425890374974,0.052915386339597914,0.24225788373694088,-4.2087564515674805,1.0406511449000257,-0.48424728554460816
0.08418844022343494,1.9281056051995025,0.12985087533306627,0.16419693762612517,-4.230773472278483,1.4290161159981047,-0.5697460385577126
0.173033662262363,1.8298429237865386,0.06629314791230634,-0.07163710451217997,-4.349094037756574,1.8271316271841767,-0.4172478603183388
0.2759784948736537,0.964093201001438,-0.057474819569926394,0.05400373781295585,-3.322703217882326,1.8786349053075613,-0.48481746703839046
0.32607714959306555,0.909337293294702,-0.1550328751814638,0.19214073621555866,-2.82439480442251,0.8427362451968308,-0.5676138285696872
0.260671546178816,1.5282719950415413,-0.0179788668358698,-0.07144365485975576,-4.262079141949758,1.9991055040253947,-0.3901592856069786
0.15678698814144715,2.0303645002628556,0.07727480212375548,0.2141734843463585,-4.772687370806506,1.2632050506847692,-0.5249694909766016
0.1718640878313088,2.23659586510256,0.025752721177188853,0.46346326089829437,-4.812933281830703,0.020922357841349735,-0.4718080363164122
0.08644186712733742,1.960620579204609,0.14873879623695552,0.43981941838119665,-4.694539633299062,1.616424268913235,-0.7988827726654044
0.27386181259154474,1.1368291689538679,-0.11486891557791301,0.8683221808107905,-3.234181028850331,0.23862206250581888,-0.9777508941803613
0.12125741315254997,1.5956475318661782,0.056864915140543815,0.3121309682972158,-3.755398441260096,1.3517104707595677,-0.5636115311686736
0.23150329440721096,1.5728887064658776,-0.012752517202087699,0.1160045862823238,-4.175221568763616,0.4332514797016538,-0.32375638428838227
0.13374635110855704,2.213654165069224,0.0715049632091076,0.644735933884992,-4.657074444801599,0.35803018464451364,-0.8292344196801754
0.16268398635475714,2.021497959566551,0.03689471469132832,0.19859111043831212,-4.321370075668222,0.9667194569319302,-0.47816890711737725
0.20723075740948968,1.9913466342115012,0.02783079114578868,0.005418984573767549,-4.735176756836456,1.8004254668170874,-0.3658810512331957
0.2856913717014856,1.641258622598936,-0.06704759463146281,-0.04439420377076059,-4.177087592605262,1.4240613564876323,-0.29896959064376394
0.1503361555758838,1.8633858893225816,0.05037480095673752,0.23150416570102803,-4.344069388525881,0.9655358448407481,-0.38294802208244255
0.1523339375547291,1.9589843952474546,0.06459678425699544,0.18371088001464997,-4.4295437370542095,1.1820083486883,-0.5142308865454777
0.274651447293619,1.194364987142558,-0.06867451465145724,0.17121506631152608,-3.5957080244181427,1.2426671233204967,-0.5122893732447636
0.10523478180486438,2.34574500223673,0.12247769273259146,0.2705609969179794,-5.132192994646604,0.7195720110142352,-0.4010005499352458
0.24709537195448522,1.855700919120984,-0.03864233816001161,0.15245448654482233,-4.417631394779995,-0.03931500425318167,-0.2610372844323603
0.18906058009008556,1.613129648250482,0.006836852309463515,0.10313658954774738,-4.021809597600054,1.1299320400951451,-0.3119559619431087
0.151793602106493,1.5855781842398438,0.07816230548267211,0.1951029634213358,-4.0885297128319085,1.9349329106642352,-0.6425728747044268
0.18867596638030407,1.8228188979247844,0.0883046129384717,-0.2885232442812609,-4.748866883810057,3.1237542772382176,-0.29910384139429713
0.08447838450741155,2.119244993476124,0.14549425450904097,0.33330325489470414,-4.6237332543277985,0.7063536825302114,-0.6527738914101858
0.21809405479423982,1.6408635118398245,0.0027367119488894698,-0.01933541081813564,-4.216706496160076,1.2870079024556837,-0.300410682533039
0.2079751340769594,1.7546345295410517,0.030219508796248018,-0.04351862647842003,-4.318598029550052,1.5375269168687993,-0.42404197636056895
0.27715795610617056,1.9003222292033546,-0.04806958891726998,0.028198633155732844,-4.543422453111382,1.5108175681162856,-0.40486011009043965
0.19817927086548465,1.7970617730602092,0.021355278154596924,0.20773020850353346,-4.299675831529806,0.7370015502526842,-0.4994838895682982
0.30982053683074867,1.4221070007534466,-0.14087424457811804,0.1567489126121327,-3.6003305959206346,0.04263522664927498,-0.26475730374225886
0.15882109631622568,1.6736066399531317,0.03457827909334754,0.03969253583371446,-3.7825687532943397,1.9086486558930151,-0.5024762998539986
0.13559150603430933,1.940371650602992,0.06401175445418672,0.4463101064886879,-4.376370428502294,0.6318434138303868,-0.6362938597726443
0.18280131763341997,1.6113765478647453,0.029296664919921334,0.24567600433332568,-4.0979465739411465,0.8939553010329657,-0.5065249731638962
0.142886265703796,1.9694921077522909,0.04644702997506567,0.7142918064926785,-4.489562972287117,-0.7010886875001565,-0.6495714607272656
0.24715370630708378,1.434267459085284,-0.07547613471804304,-0.06476342197982106,-3.479532412132834,0.858632008557134,-0.2019764161326275
0.1290606609605526,2.1173517035733465,0.0768781963166778,0.16380823524191332,-4.837889142047707,0.9560618670086576,-0.18733213244195515
0.26922843504429605,1.6104047427168107,-0.0741008919118098,0.15604347709730454,-4.222129646724273,0.5519580920553229,-0.19153845521908636
0.22167381650991258,1.776318255053341,0.001953773053250618,0.10174240421263517,-4.442228894362295,0.6171559092069036,-0.27251465878941183
0.30275876143162794,1.4427392421484884,-0.07798016505218042,0.26559441981350707,-4.051432769265865,1.9654718213017712,-0.6711203268656034
-0.023065885977115036,2.37319317205404,0.21816091165911344,0.6281431286924708,-4.767602516313726,-0.13069009686251798,-0.6485330050076233
0.24293712214403823,1.6249046268418883,0.005611795066820191,0.1758173666370101,-4.279762480685716,1.856908791437499,-0.6691034502651644
0.016031470464022684,2.767558748835254,0.20097593157196014,0.45650628192269627,-5.37254447186244,0.369489776150387,-0.567830525558908
0.20047586044191684,1.6353491381835727,-0.007831938938309024,0.26014394486058456,-3.9324778083092777,0.5473924573908634,-0.46157309989996054
0.2023996786584372,1.5376559888877432,0.004485259288710575,0.3387784592589817,-3.9649119558228754,0.9532154241226977,-0.6442490133419785
0.14346521563916548,1.9160824328450383,0.09703942025245227,-0.0597602822514752,-4.707002852707005,1.8441214068098888,-0.32756336362647964
0.13211862584537978,2.2493952032031204,0.11031723846853714,0.0979130799117322,-4.997600221149828,1.4106505049144475,-0.4349520107949312
0.2520552211758874,2.096623202984256,0.005920249910597697,0.2706812982372193,-4.957741851882687,1.511803929457828,-0.7061899080426635
0.2780928199887103,1.4784206978214547,-0.08220842678500773,0.23621331845371737,-3.854891590725372,0.1979696018137188,-0.4186366567497031
0.2979734667055941,1.3498552502960857,-0.07717289709165243,0.1655063804000853,-3.873361793583592,1.4755034993257818,-0.5749410182822337
0.30238082064415056,1.3934264550727684,-0.12260332307459487,0.5630261069659951,-3.6716177926230245,-0.09724286595657142,-0.7028300189221436
0.11617796760941099,2.212561284243886,0.06237145653953946,0.702888404940657,-4.5366975844971815,-0.05621025383791174,-0.7559268444248022
0.21359503755545547,1.7774467545098263,0.005175076830979064,0.010984154296578785,-4.334045172132154,1.3613225789996122,-0.30121180824719324
0.18134231768906883,1.4001249158558777,0.021187308991832743,0.4458102004104887,-3.63701134974119,0.6178740879831743,-0.7815142383427135
0.09227117051261961,2.5331072487466373,0.14892611582045134,0.24867507014233525,-5.339514675206941,1.2344387184703467,-0.5632140167039361
0.17878747153251812,1.6122007163007714,0.02956063279112997,0.22718486859197634,-4.160643811763418,0.7808219113888306,-0.4057796562303264
0.1562217047930805,1.7399803088835222,0.02499610920638662,0.16447297061015975,-3.9914206129429157,0.2948981226733674,-0.2840705431511165
0.26267530426220687,1.791537685414848,-0.022133139624942677,-0.3228153108528476,-4.487278951627349,2.1864722074590093,-0.09297456482782354
0.24243019557905315,1.9069947776626286,-0.013321610899826197,0.06091375369288743,-4.752540501306591,1.1060809874167192,-0.24892055751744588
0.25299743245758227,1.4505005298288236,-0.06118852122024454,0.3390804822436084,-3.8950741192129117,-0.08460961849410244,-0.39104804143401384
0.18824334653101943,1.8156153324069568,-0.0010638164617107204,0.47674527137769473,-4.169710524415352,-0.7641661629657462,-0.49504562753241366
0.05733188880632211,2.2080474013606124,0.19427584759246375,0.2768878756112601,-4.83449723920599,1.8946215177932475,-0.7738186362214127
0.2668645942540859,1.3606347491028457,-0.0813872529848213,0.09457091038866698,-3.569188352842578,0.5436855569168773,-0.3336136530050364
0.0795084121368185,1.3448928530808988,0.08834714396794374,0.41624649810005593,-3.388920669047122,0.2435027603025029,-0.5583957562128057
0.1344962097509037,2.2433687359984393,0.0994777055217495,0.3002857732388723,-4.953257346690572,0.321320439252936,-0.501568239895472
0.0974262469483803,2.5417081339770045,0.11425689256839,0.27201670780412207,-4.987792785600216,0.15556725418153092,-0.45962799750760974
0.08396341053625331,1.8401071697181843,0.14804622213776475,0.18170791606364284,-4.715822349463269,1.2481823084880384,-0.3846168744956789
0.15107324131623134,1.9835588310787378,0.04817176499418596,0.3802989232198801,-4.270851851144822,0.16956577872466835,-0.5669493521267469
0.17275713945184412,2.348361266956127,0.05178788074109941,-0.3831827077586088,-5.038261626204597,1.5480435919995625,0.10712900870662889
0.08149183744878528,2.573866484842786,0.1912553581021159,-0.0021797724312105915,-5.618075072790922,2.238290309325565,-0.42142209501431444
0.07426074599741261,2.3559749318757373,0.16472109686376046,0.24584710945091665,-4.8815563929010235,1.8989923299645284,-0.7091956657715439
0.2994424797442041,1.2798082738263077,-0.06723298562681002,0.321384471264088,-4.045649639791515,1.3097121910476754,-0.6067270488107253
0.203663134294083,1.7518233651651376,-8.223030902243522e-05,0.25671028774278604,-4.076561913942247,0.8115904538032009,-0.5212476937309793
0.21131635660833606,1.494211114016007,-0.016961719848501255,0.38260260937745894,-3.8944466221853182,0.5934639600175508,-0.5398764964898486
0.3285617008932441,1.4046751052133606,-0.13644751102043295,0.17411571695550593,-3.6827340273885376,0.5297762671662561,-0.4304697712039889
0.17270197154446662,2.1756495228983908,0.023735715432084747,0.7398309519072301,-4.78707557734194,-0.3995473894880852,-0.7433716615991157
0.1260912002039949,2.2573644923800162,0.1289182107457978,-0.23637427689160895,-5.045712024332685,2.122223153207379,-0.23060757883955876
0.2235428091646313,1.7628956243758922,0.006404213468956366,0.34208047867916047,-4.454279263186204,1.1218669629054465,-0.6970305482919747
0.18236305388021773,1.7724417196068858,0.06804736451863058,-0.125425673701776,-4.544754045794598,2.1429020449519833,-0.31493202798958614
0.17046575653182305,1.340672419828462,0.006054806344227059,0.3048518153544406,-3.396851940892346,0.7313517727170651,-0.5530104123702432
0.2234823478278834,1.769785501437104,0.0014508698662738517,0.05157827069234125,-4.194348946026815,0.8777214757573799,-0.40660038996207026
0.15558091740091531,1.8604172955489215,0.03093674183260431,0.3469965024305099,-4.04128966159297,0.5599195946385198,-0.5637588699651623
0.24517162749213506,1.303012647851483,-0.05986273229752581,0.3462004644383536,-3.4321361702425723,-0.10035790192047175,-0.5571841516665348
0.1957623686276978,1.6299331620931385,0.014028462440721201,0.3976208273422749,-4.141214556213933,1.1811114598238852,-0.6253134345763557
0.23837189378676094,1.678703330236844,0.010824320784843522,-0.19097614937101562,-4.279356161970055,1.7674241890418163,-0.29959006669863597
0.06401819468943516,2.3096192187933307,0.12734025418075712,0.7640057960671162,-4.805803930686824,-0.600351746870176,-0.7058452113980977
0.2050347277761713,1.7466523325009011,-0.027176220334419243,0.3858530273100548,-4.066831268932158,-0.3650022076967305,-0.39554588753334596
0.060905643197355044,2.153216017240555,0.11853252317231511,0.39449163182885866,-4.346382506743301,-0.25351683305001266,-0.473041340471663
0.12939566977031539,1.7399045599603151,0.0726166001690467,0.4738049230815834,-4.036035768435098,0.7820408556442541,-0.7815724257976177
0.16605072346830818,2.4366129238241934,0.10471354919841414,0.2819910159410605,-5.647130853373139,1.5606751008549766,-0.5506883576836421
0.20796859414766264,1.7148266942181576,-0.022331481090609895,0.4107306656273991,-4.213565776378727,-0.013294689579908436,-0.419109163016119
0.10967005621998357,2.087804091148521,0.06846142035961877,0.41320263867984974,-4.254029262183932,0.20903306114673426,-0.5792468029736214
0.1175024604491836,2.0274188313386663,0.0880598273615798,0.08395846273365787,-4.351688708590104,1.198183771438077,-0.40721984504622155
0.08015324143689999,2.1808328735951483,0.17696145486161896,0.07794504583624712,-4.838329877488091,3.1090698994115833,-0.7019936395819332
0.38151818369726154,1.173499274453682,-0.2081048814771842,0.34364161593664344,-3.4916397402783548,0.25548809448307663,-0.42514294691812005
0.292768293859394,1.3419160973724185,-0.11383683574636572,0.31126801024780887,-3.5578051473491334,0.07264542601708011,-0.48692130806829803
0.15762878456904547,1.7978230675788391,0.02093283348988617,0.39686263894220825,-4.03151384818906,-0.19554476154233477,-0.46318627470801554
0.21655656366164844,1.3487589990828235,-0.021768004146484388,0.17463671556854746,-3.4187920551518833,1.5703072579400286,-0.6430510206948195
0.21330278474229086,2.1995398317480266,-0.011895981062624905,0.3217829928896184,-4.7567277802126195,0.32917573672677924,-0.42541424346541395
0.3268264297239786,1.1961150358088775,-0.15250359093783672,0.292304046216261,-3.3279310408688354,-0.28229934098486487,-0.40220073138023993
0.1562897365769555,1.515751053485889,0.04801693669853857,0.03820634546708368,-3.770512817003962,1.498833848005325,-0.4418715701596205
0.43635703110965884,1.391982331980664,-0.1835021375846978,-0.29371490847667747,-4.183670807979169,1.9438334857818809,-0.17601960705125766
0.17439807029947166,1.583699545868462,0.03439091877813705,0.7054126986182446,-4.108627446274357,0.1846142543657276,-0.8693713551278471
0.21406595931187658,1.5743212563699296,-0.02661947167354617,0.30038370406257475,-3.8495326384203805,0.6672059332155446,-0.5097315969846241
-0.016028274863239423,2.423912774563916,0.21311637260143979,0.552826809007161,-4.793619892172006,0.25034563305894353,-0.6709746169673124
0.1310398504421664,2.189658395231625,0.04601118341252053,0.548869616152401,-4.315786754925654,-0.388103868785723,-0.6639768233515142
0.11858727939754718,1.9299745279007534,0.1148131479963963,0.013895790999514962,-4.561458920838734,1.3650945421495082,-0.34728822775906054
0.05681656098692638,2.337488017945514,0.1621678388591088,0.9833061845158817,-4.9739748177274,-0.15925609190826773,-1.1058712428523276
0.184082066803829,1.4646680265450165,-0.0031999445650576774,0.17375163621980783,-3.6405544185069036,0.7274216930613967,-0.40163400168131463
0.24571643584675806,1.4229025528316679,-0.04523554390569495,0.032319515677049104,-3.6359421471107676,0.7109277670864718,-0.35154401067915175
0.17248206155337445,1.6459050191807578,-0.011331125041095458,0.6153048284753692,-3.505775950795223,-0.4320129821680495,-0.8211489549561335
0.19204327678019245,1.426871348493935,-0.014705170364532338,0.5868509799599766,-3.5966665682030134,0.032818567118061096,-0.7220951540204447
0.223636124061452,1.61140222363013,-0.06019288195536254,0.5857850919594185,-3.732316556125085,-0.2535925452181459,-0.6424554429304731
0.0490888491818011,2.5605701362962376,0.21694939344517472,0.3977053033942657,-5.538736383076845,2.43826490752174,-0.8287330716353233
0.09797820993402129,1.9303158733546084,0.12933993994002901,0.28101244299913514,-4.40810724581757,1.6569472382252883,-0.6936453827377072
0.14323699609603008,2.0549398842756115,0.026887152064611453,0.15394277197327932,-4.060455203019901,-0.7428366871564652,-0.2305140675611463
0.23082153665010818,1.8465843685781311,0.022377348758936266,0.1449395295713614,-4.795861076309398,1.5643838789499023,-0.46034902838752867
0.3483120455442731,1.1513025110542923,-0.19268258144052353,-0.1901984304802134,-3.0367137230703913,0.8464866081312654,-0.07845410364693983
0.25988484304564036,1.3326729564194275,-0.07468908278647168,0.3005041497555092,-3.4130055526924394,0.7765559359271974,-0.5967792759252973
0.10031578386162081,2.0136395152060875,0.07690585048496401,0.1041310881788984,-4.170096871809417,0.2387573296280353,-0.20551831880400995
0.16939607189572112,1.925508754530104,0.06511101424360533,-0.013823753914280396,-4.622158773221396,1.177177870554438,-0.2373927255477289
0.2069701628764126,1.5013680038923998,0.014855227403823612,-0.16509290827655218,-4.067496490390915,2.2823667652518442,-0.2632825076381434
0.39096902648254034,1.4894284803187077,-0.15293259034375473,-0.08231486132891697,-4.2329169888805716,1.4723547216173047,-0.26600348996476475
0.21444663892394655,2.2744683389845504,0.04145442463862947,0.19831313937811276,-5.267909055503529,1.3023979855372785,-0.5116539808315674
0.21688353510835937,1.819251877193299,0.013631508803638281,0.15337074000640352,-4.584403145074517,0.866949285395881,-0.3945409480439567
0.12378371378519847,2.253515632055502,0.13750585235054258,-0.2858485809970973,-4.977863210328438,2.3050762814625756,-0.20919696197623394
0.18045134290539902,2.1015197074085665,0.005894599508107445,0.06502212202723776,-4.301132375464465,-0.022937197285794082,-0.1975890041069099
0.32993221976050485,1.2022709453290457,-0.12593011541497723,0.027269129694262054,-3.6528449698990966,0.847789952979383,-0.29169671954032156
0.069995241115568,2.018272852129519,0.14714680546209657,0.1632570779109114,-4.4728382703754725,0.9449606606602438,-0.4685649884838585
0.09934663572950875,1.9471149437489144,0.11407954423164157,0.6799328823966216,-4.451963803601836,0.2006486453824472,-0.8303508086595605
0.30513861381389645,1.068722465406518,-0.14991424345787518,0.2792997097093392,-2.9786764063350137,0.16660703634280652,-0.453259570010745
0.19154639005080476,1.6616378442998656,0.049723594412271144,-0.07195707485428313,-4.3886378259110606,2.1712504369489807,-0.367143469440775
0.19103185982026866,1.7782687081523438,0.03833354614584117,0.4032870021838124,-4.599822001658229,1.0399748075501485,-0.5706143511076286
0.18899453871543023,2.0671653223568534,0.021517678739257917,0.26066685102457277,-4.698585308029711,1.0949754494074715,-0.4668663185154104
0.08853692184979159,2.014644081026737,0.10778362208324377,0.11335524798464172,-4.437719146155569,0.3790800387781635,-0.1896220708368717
0.09278293117487096,2.192853351571692,0.11516088661537971,0.39668051991712383,-4.685204675859335,0.6425066803532383,-0.6147799108771829
0.25416677774565555,1.3702947284385556,-0.01473185304288227,0.0010680119130085097,-4.178855229065581,2.68552416994544,-0.46284659673176576
0.2987150037369494,1.9976777457991295,-0.08609729551818979,0.1901108119427108,-4.727663616675173,0.08022720791001883,-0.2719085054948636
0.15749726075323917,1.9169529162665189,0.03146551641528883,0.1767810953569567,-4.166001502366225,1.3482775818401598,-0.437869178446334
0.14393990394501963,1.5880351847871625,0.01081345644033438,0.8723594041408903,-3.561293036445473,-0.5378834505154712,-0.9193702110361339
0.14567846205637802,2.107578661457822,0.07954473018799146,0.1519218442285095,-4.761360919232937,1.1812345947398708,-0.44654850737015406
0.1729253279814591,2.3014899936884206,0.12993293417977614,-0.2663459973628182,-5.660689661715879,2.8009543319768406,-0.29127143265836614
0.1311553501610594,1.8478717113912997,0.071131502796689,0.45651711014899843,-4.199739178371228,0.9248711531670314,-0.7072476783781478
0.27388092222755517,1.53694991187201,-0.053363463174311176,-0.048009522174462776,-3.931612274810548,0.9730744730776745,-0.2872789191131031
0.03623481668460617,2.1649792883325656,0.18607380816222419,0.14112623293903043,-4.7019523018064815,1.1046997545332788,-0.41280264786174653
0.06423833123315831,2.389653862162638,0.209695994694022,0.17113720169758762,-5.441566711977015,1.9167476502412821,-0.567115258901496
0.11558120455910177,1.9651172458561847,0.1212577609489025,-0.03326063339295196,-4.553573064980679,2.218956764781854,-0.4702561749015213
0.05685418296510222,2.588822097680406,0.20007313128762405,0.22647116314989368,-5.54049240289544,1.8118445857279488,-0.6101894436295143
0.19350810894744358,1.6744062618233748,-0.001329173608509704,0.3801842135616621,-3.971549752627768,0.3115895716051966,-0.5777749179512057
0.0613167166757868,2.4410377963155057,0.23011078711267863,-0.25724954902173025,-5.673976827867877,2.8542505046664535,-0.23781543366094607
0.26170865501814716,1.6038924173534528,-0.02780554424884496,0.30153850006354743,-4.302901139060858,1.104319633813274,-0.618924362880855
0.2607354534594446,1.5419597418583217,-0.0749293056093312,0.33413023172648665,-3.755043917058421,0.21808525956610147,-0.5222972188111984
0.23926722885816598,1.2972018732816926,-0.07564272269367744,0.41915431943036946,-3.1950109891849783,0.7249758857005763,-0.7331981648904534
0.3200387359641562,1.4058652741792919,-0.1051179344551132,0.17493786910713743,-3.881783150010365,0.8317491286766786,-0.46517768829632206
0.22829615060200087,1.3177992252652317,-0.051395436642489356,0.18412366972103597,-3.397482878721602,0.37306255083682405,-0.4016467092003366
0.10298289018359943,1.6759858760263673,0.06696190189174889,0.5625289955708893,-3.8254194292469728,-0.393371524232096,-0.6050127358188022
0.14750916559480967,2.3168658975775314,0.0912937657884394,-0.17491203593765792,-5.004048884010302,1.6478627785417155,-0.16963729197145275
0.1614342559264326,1.7419261147805296,0.044355624454343046,0.0018848358559820089,-4.081452888598307,1.920168016729747,-0.427479404586226
0.34468761855700897,1.3487448061993308,-0.15162855414300425,0.3903291992870111,-3.75566257090974,0.04192606101186207,-0.5202159576847871
0.2211938894048888,1.6226098025401081,-0.0014376020780901833,-0.13252533816909814,-4.117023206847196,1.8547769971654366,-0.29508811335898655
0.10668361784141443,2.285618188079255,0.12998703736163186,0.2560474120308409,-4.947068324817106,0.8807550616131488,-0.5415889591476671
0.3209450783181611,1.081002916033777,-0.1556003039565924,0.07036992795806243,-3.184265334525822,0.6974150538745811,-0.26921739940618833
0.2382316823823474,1.0906587553405112,-0.08441073561293733,0.5259420358902772,-2.8923887205988605,0.5685924321152335,-0.8004710997478026
0.14003353704153543,1.7273671579155718,0.06536972943489872,0.3566820709504753,-3.96718862405007,1.5202548412674386,-0.8200994785438248
0.21940030512919764,1.6099245205900583,-0.0166180920909742,0.11062165680726321,-4.010540647029353,1.1638520135310069,-0.3796743722938261
0.03006961094054644,2.8995383138869064,0.23403953214166018,0.08736024766233935,-5.8590583875433095,2.1567084248966673,-0.5012685916988041
0.17231190202954536,1.8316533852459937,0.039598436883852894,0.5139054590728279,-4.546280828206187,0.3629200572401745,-0.6448924572420023
0.46305348182137185,0.7174362103845187,-0.2650338136670304,-0.09569641521943803,-3.131068225725726,1.6423994197140277,-0.24560658288591591
0.22075486868576671,1.519957142548809,-0.033852275314661284,0.4360884475400484,-3.8542662273998194,0.13645330236084383,-0.5599783717617043
0.3988009720030014,1.2896950553580278,-0.17425885803447838,-0.0012922437470354597,-3.990924977830379,1.510008365708865,-0.3171511689140364
0.11840443922300871,2.220368978041103,0.09244550454182043,0.2987798239492677,-4.744875591453428,1.1233451743057437,-0.5425581573256624
0.07079357710625395,2.226424495142902,0.12504139316314777,0.7136817397436814,-4.659337063435637,-0.15341345653989158,-0.8120928473259187
0.18658868416307128,1.4646556130493933,-0.007572270996880848,0.02223385631312841,-3.585788328106293,0.8958013819919518,-0.2773177877403529
0.2775077833511518,1.5912634799551577,-0.07623218671845744,0.1807663789250973,-4.072886609833382,0.5846056341787376,-0.3740301733919713
0.03282804217383068,2.829605415991862,0.21874420411524076,-0.039492787362660875,-5.645969130858155,1.3186993802071416,-0.3077751945834228
0.26812018847375585,1.352655028467661,-0.09310437656873416,0.38973415270412615,-3.7667887138225895,0.25156537980637844,-0.37137949003003434
0.1385269070015901,2.126381071945468,0.07985876630295086,0.4878701956234511,-4.51182858948061,1.281839303579922,-0.8531966923755674
0.26519445424001903,1.2668332415157115,-0.06660146259123267,0.21525031132930939,-3.7090992467299455,1.4248323276006518,-0.5286855223836578
0.14150726233749533,2.154615538927195,0.13429172557658853,-0.20917136274621895,-4.98508295727149,2.2379558654373244,-0.4009553756567432
0.0961372432189355,2.3046807631240527,0.14124419573843183,0.04100101816969906,-5.02085023029183,1.5250020103641826,-0.3552131876413486
-0.03286549285180525,2.9076173340244793,0.25517444105417564,0.6072989221144027,-5.400836230423414,0.34957006329988305,-0.8260569678131934
0.23761886997205958,1.4918285412259116,-0.06442971635419159,0.5994412266111087,-3.662146626455337,-0.41846548572656356,-0.6309157366263691
0.1944784489165904,1.4204280657703705,-0.025193036592797147,0.21321915076383557,-3.4620968374170307,0.4964333990144357,-0.45074449075258793
0.14693788426934806,2.191215143403436,0.09744950398544194,-0.27938503395357994,-4.770440556905324,1.1830617990096846,-0.13440821563429728
0.23300711229317983,2.180767850297291,-0.00736847867421786,0.21747113168899387,-5.066913763123329,0.8060215512213558,-0.3786495104310119
0.21571333420393793,1.6190516450332773,0.060337247109617076,0.03727895674901416,-4.605845413222577,2.582113933442165,-0.5681507470035982
0.06886435024430773,2.269056170811385,0.17283814491077365,0.34013595380595363,-5.060217872248892,1.3366201156407778,-0.6417190927340184
0.1974353930358283,1.5635000441895106,0.03508158088473179,0.30839648399239755,-4.246862489287626,1.534902206197806,-0.6675027110903545
-0.11942739422441112,3.2602649649681146,0.36288211337655873,0.5190146869842306,-5.943718054561416,0.9196718522521781,-0.7990765415824206
0.08144974449273415,1.9136118602224625,0.1307325185026862,0.2332121350197325,-4.443507621541347,1.012992853654521,-0.4469542993125146
0.08461174953307257,2.2722654597397685,0.1676355269483465,0.3583764672401813,-4.954464257538303,1.738840321800196,-0.8488728188189387
0.20804896936787373,2.170929965605561,0.005366002638207412,-0.034299027371520296,-4.833986720416583,1.000882521385262,-0.15445759818791668
0.25204123758134644,1.5146937414420143,-0.04685746350311171,-0.04837887896032324,-4.037749988365235,0.5325996555681362,-0.13944819156461102
0.2142556755884793,1.5408406563086916,-0.009576015608036892,0.4422754260164196,-3.8931839067338125,0.3252286504677808,-0.640369070152412
0.2620047865459381,1.8699199362859793,-0.05432351284048509,0.1959964200314479,-4.399493487945105,0.8876758582888267,-0.40871584900214775
0.27976609578762085,1.3785620692976823,-0.09062545723310378,0.2562435751108097,-3.83231714528406,0.3095055497692385,-0.33247535765476416
0.22713282744571164,1.9618149917996592,0.0055163705786127615,0.34225639580565426,-4.647892807615105,0.09872728535119997,-0.5763866614177685
0.17818812743569068,1.46099996735088,-0.004974115743443974,0.32198748340109906,-3.61296275884453,0.009140289860890185,-0.39901686272895864
0.28372120679573337,1.2901104067851827,-0.09911292300075247,0.22987506081095044,-3.5189494453165584,0.3647947578803626,-0.45676725393741446
0.31808240177994646,1.0541164207984481,-0.16036430269299262,-0.2025583114469884,-2.9964117189833823,0.1666707218506401,0.010449108497023615
0.1225077258148952,2.0234919977570343,0.14207539471840502,0.13654511958189053,-4.854549015961772,1.232833109383522,-0.558701934196186
0.15299667249223495,1.4211867938744298,0.06929732852078918,0.26894926578469125,-4.004779907655558,1.6209620347593658,-0.6508621770900251
-0.000470176746645598,2.5478106574299484,0.24652636076729806,0.13526177873508644,-5.3140955153811325,1.381511331700637,-0.48324611487828356
0.2507125936084695,1.5527437550682444,-0.017258893716280088,-0.15327693476226764,-4.120415751746203,1.4352662371714788,-0.20159216854695167
0.1751398487288712,1.7329163263517777,0.026527863943746732,0.5447810185975804,-4.299914255848722,-0.33962393322681284,-0.5783902941581056
0.03018116246589057,2.3164061917974483,0.20500370311057048,0.3533045538237529,-5.143252559633724,1.0506877864108013,-0.5589305468341631
0.24856563227971878,1.7869373806186417,-0.07457115877153186,0.5648892640406644,-4.07652034745919,-1.2639683629312923,-0.4745019930306328
0.09522539779382465,2.0639942394958206,0.10946513170191108,0.2487156125299984,-4.390552934529833,0.39170259366426263,-0.47210454275516234
0.11568077419101574,2.1537656397969887,0.10375669661763798,0.02353934005577657,-4.679246179301007,1.4936723886126515,-0.3312701547523803
0.015120316150326626,2.7383672714988103,0.22168795965106725,0.3961271585734271,-5.480769145494308,0.6929591609792835,-0.6264755673927864
0.2975856449455334,1.0237066940106878,-0.09704951915121329,-0.17839542050268242,-3.0524283901013933,1.5828824383720737,-0.3559693413212092
0.10900458971911886,2.2432471985349864,0.09446414404300119,0.758826648212426,-4.618978267045126,0.07328546154099183,-0.9576873731131279
0.14299110027028863,1.901597684571314,0.0577674225683964,0.39518358094331496,-4.290777493715011,0.8345970559491628,-0.6349492274538981
0.06168690980842552,1.9424432059717112,0.10451068883475712,0.7281583807589418,-4.042713782200757,-0.5617327177643189,-0.7135037330453199
0.18044322228069815,1.9337942206368781,0.027971834844964905,0.12443039339330775,-4.476768448236616,0.8515919520694673,-0.35590206361132926
0.26411399546799974,1.9983041377360504,-0.05335346285139231,0.1831641254137969,-4.571953970090207,0.11108790816489109,-0.37905488904317053
0.25373818204087406,1.7307264487728307,-0.024014634833926296,0.22223324481447904,-4.430982201452344,1.7323115972711431,-0.5748045033213804
0.2316850083150774,1.5154631422078528,-0.05756289080193144,0.6400352382511214,-3.579607116452911,0.006851307000835128,-0.8208377566122189
0.20069375318345206,1.4813946034369994,0.026583238226839168,0.16859424016137656,-4.119597036477582,1.6071321235502254,-0.5127338953164521
0.15768838666672086,1.8785318881541415,0.03643981854233158,0.07862341963220115,-3.9849912590047567,0.7043654732533411,-0.4296696687211533
0.2693607532532635,1.5893635467239284,-0.05825749177803363,0.14563268599725593,-4.251472080177526,1.6247336099369052,-0.3710868672408434
0.26893938642466114,1.2293788743791054,-0.10242621700197552,0.4413893054150668,-3.293493690027361,-0.029227244028845245,-0.5736729183331305
0.14602898251701307,1.718822659766608,0.05273907615954698,0.6813994649185997,-4.1119369728012325,0.4953563173275862,-0.8798551793039546
0.17532890721558922,1.6268539754261486,0.012129764928350939,0.27402646326762914,-3.9758119263203144,0.9204229731764377,-0.45614585448048406
0.2546341916048995,1.4043676711480269,-0.02779299286641168,-0.0701001797243973,-4.043426564629822,1.5129243979714262,-0.2744743013464289
0.1629826346270211,2.0668384695554307,0.024995572097528784,0.7839765625635069,-4.5020378088320925,-0.718286843114731,-0.750047739938219
0.32714150162150746,1.8402903118310738,-0.12867753695277395,0.23560015046680963,-4.306147840234729,0.3554408493008138,-0.39554005879403575
0.2525546618685012,1.5380862895761045,-0.06345648045929453,0.2866872959029141,-3.8840152137697355,0.3795295439331709,-0.5066551800135378
0.13404783370010237,2.2497808910443626,0.11695019486644309,0.24182046603948887,-5.217098677771685,1.3016182796076443,-0.550931525305682
0.18031466701770182,1.6145266430840557,-0.006583296384172099,0.25464689660157946,-3.729000113489353,0.1859682625225943,-0.431293904600018
0.22449895972029765,1.5525508025922476,-0.010771353707853093,0.3779082041534108,-4.041312654020776,0.2613098249799737,-0.5818546313418803
0.3604021387415611,1.1954920427225797,-0.18917092844331096,0.3815149607420935,-3.4595649081553557,-0.31449876113202013,-0.37801318953201685
0.16362370658860562,1.9126509801319622,0.05047733265190879,0.1331466025454389,-4.343336373879464,0.8546614029105799,-0.4418915928303193
0.11969952071797182,2.168091458303996,0.10366690428951508,0.31115882611753487,-4.6553169592453525,1.673369498143048,-0.6604759399961482
0.10939508987726111,2.038036120726392,0.1378573324851453,-0.11207510882043578,-4.670957204800802,1.6147435450234018,-0.3474265973970661
0.07938567161708153,2.408841925328036,0.11594370264960818,0.33872923850411474,-4.697702948927673,-0.08580666999769389,-0.4757244636016613
0.26342317457989933,1.4476609230563402,-0.04079636482335247,0.33360833681933405,-4.165410468636153,1.2255437492720107,-0.6082706325805637
0.15333280763310878,1.8703281300791044,0.044137366474976014,0.5901405025099907,-4.264484867814577,0.04501606376852018,-0.7317150968597276
0.22537874659703322,1.8092317146832082,-0.04772788642035297,0.548812590805951,-4.202174878823448,-1.029233602879131,-0.45889473999957187
0.2499469873173855,1.3901810618664925,-0.027215071123698364,0.32276240932284117,-3.80319503723275,0.8828073150416903,-0.7254186876919285
0.18993251006853562,1.6719844504705768,0.04872505943746597,0.5668308129612722,-4.1603307644201255,1.8440309615414907,-1.050771470465343
0.1881828674136062,1.7186148398639691,-0.004346202115672604,0.46474421275199085,-4.033257295320372,0.06509421298403649,-0.5685272229397467
0.07008508916459358,2.201769009331655,0.17383743793380857,0.07557057173959911,-4.8390807378324965,1.9597400951170576,-0.5959827793133854
0.1218163349275135,1.6346114457216518,0.06943708390965586,0.30344224875547565,-3.9242850833531437,0.45694231115160444,-0.4767520100476833
0.11921233706055315,2.33739498704647,0.08413812774074714,0.38754351915406393,-4.735260331400378,0.2731949987940271,-0.5710921676945359
0.15324314482021228,1.862107220072216,0.06919330438079041,0.08102283491990508,-4.512067981257243,1.7681004296196539,-0.4029859684814705
0.40078493464747594,1.2164171411713975,-0.20067949581642142,-0.24545564459295766,-3.7177540155929605,1.3043045696008164,-0.020117963356818758
0.1556714665353919,1.745914791935891,0.06419570603889069,-0.09236693748836866,-4.1209122589907485,1.023032595378812,-0.25202565845841834
0.16281997419939045,1.9844775552025409,0.008625389318389631,0.53363680793039,-4.315223056045753,-0.4748098251847176,-0.47905178091568806
0.12292508635953686,2.064197725423695,0.06626251275984418,0.592799736552382,-4.310210753708482,-0.13114688028280178,-0.7516515960818702
0.21414785697195587,2.022795167115792,0.04835926603520546,-0.09735846624623157,-4.809946629322533,2.0216469393624465,-0.46066423053154215
0.1973249844313266,1.9482116261285796,-0.015424624268223885,0.19053034227576623,-4.1030913645416955,0.2483482091376531,-0.3650839850985249
0.1153212929095439,2.521958888678932,0.11697369734317431,0.17228822382266964,-5.210598574066311,0.5111347978961358,-0.3973009229806861
0.23628830122266403,1.3818880260986897,-0.06900057887505484,0.6766566143466389,-3.4422493767124536,-1.0941766616571882,-0.7539201328418667
0.06119991575687008,2.4084598677491464,0.1885921380621276,0.5020651165986154,-5.284423974845543,1.3483453814727002,-0.7783600571020821
0.19051956308783932,1.641898603690407,0.009972237545593066,0.4313511359796691,-4.040996811863923,0.9803759048887938,-0.6991181710459016
0.27169569267707333,1.718121581643237,-0.093401956074596,0.1149871066508707,-3.9992917063727527,0.07405782495494773,-0.23152180637335232
0.1791101257377228,1.7479253532024823,0.040580858514450036,0.3816559741533796,-4.263097279791508,0.8141214298177872,-0.7193154231039081
0.1116564197265237,1.9183125747230425,0.10411331579057514,0.3435224958330815,-4.1978916568881175,0.41808301061297753,-0.6450678117898669
-0.010288060063933267,2.588931707550403,0.2484766721452436,0.13860229765074228,-5.3620606215265765,1.2971889863160182,-0.3660899418197389
-0.07399102713040327,2.5967473519057376,0.26983687800806955,0.6873879560282927,-4.8422696504582,0.029853374821032383,-0.8609107679760328
0.14756679288776714,1.932910177085185,0.10787069363596391,-0.0329896908010493,-4.755785259912278,2.212045535834932,-0.4563854406644812
0.08931896559351302,2.2316856533043525,0.15920203743941141,0.2635994974081589,-5.158203555331589,1.1800080625350582,-0.5003355314806375
0.3748702572778085,1.038199766717824,-0.14331636465056063,-0.07077790204288462,-3.6353987314463154,2.025646948757893,-0.4355269790875418
0.28056602640152656,1.7061109453595775,-0.039915395047034785,-0.08660279804937501,-4.603142782360418,1.339497943781007,-0.16695926118199797
0.1853243523775386,2.1080612794172624,0.01805371557374902,0.619757261218016,-4.705706997677189,-0.360855259781055,-0.6232238760109516
0.20828043936287324,1.5633470791062658,-0.022146730032479578,0.5572443170306643,-3.799553295298968,0.14839781699466564,-0.7517434931332158
0.32913924923401383,0.8596714503348459,-0.16360025271750817,0.5030302116958856,-3.0057449513682815,-0.26445223747037816,-0.6103567808587915
0.16269724416137776,1.989383954318777,0.06822605301979334,0.11685517429143841,-4.787721781313215,1.244136298983964,-0.35548294330294783
0.2247338716391537,1.6780086594402892,-0.019918807828446683,0.33041804145760534,-4.029434155091641,0.9193319661332015,-0.6834465627650523
0.0933733059400823,2.0353156063356383,0.1709816527043415,-0.17359750416291342,-4.801058373433417,3.4885527795893787,-0.49700372344253196
0.13249429464287388,1.93312558046102,0.08683327517655615,0.14424627573716295,-4.6879008825527215,1.0098670232164069,-0.2529911758274189
0.2221397205018401,1.1371366419709479,-0.042951338820013785,0.7224448762945359,-3.348455681309269,-0.7191554401645499,-0.7849868702830409
0.17227501857916858,1.5169422021346572,-0.0073158250655702695,0.6516252419653727,-3.52849625902374,-0.7274163878502484,-0.7120424993302734
0.2244943495434306,1.562116347576425,-0.008829163094777437,-0.043594818186059675,-4.071828667634468,2.1330446359978077,-0.43189047032851885
0.23269975056533884,1.844907323820365,-0.05988738058419685,0.48226308781834126,-4.110135532173444,-0.0045556477620745175,-0.5373030391223557
0.2416554543651024,1.224047562062245,-0.0692295624474758,0.49207603019121976,-3.2490459039647788,0.28943325221416244,-0.7213997858814427
0.24932663565089871,1.6997868914615746,-0.009135400388862402,-0.3281745264830687,-4.356861612465869,2.4912840976727417,-0.19123183690155765
0.2868983739133797,1.8156257908551459,-0.06842512289826819,0.03770474830388004,-4.306519609691532,0.7400792966631786,-0.3398489138966183
0.19315247366921268,2.017566849206668,0.024635365242171803,0.3797906792260314,-4.635066466646806,1.0387749275164941,-0.6476807840898392
0.12826559789659728,2.228263566841458,0.11304159271294667,0.3076081808646801,-5.087672658254475,1.147046386699278,-0.5766097199165049
0.007864421636343712,2.7448419665499815,0.21410061334514685,0.6614300538165382,-5.43421932148711,-0.1352309214728449,-0.7726505045355878
0.07562939062417581,1.917141450606793,0.1854806449720885,-0.2541894408260774,-4.779796221952616,2.5578581702347765,-0.2847344262526966
0.3160449396683776,1.4661233976997834,-0.10058877515602938,-0.25499357835981684,-4.133832265908042,1.5417627938974934,-0.027759313044358663
0.1793474790291228,1.7614067806930143,0.02494657671512912,-0.07137558060376517,-3.94928511413942,1.709268634126324,-0.4389617473895741
0.09815940775787524,2.167076605236181,0.12379145698237903,0.3322154689926623,-4.6718399126292,1.0496181142891887,-0.659432329647112
0.2521747554012644,1.7980242459233629,-0.03278806273554569,-0.3246714220729997,-4.322771951891905,1.6103815828677261,-0.032086047978802545
0.21299327489551909,1.7519089977451392,-0.005901867275924788,0.30432078517904715,-4.1861675980565725,0.8855770436873955,-0.6081246749259533
0.19119775981056245,1.9216397204938882,0.015566304372411022,0.1435063567901932,-4.507712625976948,0.98086611219855,-0.3423804761472009
0.2274536483952595,1.7238075761014215,-0.011611903189153283,0.09370657448712602,-4.184207059335494,1.1361820508506622,-0.4227290783695936
0.11751073553641081,2.3143933948713347,0.12384980273970903,0.24795484686444286,-5.185792597564798,1.0809226290520366,-0.47393589908351685
0.06390254172921964,2.9540677393350787,0.20407576527077165,0.1394971299323301,-5.84160532002393,2.4759361416659127,-0.6997353031000472
0.11200630407683902,2.201991706101027,0.09584113586057397,0.13633757496822305,-4.660848890153593,0.18027837390679816,-0.31600267534045345
0.27627399109884904,1.4135645591568098,-0.09672484473312704,0.6098135215953131,-3.75205131928822,-0.2654705026985471,-0.621070383677967
0.2067701851751996,1.1962226161967577,-0.03116294978681755,0.0912142339646315,-3.115209997475663,0.9542365944666499,-0.4435439937772903
0.18185418333837292,1.9303894752029964,0.09706498068204139,-0.14968820312653364,-4.856018941791698,3.006525586922677,-0.46161403600707135
0.07127593999424987,2.3582492815057634,0.16185150964575357,0.5273042125721463,-5.254066729431652,0.5573217981231591,-0.5983317948220883
0.0341625833484849,2.1400333886927685,0.1388348645864288,0.6089599541697832,-4.327043333822862,-0.6181572548538873,-0.5940956350575815
0.24334301929324625,1.4076338602633724,-0.005053068094797886,-0.16377255077790795,-4.1088883244755205,2.212436292155066,-0.2653105349570034
0.28589325726932163,1.4159161568138914,-0.08952357666752764,0.39306782393358924,-3.707815545798886,0.36643864671238646,-0.5969456125652118
0.13390340563992856,1.9659076029326532,0.06684973871160182,0.2288544199560326,-4.359053230654278,0.25468855520820133,-0.3782802327360416
0.22631735642673895,1.9476157878963454,0.009676147672023294,0.35294696457378366,-4.710381544035233,1.0713411191679916,-0.6123730955366435
0.038134544137176325,2.1853811627462845,0.15753732105038365,0.22371478132946968,-4.404197219498201,0.7391259166870647,-0.49330095754890246
0.22575331524637646,1.5946014256803691,-0.036737238767614144,0.2604034148323404,-3.808477602985949,0.6004664819518133,-0.5172850509576187
0.26030971442424594,1.9513626824677894,-0.07808960814323762,0.36805059776152516,-4.426671001551081,-0.30692555372748237,-0.35085786898716287
0.27962072021384987,1.5571141485109308,-0.0928950483426787,-0.08816188209346244,-3.8404109142686655,0.5858395685694364,-0.12776927413992165
0.24832159580255833,1.5974193678891302,-0.0729544098388053,-0.06034597385064755,-3.756140271428002,0.3723983161618845,-0.0645274975107385
0.25141546628024164,1.3789504503186008,-0.05063607197925768,0.1116453315956566,-3.6615316368315263,0.8334170849995897,-0.3954678875352651
0.13784769374481037,1.801602438864812,0.09862272293435859,-0.057091931760103826,-4.301497627000404,1.7766276364817697,-0.43804925003112255
0.16811706625180023,2.5760229578027265,0.08306261623081279,-0.022434438084244,-5.445186296879,0.5206213307223173,-0.2500760867170247
0.10581723952574851,2.325871895896398,0.1156039042890078,0.26868556702010393,-4.924836403301199,0.7734123165891952,-0.523521850250237
0.25458552779093707,1.6730729735534617,-0.05410048444716553,-0.08304185746734014,-4.187196288716247,0.8295100853561522,-0.07509336587883739
0.28798852671121744,1.3923334978320951,-0.12565118325646907,0.032363792043110226,-3.4586835616621032,0.9583730758403545,-0.2313970400249526
0.1622355606832115,1.5858835782328509,0.04427573370962956,0.031928284438217075,-3.9515719397554117,1.124118708034222,-0.32768554107656017
0.31131285800554565,1.6484280436873537,-0.048925223699033404,-0.1594617814549203,-4.637187244484709,1.8058143952672592,-0.2717468727054245
0.11079164413381822,2.193920126348404,0.13436629213800488,0.33681646040859553,-4.876418608761589,1.956297764411363,-0.7511554137870055
0.3184544395416646,1.0387812575665785,-0.1481848549207333,0.4173879220775158,-3.1063955974550788,0.07902131153755294,-0.6262157375869636
0.33369347138572053,1.2897653732715426,-0.11401203647227898,-0.06521250946467623,-3.8420479799159972,1.33965660210773,-0.28031736043388134
0.1880768266466215,1.3869317475004619,-0.01403259790393796,0.7416151482032781,-3.6388541767829423,0.06735612266494122,-0.8150593658493396
0.17182481589085022,1.8175511692739967,0.0375039871515388,0.5556289426027712,-4.296574311781461,1.156134572326649,-0.8490977821419429
0.18247817766362953,1.7074948105720091,-0.00921888931555781,0.6649114944954508,-3.992238421892143,-0.5962277815991921,-0.6661157753550105
0.0773659441745223,2.2873700199478044,0.12066629946660945,0.40154349954432417,-4.585397478827614,0.40691573603044745,-0.5817247262991454
0.13443344538280164,1.74504151366414,0.06362497659841293,0.18206509248316655,-4.201597297544414,0.7933082271404055,-0.36234073603013073
0.23255457692617812,1.8015034937228651,-0.014844689859418114,0.053789238931707756,-4.369725734740408,0.9381388711256796,-0.3492298206855472
0.1279118365006721,2.140445855385591,0.11245144593516221,0.3638751388055771,-4.786596863433605,1.1262590116105398,-0.700265233742565
0.21877563801122268,1.9719060187550466,-0.009623763484753134,0.20307073774382386,-4.376875218400545,1.0270754659139127,-0.5339682698155431
0.18072365406659843,1.7532976732410015,0.007715997559357257,0.5127495258010053,-4.121822107126902,0.10975639278608132,-0.6036866660748113
0.2520705772116766,2.1605901417779254,-0.015376979646565259,-0.12615247298278323,-5.03467628479404,1.3443639948875925,-0.07670844148322284
0.019443068052637003,2.42576123379131,0.24563446140468903,-0.034166339628102366,-5.487637286196477,1.8200703220047871,-0.31494557943053053
0.3776511685967909,1.0755600298007304,-0.14439786850211977,0.1416393866014757,-3.9567251429596006,1.3620421391472342,-0.4024904646937979
0.08289859761195877,2.0114105867153556,0.12269718612616409,0.4253505680292481,-4.4637402392527,-0.07868194102305599,-0.5321272667608117
0.03557861776794064,2.4424249732614927,0.1775308821958459,0.5213932053804473,-5.006133523599936,0.12836586964376423,-0.6094561789904467
0.04607733926853963,2.333715044121757,0.18650958405184292,0.3245470754349613,-4.909974033078048,1.038736179457548,-0.6520562856179739
0.1778138358116615,2.0991938091879776,0.03189332618165719,0.14714684688028742,-4.62588889378419,0.606240603297685,-0.2972560594745296
0.31020488074732966,1.0005254022198615,-0.12519514729969905,0.04181221791122296,-3.248409011919265,1.5627989291814508,-0.40922256588030415
0.21309298707110957,1.4174356281538794,0.03827350640503535,-0.18066568275086353,-4.072832755752103,3.0302633225180235,-0.4359036398249645
0.09578802456567061,1.9097798891865176,0.15105365269854598,0.13585386739794547,-4.612686714104411,1.804735844846,-0.5476167306511206
0.24781309100642618,1.8134922826385516,-0.013804496129891985,-0.1822607975019897,-4.379455472737039,1.2025805087655885,-0.23873114892976696
0.06611711149655122,2.036571478700743,0.18213058275629446,-0.04100957696747673,-4.658526726696724,2.639323601795644,-0.523762729332116
0.26098795777082556,1.6974489950065303,-0.09800863538193205,0.5579662674391317,-3.9092809577284053,-0.61531274693894,-0.5094730036492778
0.32747077229284066,1.2688943032171287,-0.12623245821005213,0.007716652844507205,-3.5174544133324503,1.5994736045350866,-0.4147941627141194
0.08347356930329973,1.998025922438194,0.1037029263903928,0.43300788127558676,-4.274149455420462,0.03569556596511474,-0.5602678761473536
0.15878451951086106,2.154147991555955,0.03815602135619778,0.5954610800002677,-4.603728001217522,-0.37323473178908584,-0.6413921653616803
0.2087739829335224,2.047755317495349,0.03024236621257903,-0.20322204727045592,-4.765484190435002,1.9197588473657559,-0.22970167429007374
0.1910106516773392,1.7685695990429056,0.024970220787431607,-0.0035686715250697887,-4.205808029338068,1.4098855264621497,-0.3537788851898014
0.1603409942620031,1.7527283119033354,0.06294453892705043,-0.296125261399959,-4.360258450068272,2.428189752292615,-0.14557230110543565
0.015211292626112602,2.264487542318079,0.19018893152019145,0.40677753601757605,-4.564689782370543,0.44845115636013405,-0.6677210299439402
0.34520841010480036,1.1526995840713377,-0.12537761443964823,-0.04516616569479272,-3.632980910039958,1.141356618831796,-0.3130350924708186
0.10465148006606374,2.335441023686744,0.14883555945629046,0.05601738500221873,-5.225100563601346,1.6813495418333335,-0.47468054459780196
0.15060932058105295,1.9648138436376443,0.06484458367723978,0.3828055728162938,-4.4530273409563685,1.5366553118351742,-0.7246502729664666
0.05274612483605121,2.095584795015527,0.13357372142511625,0.35564249113883006,-4.347261296391654,0.25729705672920566,-0.4628732481754705
0.16005315094010483,1.7930515849973507,0.02599403128916311,0.39080467737451907,-4.104720420247274,0.39785685402922705,-0.5114448581350883
0.28496733020166554,1.469542480132871,-0.06299110359234228,-0.1687690824209607,-3.8562261759283665,2.0455181454357447,-0.3098129653149252
-0.03408619924266235,2.6495908015587815,0.25788439985062794,-0.037553325520712943,-5.071998553258011,2.206933011864905,-0.4880829539196986
0.25643092871290757,1.4764832058106094,-0.06420254677622872,-0.08248248160883878,-3.753277784115072,0.3921838864756104,-0.128817708890187
0.2139597086115393,1.661859623012583,-0.009819714997393758,0.11474386664946826,-4.024979314140321,2.093020231744694,-0.5325608866081251
0.09070983011632473,2.181361926040764,0.12190318130826805,0.7052869909375012,-4.810589296112146,0.5791529494262243,-0.8065634441649197
0.22784132883761093,1.1628310666136306,-0.055375292493843764,0.4157493422583671,-3.2215977112775103,0.40462813255658614,-0.6166461822477878
0.15734612251747812,1.914610642908944,0.05537567542885302,0.15052503748691565,-4.262691720556544,1.4074151292303172,-0.5510164099946535
0.1669689037146866,1.9628375906284432,0.08557947086110107,0.3284899450253692,-4.795149196462103,1.3686226980128913,-0.7011505185561082
0.29379424535759985,1.1342642097277198,-0.1144758092691539,0.6468466901877872,-3.3300583455958845,0.030368970192442828,-0.8483278221758784
0.2238733876904599,1.8780515897685044,0.007388510077989574,0.04759912161239996,-4.560503965907876,1.236056500548893,-0.38877685797546957
0.2605767976918775,1.248122796161748,-0.03819900851546931,-0.05670889277795295,-3.7189244560176467,1.9209186671801912,-0.4057629369781023
0.193776774710639,1.5737340227084284,-0.017257864028524583,0.7754987737484293,-3.761374245363363,-0.31605063228717095,-0.8774630722635403
0.054552325934798696,2.2364248957392188,0.1959865487873198,-0.09718354197822143,-4.887447082041636,2.0514101151091833,-0.39954770761995495
0.33014879166893474,1.2504091570508789,-0.14344999903069944,0.8412129874619986,-3.5481460149025823,0.05538330173239082,-0.9896336618792312
0.23178524476742782,1.3414868575261956,-0.01809987594568019,0.39108001906990153,-3.8674137313291523,1.430749420989715,-0.6909691955302055
0.2867838909925617,1.3697855675538184,-0.10899239755401835,0.16314658850104896,-3.5272640691436443,0.6857083794125467,-0.39962477761100385
0.07575897444235308,2.441044432591551,0.14743620643830702,0.47553655462269895,-5.0422034584326045,0.198729482645642,-0.6349458757281683
0.23430255532552394,1.8487434962348441,-0.03042648526680103,0.017039772658906494,-4.342642230319138,0.6003628225295641,-0.1763781912638479
0.22453376125380523,1.4578410607378518,-0.02210192085844276,0.28022098053238415,-3.896109833106737,0.3429189164450562,-0.4867613830248593
0.022476615068318412,2.623875247565888,0.256841680990159,0.43454637578173627,-5.873183146147596,0.8202306161489639,-0.6465766481102067
0.23507142543683762,1.309038475212772,-0.05068061413238967,0.36240289088225625,-3.6428991492248843,-0.0596465136913622,-0.5086773617150987
0.20356377103518367,1.597371694439129,-0.016416421736405784,0.32239851559838495,-3.783861790313523,1.2438860394230056,-0.6338654814386676
0.11889189875652878,1.960869898668214,0.06705241547172847,0.4845449830657867,-4.302927007724086,-0.3849704298272522,-0.5012295696161421
0.3570294987581074,1.0561037631993866,-0.13378502046004936,-0.13417941389714075,-3.63778735354949,1.916370082427633,-0.2922636804809415
0.20192467442313652,1.886481549914368,0.019781664840203383,0.11094921870629548,-4.600995058076521,0.9045041223129193,-0.29734929229001705
0.24338108276238105,1.9979598007410067,-0.019951369538933506,-0.015592770834200492,-4.643953249102019,1.2349201320114376,-0.2524402664435612
0.33889828680682865,1.2757526922930378,-0.20167524920317637,0.17379344621543102,-3.081939161405884,-0.06738888963924654,-0.2949200024649168
0.2589267114866692,1.4439885493404911,-0.07905869530299192,0.2540684886051857,-3.7461191361376924,0.38753774152425613,-0.4077636722615984
0.2574701547685067,1.6102597881784966,-0.06153580253920565,0.1782133596019022,-4.093239446473927,0.38569450503577957,-0.3159871563142912
0.19062861170943585,1.632787485982074,-0.03995686798081488,0.6788039773508396,-3.5643664524807948,-0.9099818279622172,-0.7080294624979413
0.24864510376375643,1.5699866220820835,-0.05328745414650582,0.6429061119011448,-3.9634064074718367,-0.13874552332045526,-0.7522643254980733
0.12572232384919843,2.1024188843717595,0.05577568697861501,0.259769973950824,-4.142790708926067,0.46114613676173677,-0.5256394584480105
0.2839970754054081,1.750663968777679,-0.08813363417356657,0.07742924269496157,-4.088601832015425,0.45872141064384675,-0.27307332491313097
0.16560464358019553,1.7097924805604479,0.05989970260617383,0.26842306703897334,-4.061070362577135,1.2951026089260949,-0.7209760633936809
0.11633231597042906,2.0477256798003056,0.04372349088732208,0.3041810453622977,-4.052582703695482,-0.7262045950569138,-0.3327926512102248
0.17846398817990947,1.9004916400315446,0.01331671341388252,0.3999457909709071,-4.2857705200418135,0.015662740747197538,-0.548473906503696
0.0861128995351291,2.0238418729354968,0.14642283360285102,0.12262087510927178,-4.604137015731481,1.5137416589402648,-0.46935940529444015
0.001700130288319035,2.243460184465289,0.18087741101648924,0.5403942299941911,-4.5513086850579345,-0.4813752094858139,-0.519553549084647
0.045580473264648216,2.147098004881773,0.12059653861960884,0.769374722435546,-4.20604589832184,-0.4379014388417516,-0.8236257621648801
0.1701667741716389,1.966900755814621,0.052901009069996174,0.026114104638914032,-4.451204104126069,1.2666829536033493,-0.39363766811504725
0.31016143278630304,1.509440007127922,-0.09152964198784252,0.28535208046889254,-4.033659326092373,0.3838454302260443,-0.5135014218803845
0.1412893266708269,2.3233083252449367,0.08728543852777904,0.25783420499271653,-5.254453404340314,0.08841209710219743,-0.28375802393088667
0.18963576295366844,1.9161988208943552,-0.011632501048864485,0.5973248190352385,-4.121649955516756,-0.3073387083869145,-0.6921797647831157
0.24060011612256255,1.542181727335625,-0.03429590646972813,0.036036625317817234,-4.012911134973275,0.9312999547142782,-0.2782098483964951
0.1690494753599879,1.9756409693086252,0.058898002118456416,-0.07370580736013785,-4.56372608827221,0.7713199642833553,-0.1658850371450834
0.054121999240668885,1.9229655975289612,0.17770066802148388,-0.05018266399543708,-4.345552331640805,1.185665645295152,-0.40592737599028095
0.0346793060261734,2.1780983703014734,0.17625958233271155,0.3654618210353907,-4.673717731106642,0.7492865988527064,-0.5697749463358559
0.16040282118817153,1.9193674700160421,0.07194076060184784,-0.0553060775775871,-4.57127803281266,2.008115903430621,-0.34856231051475606
0.2673758135848791,1.6188508231835907,-0.05815834564212774,0.044892958759874646,-4.066636902702692,0.9292654465564777,-0.2936898751259218
0.14743222339026033,2.0168790169892907,0.051455077326925336,0.12658412115687603,-4.416915605093643,0.297038670536686,-0.25875655697045274
0.21448836058898,1.761869116386583,0.02322034111939897,0.09231097373647179,-4.484877062812848,1.1724380927594584,-0.4149165555491756
0.3367220849022709,1.6808618922635663,-0.12966735469595392,-0.05906808103391431,-4.092392600025198,0.5539212735151002,-0.2057727205969015
0.350282983048368,1.4141948010478866,-0.12836022528653157,-0.09732549506078353,-4.1541544284521255,1.4904383997324935,-0.13878666782964094
0.27524040090009977,1.4839374865896338,-0.03923956096101611,-0.05119744330077142,-4.1421987668684075,1.3792925356536199,-0.3188500282882426
0.061211372095499435,2.706520749298563,0.14328395824808826,0.45511914317172636,-5.081869677244835,-0.528299026012651,-0.5654491319874574
0.20744085713042987,1.1528307987578257,-0.07578993487118346,0.5719463595731898,-2.8727754091357474,-1.1686293608771625,-0.5652036777750576
0.18607400821254583,1.891418895085922,0.006396523502119056,0.4487743222276064,-4.277774880101476,0.25686612328531805,-0.5709391206465019
0.12364241595402216,1.9119085358612895,0.09508438520026874,0.20699391869114792,-4.439643546846923,1.5322586735581736,-0.5172796521857576
0.2772642689118306,1.7517266569574006,-0.05373335997615225,0.09681913316507246,-4.401196454970559,1.3157335158688985,-0.41877953422046665
0.3199529972208273,1.9103293171783704,-0.11315998871435928,0.0783725992877462,-4.4816683764599485,0.6274076587472674,-0.299150691272546
0.32970989173715953,1.3894131782761807,-0.10118574924848733,-0.12313394625434156,-4.1468331251120745,1.5965958916258516,-0.2317639568166155
0.13276224231462053,1.6268065878064386,0.035061761596133945,0.5009491509873842,-3.7888369508179656,-0.3059631678781578,-0.494594787949318
0.29538307467186325,0.8814277460419095,-0.1162739733742787,0.15847466466803223,-2.928283659589675,0.8952276295687185,-0.45025128190151154
0.1954769966939616,1.7506868281465082,-0.004673481164760185,0.08835859497444232,-3.9846910826986,0.5108944513052897,-0.34219697566949125
0.11396073913503985,1.7445278288409156,0.07683076636603947,0.6000680676090607,-4.101465570163903,0.4563831398933153,-0.7530535191126828
0.025619057686569253,2.397739090087275,0.21617953128852307,0.07674238168812975,-4.990195719646167,2.1250539812804847,-0.5508748156245343
0.27399643499875775,1.3247452169963687,-0.08704662832772281,0.21331823671989453,-3.642171689517732,0.5382683111930837,-0.4018223627472942
0.12506383767359416,2.0859939190050305,0.07532092793160561,0.23333393675771275,-4.3420392134713,1.064032478242187,-0.5169376556732637
0.1611022099681111,1.7448217710295253,0.11561278926656726,-0.20818138256004126,-4.689611821700341,2.5575712608672934,-0.3385292034926244
0.1857873508272605,1.7397053594989225,-0.017125036377205083,0.81087101384471,-3.8592008544478857,0.10332570938844325,-0.9425978111223146
0.23185549576087847,1.7248180144283902,-0.03561752947918517,0.04529720010525115,-4.093128277403537,1.429013866442072,-0.37530573094552255
0.18034143927035054,1.664025493952954,0.055961364242975487,0.1515944796896057,-4.11114867959728,1.4134065133895173,-0.6621224356862336
0.20884949196883487,2.2501165769591704,0.014660611477125274,0.2261537028763331,-5.055876879158023,-0.017213693751235624,-0.2823889451698119
0.35699687583088735,1.3776106740907996,-0.1453262941315142,0.4813223364983863,-4.093827076209001,0.3341592475769236,-0.572181659069753
0.23744688162480984,1.6770841365681726,-0.03705071251496728,0.3230675688128624,-4.041329117520177,0.5142876724345233,-0.5944438192463762
0.23594168400722212,1.6081849644679296,-0.046692323213988196,0.21194980245044956,-4.012805178255867,0.1042491413096858,-0.35653373505085817
0.2985707762952307,1.5358613896835092,-0.10551421408125594,0.19908544576115556,-3.8131797609308578,0.23535282536131671,-0.36864761113393807
0.12580979464228303,1.8397841625788625,0.07834446626612923,0.2373101796351155,-4.14848509986755,0.799389877125189,-0.5255030339794005
0.1596042045475163,1.9695194404471188,0.051440233144649294,-0.1429924525133767,-4.3041284068604995,0.9668937801424026,-0.1886995329588495
0.3424248274974997,1.3634143895155075,-0.13373331791335852,0.19056793022355506,-3.697544056779826,1.314167853661954,-0.6124140628603469
0.18887988178082044,1.5709302655225117,-0.01612368024989763,0.5287898073563484,-3.9317320696988256,-0.3001133317885071,-0.4465812223092085
0.17976580126416708,1.9508199654934688,0.04217079288286052,0.36003352935851496,-4.6207680780783,0.8049877624043019,-0.5565901928725674
0.13393534832108783,1.8948127447189012,0.05593898364272931,0.5994261959597369,-4.161790023411993,0.27961421750965737,-0.7849662108310089
0.09172491068213724,1.982730308475217,0.12336401952376286,0.36740040471483915,-4.388903979683654,1.1899882682472334,-0.7191793097348859
0.1502110517465862,2.2036619798462924,0.04493897415238868,0.22542021627121578,-4.571574245266725,1.2069585422714562,-0.4426867080299989
0.23089373574219957,1.7224945678619354,0.024071696766683415,-0.37137715824287576,-4.391194703361517,2.245444589532755,-0.14478051801221897
0.1334629855313936,1.9949211692493907,0.11108365767940942,0.04085419234270071,-4.663624755890433,2.068013504766407,-0.5531955858496418
0.16714110195688914,1.7115498572447423,0.08289661167710038,0.27315282054392437,-4.623235801703233,2.2433862607178447,-0.6553838000647941
0.2607341200225021,1.3620947357943614,-0.06379111520633196,0.048372099138417224,-3.531169506449998,1.8918869917954868,-0.5578401608166244
0.353861445675874,1.0498069342978724,-0.15471154354582006,0.03951326477656429,-3.432449882778732,0.9123724541025192,-0.28147446300834367
0.11845568993479932,2.1902599270650946,0.09905697471023589,0.23079843817610685,-4.800291077880204,0.7290556750245007,-0.4091728912273682
0.0807589170129356,2.379607662388462,0.16605983450301975,0.011509511912144527,-5.183319141728595,1.2063527259808322,-0.3974511633473008
0.11533069204524254,2.119471022857113,0.0887134705812187,0.21760031239170155,-4.544631225406384,0.7667589418391625,-0.4916112182921748
0.2437656851938275,1.4128218299583728,-0.05341534291589789,0.40754755440492774,-3.771425236193924,0.8630942104848819,-0.5746971883529426
0.12441574042917022,1.9925382879647686,0.09219373225287097,0.2235833420829613,-4.69084496920754,1.1233651207678839,-0.37596477627125047
0.16173294636321262,1.9547061257141873,0.028037795121852893,0.12663285889994752,-4.18335167345868,0.3923491613625252,-0.339835641788076
0.1440302429024397,1.5902132172506847,0.05930270194285203,0.6110841676576702,-3.9645227923591317,1.2389990946497147,-0.8963015588394998
0.20255132774033816,1.9079525518597036,0.01672338294944553,0.0038925353788218653,-4.418832957139375,1.5286374372956586,-0.2913742280948096
0.17220504512842488,1.752543221607462,0.04337622951599118,0.4393201519669878,-4.336021280680964,0.7691687714039365,-0.6391110755153121
0.07184087021674031,2.1937853591670917,0.13835115837377687,0.4309271155777751,-4.6331524930378905,0.784275066137524,-0.6757356985493013
0.1588946619341631,1.6756681186768008,0.061893235857565676,0.09457841810872225,-4.109905701027922,1.442527494723384,-0.46914595706395235
0.10635176343070663,2.229881085751998,0.1105497657559189,0.6473645910109609,-4.80170162031327,0.20054337114435786,-0.8141108880660468
0.15910445438993262,2.1250183697605562,0.10782061556527256,-0.03883623500752886,-5.217264204232139,2.1289745027053226,-0.3114999332360652
0.20811217621890007,1.7055762590929464,-0.020479989975919155,0.39212076091846815,-4.044180910219614,0.19214594947354513,-0.5370488358913452
0.295547215179699,0.9904016233128661,-0.08149122679302778,0.16966544447106496,-3.2823576885171986,1.427735980875572,-0.6085770400622978
-0.017612006045296464,2.5844334594573204,0.26036714916312054,0.32315815456328184,-5.453254975260357,0.9111191304211665,-0.5224300476446284
0.23987343803860717,1.7175665337268502,0.0016182966867734905,0.040001853029902695,-4.380081926224418,1.5278863866651384,-0.45273346622979915
0.12651536400821964,2.0266049964694863,0.09984896612654293,0.09358659175898185,-4.53680817915712,1.7421900798639671,-0.5468889566826445
0.06437336343341907,2.5363148324537494,0.1601138045299879,0.3511247819936545,-5.212533972427827,0.7697732987867888,-0.5620195516681379
0.32551147518908685,1.6540201077428964,-0.11089261809637696,0.4618231190554159,-4.24916937138299,0.5234202799068891,-0.6855552569832694
0.285521358125589,1.403864238254286,-0.10500783325936625,0.47031339733091965,-3.5931414857298414,0.5581856998627419,-0.7211953022289203
0.1366885962358607,1.9986271684973462,0.05869162437001063,0.6994045239845645,-4.304125737530939,0.21855497937604113,-0.8983577337887455
0.25075719356908055,1.4166394110413456,-0.03251244150953225,0.32042392964782285,-4.013378362753658,1.004075925915234,-0.5426982178680724
0.36841252211325376,1.3911250367575878,-0.10438934004231781,-0.30564459530365506,-4.2674611006289425,1.872328110808167,-0.14704777572829286
0.3061202584634116,1.7715872999412023,-0.06560735319059696,-0.09281640892511683,-4.624216916462841,1.7867418778834034,-0.2959193345051616
0.24550430138530624,1.4866645341116245,-0.04835663215071573,0.04711238959276165,-3.765803183003577,0.7224192788291574,-0.3448303189294362
0.1841369617683518,1.937681185317802,0.052928665942754805,0.02917376304606406,-4.51827327373596,1.7926637415730138,-0.4488224349372163
0.14932449728256342,1.9363916154505036,0.06207222933264234,0.2975145798848277,-4.466752243493798,0.9070925855852567,-0.5273519163178629
0.25255864443947396,1.6248594580778515,0.039099639887794524,-0.42659286788557127,-4.7759447663771395,3.0295823326409463,-0.1332314716926481
0.06441514032670091,2.075802632482294,0.12629328210329915,0.8741135052243428,-4.3854675264710945,-0.2868570824835732,-0.9513275375499234
0.21626103870386565,1.6019807387624938,-0.005498203484506359,0.05728644821202819,-3.9179020167068175,1.632096912615231,-0.503581247014576
0.13066723056325846,1.713410055386061,0.023653443394008766,0.5436857490387057,-3.5908873040067664,-0.7816312715682867,-0.5838636058503822
0.17801567120311731,2.1800093061180794,0.01815287224653983,0.263911390550413,-4.6870454751374435,-0.2698462330016586,-0.3340947561835089
0.13770979019447221,2.024949571635052,0.060668253032457375,0.15141869023741553,-4.471796322913232,0.7947009251801161,-0.3249888072002183
0.09178035674093941,2.002266801074716,0.11134401758205636,0.3538740463238235,-4.372152891789589,0.7125046930943886,-0.5969866020679695
0.11830275807197672,1.5856782399458216,0.06258363463979988,0.6353250393342507,-3.8274009007473135,-0.1918313661397578,-0.688684716380371
0.13310217933444216,1.6149003483758675,0.07972320546879996,0.3268093458789393,-4.08586232484693,1.080500034102658,-0.610896695045936
0.2561240937097017,1.6339719322562196,-0.029561628238572224,-0.07272630293091867,-4.112823731592407,1.6280328276901566,-0.350965868270992
0.24067426559843563,1.5485255958054598,-0.01945850105285385,-0.11201241269154036,-3.9152090835797004,1.7158633776242664,-0.37079279664957265
0.11326540346561655,2.2893441078837795,0.12193022133782283,0.1896082353160284,-5.2144508164601575,1.2119306948029742,-0.3530414270671026
0.1373449178499523,2.300181866878573,0.06655386469980296,0.11397258476797417,-4.748547319973902,0.8717040723025081,-0.29295802673265947
-0.0327223738485978,2.753240524888279,0.25951487013731267,0.34581254760988506,-5.321735845440296,0.49610131939950164,-0.5947949000122426
0.2951987586008963,1.522211355546167,-0.058725989906681875,0.09190391141892607,-4.248319278500959,2.763276741435812,-0.5700550403175936
0.13577597123208018,1.972909046278808,0.0730650617122035,0.35633123490376656,-4.351144045373196,0.493331367897496,-0.6183246744381241
0.28187193633294466,1.6392123232583917,-0.038382825999573544,-0.1411486560013089,-4.325646249566509,2.0024343230851445,-0.28529833770046364
0.1681639513527404,1.7417987223347107,0.05102219139669417,-0.02977478702423411,-4.195277918679958,2.5387332593951064,-0.4633282840648956
0.18180388045614443,1.6290370362551132,0.0049703041255737546,0.22859636069750458,-3.9486094502864653,0.47089362512840754,-0.4112132507838432
0.3215563037717212,1.554564410151379,-0.08729682998358856,-0.14520875593019433,-4.1798388866031475,1.2616150107845838,-0.1985079571181558
0.2965922353362177,1.2266903337790285,-0.0964770701424078,-0.003876630581934576,-3.5675440691321683,1.1932592448299113,-0.30295404855942276
-0.01489748755031962,2.4527314438637475,0.25671105029391805,0.3419793715347261,-5.20533269931246,1.9199225832102689,-0.7099424320121452
0.12347975965329837,2.0202248406810517,0.08992396559980165,0.21473951064683203,-4.54880857933152,0.04233940290867955,-0.3586326812809659
0.2134193665107984,1.5868206840418548,-0.006792308628480681,0.1700602543866447,-3.9942896723059422,1.416424727516789,-0.5345924119812914
0.12032249816976677,2.2095924729346597,0.13423599256942764,0.1705986878207216,-5.016079798200016,1.9485758110553932,-0.5953124215948561
0.3037489801136236,0.9593091990085162,-0.11046672438328525,0.06958580243310951,-3.2667848092186373,0.9750936903657949,-0.32315954963066207
0.12375641580690701,1.9559099892619098,0.10782895307896911,0.11774536489852072,-4.620773631337143,1.3091499647976177,-0.41611762074846403
0.08348462278390732,2.463773381653638,0.17766599025735053,-0.08594944650875536,-5.386575304808743,1.5872465749144569,-0.2506356612402521
0.11213417829829925,1.9479716951972776,0.07295735332371422,0.7970631287895278,-4.38023761652062,-0.8308961690638145,-0.7381564980157864
0.10330013016004387,1.9599033982972656,0.10503136860465712,0.578899738250578,-4.42159615048465,0.3007120669871783,-0.7678019897357851
0.13264230573886968,2.0800929614507413,0.09673330372765943,0.19033281705007038,-4.872918813697971,0.5178134419753618,-0.3311158770536021
0.21198217884386955,1.6393317946225225,-0.019592149513455892,0.14647785278653871,-3.981786284136122,0.005930777342342947,-0.2695124004997171
0.1574710734577789,1.8192500981405826,0.00887477496355804,0.39145231871878416,-3.8161551152882396,0.03786732643414219,-0.5732575711532638
0.2827332382039353,0.9873706393503204,-0.11635881352463984,0.5412232950803568,-3.0444273969983167,-0.28252890672636727,-0.645343416995335
0.3265311400565964,1.4415690034098507,-0.1400116550310302,0.2771998710459493,-3.7566009085376555,0.25832598738271473,-0.4280649183150185
0.04238847399659054,2.155220513580294,0.17882547282536865,0.16476141203906336,-4.77714857817013,1.4290715410838,-0.4225644409411085
0.15851048368573745,1.7556070394468537,0.0462215990342103,0.28736326599098044,-4.178698939275079,0.7665712541207639,-0.5402405516579224
0.25621102122007877,1.5197122738171773,-0.043064312790481174,0.34064614286346234,-4.072392891707517,1.0746181696058106,-0.6569095643320548
0.13313455620085923,2.350786379590791,0.11359839466329302,0.42669101492674877,-5.2816795105415935,0.5763121377985974,-0.6066769222745567
0.12136276201188326,1.90538817475088,0.08487028459616486,0.47498472312666923,-4.1742924930962975,1.0346561225955904,-0.8477744187053753
0.11297710659271235,2.0247358126995993,0.1399243924098139,-0.0712096534030365,-4.626341139302127,2.5682873245520303,-0.5272654878010155
0.18910846162254613,1.4069709530756322,-0.028676106472194984,0.5171121597155983,-3.4379165360710036,-0.19488963730691872,-0.602485436100212
0.23723837445450238,1.5304798079685469,-0.004772466530046371,0.04917666179526681,-4.180207777591509,1.3781810773569072,-0.4180092622188354
0.32613860379292997,1.3108351626209531,-0.13427982651482007,0.016704270202901203,-3.7093076974868837,0.8573621671768744,-0.25587905675857703
0.130165810158298,1.9106087223842334,0.07524317980722506,0.3348254414694971,-4.2252023360111375,1.2518593522075028,-0.7224859211461813
0.11634975176247023,2.537789097395578,0.10863457607539018,0.5521815252840231,-5.198973888558916,0.23378113546373244,-0.6795200402839954
0.13300815301606989,1.7161098809137176,0.05008362519091958,0.31828090844372275,-3.950392713107091,0.34746096578000224,-0.43649711715385997
0.2749950516936653,1.4235650881119621,-0.0667438944468357,0.22025382311782335,-3.9488111317640726,1.3500598254341647,-0.5107018273697532
0.09675214989409467,2.357726083483727,0.10754708111630262,0.18768539818598928,-4.841925389350152,0.7845217645095038,-0.37653497172196637
0.39229864660080194,1.0131224595162536,-0.16815713644535318,-0.03176005142848035,-3.527837007916833,1.5957852628872953,-0.4432394722818492
0.15425361708821722,2.080459013331428,0.03935278388776653,0.3857138369827561,-4.369983708355085,0.42516167752673906,-0.5952601363025204
0.07397282887873595,1.8606355848245735,0.1320791266313288,0.40256124766699786,-4.179237213009811,0.955752058863381,-0.6984965787863039
0.1269565704286786,1.9731231484449314,0.08874179778290703,0.3839100282053664,-4.54279975324901,0.786955003065167,-0.5942178759277805
0.2307866971017843,1.848555293224928,0.019663088235321258,-0.3069645530981283,-4.531900755137435,2.1657565555970435,-0.19885198964676773
0.17939480933905036,1.9183297118838334,0.03805737236284057,0.33879196549645996,-4.483908220095351,0.4576060426335331,-0.5455596979367092
0.10302989731116448,1.9186631448704954,0.0745494108584468,0.3434788964661827,-4.071009073202689,-0.035859260096267206,-0.4650479122299179
0.08692214687941367,2.2830989059567206,0.1594827783157442,-0.04617297440154161,-5.074560553420036,1.590968545600795,-0.28267037573929643
0.4429126541995539,1.2300401811809731,-0.21212948924462194,-0.2664084794230305,-3.9339204477700105,2.6002425090228964,-0.22758102054632579
0.10980363818977976,2.107730117471012,0.12778540401726324,-0.14726410311334043,-4.812066059702821,1.960269435564822,-0.21534312572570355
0.2611435838483277,1.4836749930059658,-0.03748253777778632,-0.27825515621874997,-4.047362172973962,2.036399059675707,-0.14519313870371972
0.2507347469551356,1.6893790995128204,-0.020365607497534022,0.1666541113811913,-4.357048461858148,1.0116679156288348,-0.4514853469525921
0.11085073386937094,2.360511521785043,0.10654004616762536,0.14483585055224124,-4.874096542944771,0.6071766806425525,-0.3799089061373234
0.11984965918967522,2.1360732831457887,0.08040207370418329,0.6018239603210856,-4.545684511699624,0.009768613396056048,-0.729674080103524
0.20847890158804663,1.5997267726811737,0.04052972735963234,0.1597112357718759,-4.431224102963136,1.7168499255232856,-0.5153781815070243
0.23547354303282714,1.7593547699035454,-0.020304322367132643,0.4436644083312372,-4.164798275340487,0.2686846211252644,-0.7709412295155216
0.1042679977951036,1.9495602812401045,0.060650313120743427,0.28061366764020323,-3.9662703929414906,0.5197687630568052,-0.441336270071048
0.1527234395315277,1.9658473742705052,0.04018601785519604,0.47432955934292476,-4.355286346109155,0.06297802462588213,-0.6080699594165191
0.19919602806985806,1.7340607961531342,0.04315141971935588,0.028844704074169752,-4.305088148062324,1.5409319904381256,-0.4308925490035278
0.3082323361951402,1.3599237925177126,-0.10521417955193868,0.2053336771282448,-3.7300328105841336,1.0999192675098775,-0.536108936434266
0.17520752552106048,1.6712169122184883,0.00010913833344594615,0.24420153516510218,-3.750293815569662,0.5299638652983282,-0.49978920636629187
0.25193430831622976,1.8464209418017155,-0.0754211711177406,0.3514996773606447,-4.194109087275335,0.0770382679286461,-0.38266911682706717
0.3292678659187874,1.4799969482608342,-0.10438880941745221,-0.12480831855001437,-4.041905728460906,1.4112171305004007,-0.24400117540547295
0.19515643651528256,2.1222160723902146,0.023375235247031112,0.16303405412840566,-4.776304584772597,0.07705961027054266,-0.29013710003672244
0.2868427021899237,1.3904965445835267,-0.10435971797903676,0.3012282944580966,-3.6692250369649457,0.13915440682606192,-0.47045636348215203
0.1266667676416534,2.247396220048263,0.0820135558125683,0.5210589080558699,-4.850091661549576,0.19904997302408065,-0.6647706710317711
0.07649826273979896,2.2294604423466082,0.15970992060387168,-0.010483295116496927,-4.935449467185968,1.7308827202475825,-0.340499058093912
0.05005837974213363,1.9027090273892044,0.15256044414360614,0.6034098081070018,-4.223231545848666,0.3596921149094749,-0.8345618397780867
0.21758398197238318,1.929483167572092,-0.021339322438773012,0.22927371826972584,-4.276493501507645,0.4478559186988085,-0.40403707231682817
0.13970140702428313,1.925831736054485,0.06968461716435681,0.35457125691009056,-4.4895390292654564,0.4887861785407129,-0.5242411393045117
0.1413059009819517,2.040620623286977,0.09081687856012954,-0.004212767768328601,-4.623388605213561,2.11093742634971,-0.4280019178386508
0.2818364439128455,1.183894114235773,-0.07956454615421493,-0.04631740957858893,-3.487268873550046,1.7190289533412257,-0.3907090307435608
0.12267916464599746,2.2543215908032455,0.07491872862641591,0.7197130738286848,-4.849303315202176,-0.3917248804373373,-0.6581955314108742
0.26797083445129566,1.7051121723326983,-0.04953727742067593,0.16026096566736653,-4.260525847357352,0.9551333390591156,-0.462140317259613
0.05030219670152794,2.0888410144310625,0.1927624594923354,0.26755139959743146,-4.8942749488682455,0.5715970595213871,-0.45852753100450594
0.14312621694033828,2.003986994532767,0.1232019431823872,-0.6213116832241067,-4.64829167640394,3.1308311507653115,-0.07035953117069135
0.2669961678727067,1.4826572900189743,-0.06445096776966563,0.20377346856392958,-4.012683107538191,0.9304700182426384,-0.4124814446619138
0.13134113544774761,1.697711597000423,0.07355332060864406,0.206070810106509,-3.908393270188761,1.1376278067814787,-0.6336431756011257
0.1838335550760312,1.4731602416444287,0.025670796207157398,0.39560076029841096,-3.9809554510946135,0.6435217274205809,-0.6047697778132033
0.21298500462616976,1.6569210589342782,-0.015846589357638052,0.03694824343380734,-4.037143637011385,1.4922571824420607,-0.31879680857813014
0.1756476810730547,2.2092638696262425,0.041697497807733575,0.3837232772267012,-4.773200317147998,0.6196225010838905,-0.6500674415475691
0.21045624892418133,2.1761949212259326,0.03708766579023526,-0.07223020157971277,-5.0832014897166315,1.0504604183994775,-0.18069153832989132
0.08013869845387943,2.1040521822306766,0.16336006704404227,0.2668889738588369,-4.839985378778283,1.4865635581935324,-0.6116815454081003
0.08345449892641527,2.100485322498674,0.18066627418666092,0.20881043616099804,-4.8806969185011635,2.2237945295688464,-0.6885756124261462
0.08623715152089166,2.255629268191873,0.15115076261579352,0.27248743123232816,-4.953054116084471,1.0378708283551508,-0.5285353362872673
0.2381912926709412,1.4691325677319318,-0.038208866670100594,0.3025094185194613,-3.8854573115038518,0.7020758037511778,-0.5087512859243322
0.17779750716898388,2.103528636954156,0.0158761021611018,-0.16131748526736506,-4.40308512215303,0.5590305593577904,-0.05899544153099301
0.2412900658710212,1.6537277605420913,-0.047179519960259375,0.23831010439688163,-4.123934495870221,0.45731916553139457,-0.36281269101868885
0.41082856691283764,1.347984360523108,-0.20635444763306277,0.1989635667174119,-3.8417853825802424,0.21356195736036881,-0.39116028938468705
0.07386960562573865,1.8025908349109507,0.15074668385002732,-0.07562965971363433,-4.400179704409208,1.7114971273357522,-0.236573475011843
0.13270831348427115,2.0121609057463985,0.0907747380831152,0.016579123285156566,-4.460704225652064,1.4507775637811706,-0.43738570162631174
0.458839305128294,0.8040487322436303,-0.2720462170824035,-0.022160563345308505,-3.1799254184494923,1.0068716587751196,-0.22299586278875125
0.27358111298996163,1.4009028934051577,-0.07947846110715628,0.23073370638885107,-3.8700917894370255,0.5273205400221229,-0.3254981142866728
0.3364226693804318,1.3198551675072285,-0.13889693028368522,0.0571791563131326,-3.8429103018644644,0.25739121274487764,-0.1438985524212209
0.042925385217129616,2.3357506595584665,0.17678007229636172,0.5195691382714562,-4.817403886979243,0.4078577229558352,-0.7509816460992731
0.08491466482588414,2.159521825752268,0.12446229611748816,0.2777475618602905,-4.58146332506817,0.9969790658089508,-0.5695281927729273
0.1926334692183713,1.4113355583223919,-0.043448756948683664,0.49991212157835857,-3.3717902643971924,-0.25199358728059873,-0.5400734636158026
0.3525611328969052,1.2131192907340125,-0.17840761199488886,0.004345098023936705,-3.1877472955723323,-0.24383704408350457,-0.22152674846730036
0.21611267045501617,1.3743248974600109,-0.01978116128349905,0.25886055051673496,-3.6761375243360694,1.4147651576307032,-0.5618922503810955
0.1483048240531615,1.9315615366202903,0.10462497683709282,-0.3621100737310329,-4.696056920311495,3.337313479956475,-0.22181468185911105
0.33555108306747206,1.06088741584021,-0.16650248112934884,0.3559199149359524,-3.1754223381944486,0.5991799309803735,-0.5473160716710479
0.18686147865171435,1.6468689784160948,-0.007569637842666843,0.5546421946381513,-3.8837994716250277,0.5406845435477656,-0.7018401571909324
0.3136104475666454,1.4538189258324177,-0.12231271686476264,0.25921402805471006,-3.7619169471434595,0.6362455069029994,-0.4843609622348808
0.09162855686541081,1.976512106492046,0.1285442629281499,0.1681604450202774,-4.4135085687317455,1.5379538371038384,-0.590158450208014
0.0638581541993964,2.2198695194693414,0.18376376478872558,-0.02951823909992979,-4.870658887418698,2.04951590030036,-0.438290932153927
0.15488240499852907,1.6032230733723203,0.04876416745814094,0.2975595713306749,-4.178939186098834,0.9365337452210737,-0.45243035994040637
0.3538128934457719,1.52343933612947,-0.11166586728076533,-0.24382245656564835,-4.402948044402072,1.5093048523466521,-0.016533828121362323
0.23615903883914494,1.8699214584362107,-0.04324662317575778,0.30025610183605655,-4.247591905771736,0.6686609251062388,-0.47589197679776984
0.17579768228684237,2.198498517868421,0.07834766652938785,-0.21234786479508422,-4.991192516137328,1.678585331666742,-0.23750534196404746
0.13962067778346082,2.1038701879660295,0.09810172027159347,0.08186697024002546,-4.72406605903716,1.8514902254698122,-0.5426549113591745
0.2820778093813916,1.2742863888413325,-0.11555492601015638,0.5252471556263932,-3.3091639791587055,-0.7588986700624709,-0.6218460903919625
0.08248568056366558,2.0795772025649106,0.11349837418760989,0.7370444369825788,-4.361446004623723,-0.18287809931677168,-0.9063576773527993
0.3513042682910766,1.1711022876004988,-0.15906911659309253,0.0175552597541941,-3.4689049841630637,1.48280952158052,-0.3323110592034814
0.17332740877254152,1.8306552856349945,0.0709060558408865,0.14042673669411912,-4.539048279242292,1.5533930531405624,-0.48119166845041245
0.1805643297553266,1.794856953605495,0.031018692764283484,0.16919302406584033,-4.2751062223492635,0.8503319014180047,-0.4437119075246805
0.13503542261393323,1.7915036500248291,0.057790839607615885,0.26045823954662717,-4.119580512831983,0.8184824052341133,-0.5228149466673467
0.32337530890251015,1.3513494866960976,-0.12923485310270033,0.17355580655160274,-3.624573062036864,0.7381930632411501,-0.48344649573372017
0.35101740451116364,1.2191705168743927,-0.14830096867999965,0.25012112893478894,-3.658515179742075,1.2371133285753293,-0.5178673459230587
0.16298522913180918,2.0076904963696096,0.007318000272552139,0.2649920206691811,-4.232094621821577,-0.2528150129701397,-0.2724915458221475
0.15250474459966856,1.7119427766111301,0.11562248784292817,0.06848276661607056,-4.625071385021699,2.4752165614345274,-0.5845943308335178
0.14238041765816833,2.184422854892813,0.06824236290605667,0.5391986669631594,-4.74172748656962,0.3505572397588429,-0.6591244313612671
0.28538258561348523,1.3837905829429502,-0.044428353051917946,-0.11829776850943835,-4.027247394356365,2.849756868529197,-0.46136686276867167
0.21659385406072879,1.3138614270746656,-0.04424794667440901,0.5718933802971442,-3.508612943259194,-0.007497742793783388,-0.6552359617731954
-0.007940118269689786,2.4791219008733076,0.21483212581087452,0.4785316150859424,-4.879776828977212,0.4624986731553078,-0.7085243660268415
0.08797438464853186,1.8415220207582235,0.15932749138065705,-0.00807846472074239,-4.489166986492505,1.915237191106844,-0.39787092779417627
0.2831471536915162,1.5412726880034529,-0.0852802387971725,0.2355475638085428,-4.049058681141421,0.7368428383660491,-0.37468428125766173
0.17724697349343269,1.8962821611255378,0.06167063677783813,-0.13560560360842774,-4.688157567223395,1.9537676286888488,-0.1844858230046526
0.26556442588324247,1.1072376032586257,-0.0825828560883326,0.1986092216069854,-3.189149509051273,1.3344474178129935,-0.5768024365943725
0.0848719891613731,2.236371591516956,0.15296899245448037,0.10035588870919582,-4.807997722843192,1.5322357734164487,-0.4961025587581811
0.25601840388144237,1.1675537409719197,-0.05608848553681334,0.4783421954860065,-3.4717288383480125,0.9635133593631151,-0.8499814414795448
0.25905801262101186,1.6049628980375406,-0.051286566596694394,0.3960184190703435,-3.949220692846836,0.5747429850291589,-0.6942289997763329
0.15570273070765875,1.7544328262944258,0.0535638486224177,0.25907006398249266,-4.1814526191158965,1.61188368937595,-0.5875611294211579
0.24248303194313267,1.538151204096197,-0.06988591761392282,0.3277262982524162,-3.684842662864313,-0.17872485500776805,-0.4119315113675167
0.2920714997261841,1.490679313950241,-0.05107314059768142,-0.11599783086279475,-4.130383161915247,2.371730538278335,-0.3582041176870193
0.24772322820660178,1.139679118035735,-0.005035992280248314,-0.05867664637931734,-3.745964152397287,2.19909393974982,-0.472527861857745
0.23837768350374833,1.6818008732673666,-0.024030892981185215,0.13973392767565343,-4.137691829016379,1.7540839396820034,-0.5297773353363815
0.3588663209938515,1.3394075844175328,-0.19116990397047806,0.5186124080926292,-3.653833846660507,-0.36021049519828,-0.5355170225878311
-0.04939521190250601,2.6597977498591114,0.31844114647330324,0.47328285537111187,-5.656988008185085,1.9698987235101109,-0.8167795135142953
0.09254129057586144,2.7112077186876666,0.1446265468831922,0.11029407649283715,-5.663718638737556,0.8937106574738507,-0.26957025811840807
0.02202323580100957,2.4155857338385665,0.19217516594503214,0.4404169979505843,-4.803489785300302,1.0341030157775173,-0.7648057490679538
0.10257771520297915,2.390847403037326,0.12897803156731524,0.26064083944150834,-4.990167041400521,1.078964713216568,-0.5838782468941409
0.10562449471931921,2.154427368945152,0.11166637684581016,0.040938665059069235,-4.692899077727664,1.3039747996118487,-0.31630598325987425
0.17107652987898628,1.8407305954692512,0.06910006448819761,0.45808182816804216,-4.703714468757032,0.8935057314863419,-0.633429157180396
0.18997576906147925,2.007398862257126,0.001395211462798418,-0.021178192357211023,-4.338277519143077,0.32237107714481805,-0.1753372863189448
0.31564182757856074,1.3982161549097778,-0.1191401045900422,-0.27470266451952374,-3.726138309608571,1.0087389922770913,0.010473579686314113
0.08494560904262119,2.3575927033818567,0.15768632614207667,0.161083630591145,-5.045728828857173,1.456158851921452,-0.5277511218272212
0.3267274146803496,1.3915781638675457,-0.10003776562108346,-0.09173475325681132,-4.00269550448241,1.9788466895792765,-0.372029153489857
0.3609634013698406,1.250417494530819,-0.18327460851562227,0.10899109403508496,-3.4993862014294272,0.4398064601719563,-0.3084902409371551
0.0495635501280505,2.1420723374045982,0.15659773980168223,0.37733776208144676,-4.464556968344066,0.5261456627024289,-0.6217193701801546
0.20253487997715078,1.7957628105438228,-0.030018866659337062,0.3840565748312038,-4.073986621871275,-0.2056785132506416,-0.3686040494716767
0.3905084805084268,0.5504287851041245,-0.25679619998405556,0.21455254731106696,-2.3492231057416944,0.006588062315132555,-0.3033025136102808
0.048613989690034894,2.1275852860694613,0.17601125338766122,0.46937429611288295,-4.738297338743833,0.9082385615262141,-0.7272721302115148
0.05774190090554967,2.049392898561699,0.15301343450220273,0.402717809284131,-4.568925976141304,0.2715347877948938,-0.5893779041190136
0.3798694140476499,1.1574280392828098,-0.1925236561842768,-0.11976922623135876,-3.4260228919171127,0.9619034587833063,-0.1373816430704951
0.19671206922426668,2.050085507686163,-0.0017667873564353176,0.48812805157174344,-4.457824940796663,0.0810269555813857,-0.586122634157652
0.09481424898666692,1.627420611051048,0.10612930551969768,-0.027476620716232636,-3.8614472352208726,1.5279616678801513,-0.38518961995387146
0.36251811179583093,1.3584414143817063,-0.13534125838301936,-0.12141307773355256,-3.8528104310097158,2.040461035727872,-0.3529226396603522
0.13984591196645182,2.0562686854921255,0.07849503484462028,0.30063616160372375,-4.630234164394492,1.3554441224372697,-0.6079524935600782
0.07060058150010298,2.0889037952572833,0.11874569830791248,0.48474995393084847,-4.476762365144548,0.22101538567888968,-0.5166306892088718
0.26667351023568076,1.6805583753245044,-0.07509157904554375,0.5496964229740516,-4.0644048449404995,-0.5133643079407878,-0.6542041219152696
0.09330112704215171,2.456133213570831,0.15235514128544714,0.11811157401839723,-5.402624864547257,0.4278009793622932,-0.24501000360622432
0.07685701979618881,2.2973037286376514,0.15712431193819976,0.13922598100110606,-4.921376574860041,1.299126496781007,-0.5378875816694626
0.29639549637737617,1.2659017568125128,-0.08784802751616294,0.48758536482650316,-3.6030808489470694,0.9960681941634042,-0.8424443456425228
0.24853149033099947,1.7929819452904405,-0.017604735607215316,0.09954980196308152,-4.461234444101276,1.212282077290877,-0.4239109312588881
0.23248196522056566,1.949236896412063,-0.041084685590854875,0.03234509841788155,-4.2069313364904195,0.9948671971938997,-0.2987594077192668
0.2554372002034106,1.5111843157033675,-0.022620343253328956,0.08158314401981398,-4.052175873162613,2.0716770601538075,-0.5639472954065292
0.21233673325880056,2.042654128554626,0.03744561105194233,-0.21335942109378714,-4.907864311577646,1.352101666306403,-0.08919136967106381
0.0860620975433929,2.1865808908101876,0.19183324582503647,-0.1633498872397724,-5.026401878686378,2.4419494350293087,-0.4326716853281983
0.02816037775353188,2.375629702488386,0.19913213720983425,0.34883549903949124,-5.054884632342805,0.7826366003508654,-0.5536381114758306
0.2718432246040531,1.558318262049346,-0.06750250418623849,0.31149997169763444,-3.936392243707829,0.1810079450648208,-0.49542531064472217
0.20578204290510432,1.868101571523569,0.04100767039566744,0.034354276423478325,-4.616893981051826,2.4411835868266696,-0.5002352756643164
0.07740893012673634,2.1754997561869787,0.16189308909819022,0.17094783614876674,-4.878595725142364,1.7784388431764742,-0.5318697230584353
0.27702116754103384,1.5557427298467652,-0.0701770972914979,-0.0789237835687425,-3.917196898843593,0.6347946031291515,-0.22111453119208238
0.337546919527074,0.9530105784357179,-0.18368381710044518,0.10367993829885735,-2.896232888726313,0.2540386557965209,-0.2866981524296509
0.1424097423537275,2.109009968806591,0.09312345365924646,0.20804161315709682,-4.728876285609513,0.8934134117394714,-0.5252841178141286
0.2723832511779489,1.5628241573290387,-0.022417398590739213,0.1905399677516003,-4.54051057274471,1.8060287099388377,-0.5134587622988082
0.09026375489267054,2.1161601314056973,0.10567813418802086,0.5994579230252989,-4.270641800326733,0.15613537211428888,-0.8890042132228639
0.27589492318322434,1.4139227354737622,-0.036236309422944424,-0.09624239488159736,-4.065807692091953,1.800223945831857,-0.3364282579294098
0.23584431139657006,1.66164577346949,0.005048943089478453,0.03380004427915917,-4.369158050357024,2.009656976275069,-0.4604993891007346
0.12125151626984779,2.1122149059438025,0.12985779598994363,-0.2830809734275657,-5.006921083100149,2.779158150773265,-0.116734004893392
-0.005436940594971287,2.492195625372504,0.20689944428036444,0.7207880860345858,-4.805127796847272,0.07216018414556019,-0.8970009223729432
0.3071126019227702,1.8181815505895322,-0.06872608671249347,-0.0018044203631479572,-4.628793022250061,1.5228469212433395,-0.3346035323371346
0.34839172501755344,1.1416327714820387,-0.1539190011461814,-0.0337939698379295,-3.4436313095691578,0.32380423905215067,-0.18021080600362333
0.0756786054040274,2.14373107587429,0.12219837245517762,0.381456804900553,-4.517390882161449,1.0141397409771946,-0.6003770967650714
0.17919463458832738,1.4383063792747157,0.03321785624168627,-0.3186419878921938,-3.7130163537327454,1.6917976234654397,-0.12718486286479833
0.1788762450451489,2.0468935955185668,0.007128048732882641,0.1167303390370596,-4.3187041301677205,-0.00236247902449694,-0.27154000460598515
0.06156485629517056,1.6504311936495375,0.14103412557636918,0.5722278017210436,-3.8375455394265434,1.152767295254142,-0.917356161492521
0.19779014066098466,2.17964731543769,0.08054688236780194,-0.17413613258127408,-5.346740598229507,2.7012082539879843,-0.26953057972368977
0.1644462493220774,1.7909276577361355,0.015528784523214156,0.46546042402091314,-4.058083707560931,-0.16974464852345403,-0.5441856138080615
0.28275256373423535,1.7298212393980923,-0.04944962298912281,0.22321607922958484,-4.376734821163103,0.6913751538582227,-0.5071585071775777
0.12429149761005455,2.4762739179287694,0.07121853745833451,0.5294255909394289,-4.929064904446924,-0.9677518002394634,-0.5180037260955666
0.3295853863312783,1.4765684118318845,-0.062077524382149196,-0.12558070720296755,-4.558397517689887,2.8434606659602553,-0.3832359965413725
0.30753900655720434,1.328525501974037,-0.1121597762107438,0.30877539046965785,-3.627425371380134,1.0399836261205557,-0.6410610570943128
0.3943813088149157,0.8945963066969855,-0.24767118305000535,0.3362254893776112,-2.815144905805253,-0.7785317068559636,-0.38138840009200947
0.22797907299375086,1.7227630221458543,-0.01133591500027209,0.2886091924181878,-4.357513337252729,1.1634612731431804,-0.5254712942546098
0.08970749652453931,2.1804808094840262,0.14025321760824494,0.22841956787294276,-4.738995186512962,1.8001712241738854,-0.6620828762036937
0.2713016586970608,1.8115510998052808,-0.09409352104954016,0.22459052128573764,-4.170411907654737,0.12578407159603897,-0.24440060329773972
0.09109103187520781,2.2688445966207107,0.1388688921218404,0.5328221537213595,-4.8752723021264535,0.4404736632647272,-0.7377855593090723
0.2396036714605842,1.3532022505030115,-0.08561941746194568,0.6564948898078746,-3.2760063416844702,-0.3864017768928904,-0.7692332359630959
0.13992224785518123,1.6522454784115046,0.029174627367386075,0.7343759994064507,-3.8080455203509556,-0.2665214666170908,-0.7496162104083635
0.28505161684282865,1.6693428952848088,-0.07785537060452574,-0.007667477891893232,-4.008350073759357,0.7771617681003646,-0.32251467055248184
0.1776762661211106,1.947368338121266,0.020104024717624736,0.5600705231284784,-4.462226029094659,-1.0376873823273374,-0.5046968348442396
0.22900520078940184,1.7340735122025746,0.01282079306262518,0.06739065842591366,-4.517289837414319,1.5431407753703812,-0.44903404570901884
0.11782395385586712,2.0312111421932597,0.0957935045097067,0.3813575635189158,-4.444435597017607,1.5899960693530972,-0.7630249460983214
0.06430617018521181,2.180737081836157,0.20535183704861693,0.23472203459417204,-5.137649436558941,3.325841598234519,-0.7708679662222412
0.11777502630932199,1.9006396819649882,0.08365572554006806,0.6598202325154963,-4.390271361779456,-0.2912447733879009,-0.7437123057073237
0.09914948741199453,1.8377830303840264,0.07966034300458835,0.6610272222365753,-4.062576300454789,-0.05120600597125943,-0.7361083516459415
0.04051279718570748,2.151020100811627,0.15508760242061004,0.3060095447557245,-4.42306510007117,0.7302412096604453,-0.4961258582726268
0.1423969351595417,1.7818346922070036,0.0696689832601769,0.11569833087246584,-4.1666877676815774,0.8595351625031649,-0.42204498082968656
0.27588131658012105,1.3696602872360482,-0.06012423832626079,-0.13474845243085598,-3.8258429664486124,1.3351503128587676,-0.18160217677986362
0.2245748814792166,1.6316980118788016,-0.04100776293719166,0.312307148486726,-3.932513576669458,-0.46685843091226686,-0.35308784924857156
0.2229291287516355,2.396521799985712,0.009656635518147105,-0.20694729521209287,-4.986899417595096,1.4315292305301037,-0.11680379532808405
0.18890947187496512,1.673769575237723,-0.0001299510374461743,0.5703634268734368,-4.198611256139973,-0.40732064074690355,-0.5067375278807349
0.11736391355878653,2.381319919521889,0.10834638111499562,0.15844243913737172,-5.00428022558702,0.31744031274640283,-0.343426726680575
0.268552710741598,1.472618127256382,-0.05307019941308222,0.25748096831408745,-4.092506129537886,0.8362589966619076,-0.5187556177150273
0.20206610061200883,1.2790752496868103,0.013986780192107862,0.13455121630928954,-3.64115893795906,1.3663597082448362,-0.5301269540135598
0.05905719290773919,2.5080237724735728,0.18459278161729165,0.4312151040248928,-5.245449287774851,1.017863483753919,-0.7310112875353149
0.1742448530345953,2.1009156940853386,0.10002667408249688,-0.22760718751416137,-5.090239609850723,2.1813189108966284,-0.2621567217206507
0.19814637291245735,1.7945305633622253,-0.003887457417977469,0.05659338761711835,-4.0626343301391925,1.0422470935613055,-0.38418193649562205
0.14237573337676382,1.7778180543861517,0.0766476447937503,0.3413374885802948,-4.109879293233359,1.6269911066323852,-0.7899338738008861
0.04859834281993299,2.739705030517391,0.20021207969577848,0.11408544135185505,-5.582220687918075,1.3265840421323605,-0.39453297485321137
0.2290851032788348,1.5790128003319062,-0.04697213730753913,0.12989041700436732,-3.7418940771856617,-0.28670133825778943,-0.2685775760266691
0.09738151923622933,2.228859935489374,0.15542670101517886,0.5466100163726187,-5.103991772135697,1.5328588867360575,-0.8872827310903793
0.16224273036906883,1.6505555534678642,0.006217198364784737,-0.023677055049912993,-3.5275794315041225,0.2616187497583034,-0.21898584381558392
0.2984525345909036,1.7801938360201803,-0.10207129896103928,0.23016385630449737,-4.275295424024355,0.10833746902385072,-0.31732637072809566
0.14076515947760015,1.6707051983981223,0.053548154357478284,0.6372996234388032,-4.066555808134014,-0.4391221106366138,-0.7267695576604436
0.17133418865844305,2.1195576808331493,0.0979120357305332,-0.12863601748353015,-5.191700672545261,2.1764973654010378,-0.2928116832431569
0.23913811788184128,1.7843465943214043,-0.0031195492127769064,-0.030083558296761348,-4.407122002079415,1.4455344089579403,-0.36929969141941127
0.35066584911439863,1.1081637208616342,-0.1859327772264312,0.34041792912005997,-3.1796774468489857,0.312993392464822,-0.507842603942621
0.14025472613585244,1.339371973780734,0.0409483913239419,0.44960427906500505,-3.4944540485612716,0.7170910238460311,-0.7100962982271688
0.38148402699611034,1.2424229293013078,-0.18926015935246898,-0.007825407705864193,-3.5223331210869295,0.5003285523754593,-0.27348613624444634
0.2903767347183183,1.4119756437746724,-0.07924645872571245,0.36211320565885907,-4.0384897410063205,0.32271627780630574,-0.48265082647004204
-0.06446252590004835,3.0383770037446434,0.33847962946704957,-0.12330659672443506,-6.031408436601248,2.0722400340188876,-0.29045337884987604
0.2006310559977598,1.4939457758584291,-0.023266458416519642,0.24168685667552278,-3.601241807140188,-0.3680157521902422,-0.34315346102847455
0.28720848646136415,1.4965369990833568,-0.053812321014063746,-0.1648295183176782,-3.970306789089117,1.9930178225559274,-0.39237853585024507
0.16929159913013084,1.812105832450054,0.05910751863929331,0.16247515438319485,-4.586195793350774,1.373992692378226,-0.38725394303481225
0.41329666693317746,1.3247345143678437,-0.20027822560930397,0.29523013915116003,-3.9324880195185314,0.761561762412448,-0.5254891103590063
0.34063423151746697,1.376300845544164,-0.10423396622775771,0.09213025950884489,-4.209541614040163,1.2707224336007636,-0.4140955936340984
0.1726791598773729,1.8169252578164459,0.028475364510584855,0.5233351139219476,-4.236377160055944,1.008555804203635,-0.7524255970571785
0.10103967566161896,1.9739070100367406,0.08248406091741112,0.20050893772041375,-4.083027323454136,-0.31980869070099777,-0.3348363513089947
0.27254894322135126,1.5104281853195145,-0.09804113443019735,0.7260803004920098,-3.845554323018995,-0.1964770020696114,-0.7381647967249944
0.14965377496747503,2.223297039644505,0.051321344284537274,0.5310243727313483,-4.541316623555243,0.4048508352006155,-0.7937669757733956
0.15156048710528472,2.015294018205254,0.06403773394151324,0.3713579853214457,-4.485465920618923,0.9665601994432272,-0.662078638365682
0.1461585989253984,1.821436708494596,0.046634332895115316,0.4862293710522674,-3.9947312502473493,0.5782868633902971,-0.807791553437589
0.3184587823453499,1.1682384251606055,-0.11506710137011855,0.31324813423268477,-3.5574855301328263,0.8107037251436685,-0.6164377782326895
0.15813100300319652,1.5751489029142223,0.04228838518941491,0.5061557140915561,-3.950458824233807,0.14741696957803166,-0.6802964520132734
0.1383049417936654,1.6318919868047757,0.029017405443701128,0.46256570257439633,-3.6827811947501723,0.4061159701785602,-0.6024616906620347
0.18114815352301833,1.4734833660334095,-0.01909709030310136,0.5662471673164363,-3.4941311820677683,0.1090056468633041,-0.6730542443116422
0.11133114598230327,2.162721965420522,0.0978950141448649,0.4147536182291325,-4.483273062066229,0.7623475462148289,-0.7382342472972889
0.15044841098682266,1.9741320222355103,0.06030403251754346,0.5206821382492508,-4.382013157260162,0.3795416333392086,-0.8023292993453359
0.186344491258123,1.661671274351537,0.02858632991678922,-0.0937123894773142,-4.013831641750105,1.657468297131019,-0.36386973237027265
0.32357889933692824,1.6164742218056012,-0.09090118375129652,-0.14717736150517693,-4.200629336576689,1.5738898630402978,-0.30664810458877445
0.2151708825686523,1.9543679458142893,0.041909524823463995,0.09454488700218305,-4.841803062743343,2.408928262744253,-0.5437903358644454
0.12267479588532564,2.5010981694512093,0.09347363064518421,0.2161474431993638,-5.187362220207032,0.32746309972703236,-0.2997906434724432
0.23667471303508136,1.7481494982506722,0.011273787987703843,0.0038575035241026345,-4.436170609579662,1.6254518335505983,-0.4671518096488274
0.17275539342450122,2.0450960837880614,0.027720063205851186,0.2674113637120575,-4.7020050114512255,-0.12396448067949065,-0.2190445256528288
0.19834278515159967,1.6331636488613295,-0.003643925065533793,0.346165070094764,-3.930639853856508,0.13552332060746705,-0.5138335965510186
0.21372792187081233,1.509316392665844,-0.03379704831260977,0.3149905732586361,-3.8219457376551222,0.6613473949888244,-0.43599426466582786
0.3868648095990253,0.912361411830404,-0.2120377516011938,0.068245679419005,-3.1300897388629356,1.2107311123303433,-0.3035184048389676
0.30632972443150286,1.3772892733490973,-0.12495392654814463,0.20093163119756927,-3.6616424699425467,0.6553061420059415,-0.3508745561557266
0.2221915238206337,1.9294732491041937,0.04163094998904082,0.11387109869359116,-4.666989669939221,2.2357042486718126,-0.729555238359294
0.11256916598331212,2.1610280338880727,0.2043161757323806,-0.1113843104183978,-5.368044147848028,3.1508161612359404,-0.5789860262594855
0.20818599335385224,2.0533955950552505,-0.02506973193973283,0.3925210584088925,-4.3815351106684695,-0.398838622816876,-0.4335398808637576
0.18517034887800152,1.3501436453421145,0.024820096945389225,0.3921076367036188,-3.690092907574082,1.1015542014777486,-0.7091524711113989
0.2908615641842638,1.72807562875419,-0.07308350025030674,0.21247920872335072,-4.073257854887505,1.2289512684267256,-0.6438342548969633
0.17696283338722818,1.76773727935512,0.04998514286487854,-0.13348548025380372,-4.416882357790518,1.960238317975971,-0.21456535356833922
0.20938160350503932,1.7337310504094978,0.013968188864253106,0.28170858409717686,-4.371836741572367,1.0900503653006601,-0.5492271117488133
0.08372240851270703,2.2345149261026367,0.11294219972657693,0.35358232831839465,-4.6309251295506,0.3295940971112914,-0.49341530035920894
0.21799995181409096,1.5380895908688306,-0.03642510283477418,0.26592788812007284,-3.8094592012959927,0.29704396338736283,-0.4311010884202389
0.23098940626405529,1.5869194230655927,-0.033560255623752644,0.06433140959103728,-3.7816293657905202,1.5942514783873003,-0.537706031876727
0.12341340976960907,1.8380618206756265,0.0645314443604732,0.37722540021247086,-4.068931669943252,0.610088248379562,-0.5440495103151267
0.20797131454993895,1.6182299906037392,-0.006885839328708787,0.3673805030542876,-3.9038668920646873,0.372239227892208,-0.5885834271508313
0.18759005344685994,1.9882193893928093,0.04029345824390518,-0.19649087417763922,-4.54623376612584,1.9538680405522664,-0.24107987858314886
0.020732399277425664,2.8044269053605344,0.20057803661073992,0.4771315533099062,-5.4491695902638355,0.10331544789663868,-0.5769055716427582
0.1828397724892964,1.7601646744741082,0.019714097734200964,0.30988443523907616,-4.299958622188588,1.005996526273787,-0.49288800566332436
0.19808576379220819,1.773558696046453,0.01205709375091124,0.046110972391384786,-4.21453305357674,1.6057709068103374,-0.4347333435531019
0.27200783816054486,1.7989259313189003,-0.08594878478191137,0.38241488410404084,-4.22850434767788,-0.6815838365219807,-0.382092256290432
0.08462896074842095,2.139106371325008,0.12608867025842052,0.32397398054125615,-4.54710734209195,1.2495189873158443,-0.627758057953148
0.28051010027612616,1.4687066708369254,-0.08067093698970185,0.4513062772751045,-4.031420117278709,0.42877862156097835,-0.5756518628974886
0.09171550393284322,2.1156965563330195,0.1185512228506378,0.24474236609062439,-4.596126950362615,1.3008292282709804,-0.5297940516821991
0.13634436024782534,1.817694856366741,0.07936536574754083,0.19499881856506296,-4.19233670992063,1.847520376711728,-0.6323908197135117
0.11204570998731393,1.8152657822292355,0.11118870002429615,-0.2092194294458692,-4.263485858421152,1.831986658334444,-0.2843500649106844
0.29212614356942834,1.3906265410555565,-0.10269457341245658,0.4127471171626361,-3.728897873368698,-0.05186013674604421,-0.5363175638083484
0.3163007578362115,1.3746387485031213,-0.13964194932009033,0.36670669466449834,-3.545065247357007,0.38750835802782346,-0.5921283851439668
0.18553167674934015,1.9261800306601045,0.07746229998574794,-0.1273674407820532,-4.833357309968777,2.7913403831204855,-0.39879636169867105
0.2659091334152255,2.000874678736614,-0.007396483247773311,-0.1427841194791934,-4.818337615884024,1.9398264746853129,-0.36133585218323905
0.03708655479188082,2.6793420901053984,0.16358132878824616,0.029493001328800894,-5.026067443681696,0.9436623953686224,-0.27621794552966683
0.21841509118131142,1.6465714037255084,-0.023644544949474433,0.36150194220066284,-4.112271427740212,-0.40152800637039376,-0.42503315758347127
0.01858135833688207,2.475295526453505,0.1993197151477073,0.4282188605762784,-5.126683446045001,1.4118264811753396,-0.6308177463920093
0.24066602668563003,1.9346645702059906,-0.02954229214161508,0.03802258329995814,-4.500487587257055,1.2203671878078222,-0.26527951341222433
0.05792712002021531,2.0164232606066177,0.2160640151746378,0.022970396058136333,-4.909748490876701,3.2486563919740865,-0.6315711519948705
0.20290752000578854,1.5646138507550298,0.0005483298977186912,-0.2027874362267237,-3.826002142374244,1.459272270172497,-0.21400766902028961
0.03865337151552292,2.895106022697176,0.22169464448683396,-0.013279263645523842,-5.991271677997311,1.5707921522298396,-0.2691032573386732
0.12021025068768969,2.8442263515784987,0.10803417284666095,0.2782555058219154,-5.492970355653828,0.3394011619828854,-0.48183896812540433
-0.0019628160737589144,2.3532417575964355,0.22196162833777078,0.4605330348738478,-4.737879290039083,0.51354427304096,-0.7960568266329191
0.18503944452326268,1.8348572045948524,0.07149901351260612,-0.30402294666705487,-4.604407603476313,1.9293412235529646,-0.14005851897425642
0.12896033404931528,2.2206517115102855,0.09274221959176931,0.39888388503837086,-4.930714920576277,1.123111406735005,-0.6415745595825056
0.42846502822991595,1.0795892072829472,-0.21672093324179253,0.22661074487647603,-3.6772216093971575,1.061776322445802,-0.4839898158336069
0.28651363840786676,1.5587160444520656,-0.09268896144563987,0.36602022050934613,-3.95098836949875,0.31789353572451495,-0.5612366137877591
0.0925956392595978,2.028178613755177,0.102929149902526,0.6071795765140644,-4.307190181373976,0.606498252031832,-0.85545775039288
0.28488059423026163,1.515972395254126,-0.09486756741129432,0.41039426794068656,-3.905253793091313,0.7290582879460622,-0.611393223879675
0.05900273610839004,2.355000204988841,0.1752985811408705,0.24334705004663254,-4.96500744393905,0.22102028829992526,-0.46256901693558494
0.1318696708033304,1.958557528391214,0.11825141713565945,-0.21004703677605316,-4.694865763483706,2.469018209016335,-0.27800438602044014
0.20101518107532756,1.5248874394599088,-0.02134944035392694,0.24256103099938853,-3.6531710642817075,0.9827621118863082,-0.5121270432898725
0.20949282369950328,1.8302008765356788,0.040385702198486584,-0.029733689161623278,-4.7025878106774375,1.6808096367792758,-0.3466107263080171
0.10664798445407424,1.612502586185569,0.09010220767055643,0.48375390292622567,-3.8535612631355383,0.08886330703840276,-0.6868785524136045
0.26994088243769043,1.5691520348987216,-0.023307759698913966,-0.32798592623056744,-4.379121753708425,2.123915481009863,-0.1118291384079786
0.22742987256681022,1.8233443672206568,-0.03953999851546253,0.010639813252339508,-4.1589293190247325,0.46502951296393086,-0.16099160071913943
0.2364013314308482,1.5512824677385704,-0.06162769839463578,0.14578642187402985,-3.687667293534628,-0.319717539972281,-0.2799316961854589
0.12327284089653988,2.1036511808322365,0.05808111619977496,0.29851533860887125,-4.3108098816383595,0.29389730933731095,-0.46493734462364156
0.15410214668249125,1.6989384130352516,0.04882598864636556,0.5326249661823101,-4.188536294725462,0.36968210311648536,-0.6857796943047128
0.25332063393191756,1.3068012992592994,-0.07637555975152344,0.1404745381108459,-3.43473496858667,-0.05964747094860298,-0.26935845714248546
0.256767750696861,1.6102194322155767,-0.05684649800354613,-0.08191077368993041,-3.894894471620587,1.0347442527244057,-0.2647454487338118
0.43790641537767705,1.2499911792602316,-0.19089256133393184,-0.18641291345757896,-3.9378893427510016,2.3650329622343964,-0.39306099824465623
0.2538856219829435,1.6868288310956765,-0.09545711564438641,0.4257271374707434,-3.765718340750237,-1.0535117232310676,-0.39362965231869174
0.18933292303865226,1.5879228895227375,0.016048599868311975,0.6920962227668002,-4.233245271702417,0.7193798261274165,-0.7821687532491377
0.24132882051027765,1.4164892430881422,-0.04429771058939491,0.29371087668013335,-3.7826430086095946,0.6484846884424994,-0.5745469824584402
5.360146002608987e-05,2.120194956226605,0.2205383562477592,0.002354011453983673,-4.526568930274645,1.29299639467949,-0.33071321666676157
0.16548981564397933,1.8081978026844545,0.05386594661094879,0.1728766322907741,-4.29562145539754,1.3749956765565075,-0.49806444607761086
0.1291320965217153,1.7552113203263366,0.035481612474488555,0.41228630900308866,-3.736332906582412,-0.20120089626283635,-0.6044809521781024
0.19120394017596226,1.9313593340550925,0.029966920248840845,-0.054287954778019815,-4.458311495576362,1.1710107428986267,-0.24129237663372285
0.2500284890446744,1.8512676438032585,-0.07782172320935654,0.3165396409571246,-4.0929847051563994,0.6056954900789356,-0.4465337843046344
0.08086925892292167,2.010334854879333,0.13354414483548394,0.5874020773801549,-4.57495217320942,-0.15452063058930654,-0.6556872490839999
-0.026426911094631588,2.2329737055713963,0.23765404580310867,0.6878108616574108,-4.60888937545861,0.7330489235252199,-0.9655898234307619
0.19205449611991374,2.0912381150898107,0.048724019309139166,-0.30865566572633796,-4.857852461200945,2.281772858181271,-0.15910640556912606
0.11288998467197035,1.8098614673413613,0.06059442592674169,0.4930228492018164,-4.019668101191104,-0.12064842134590098,-0.5703409624866292
0.18991634521232645,1.8392959065692882,0.009074487529831865,0.2839661586375769,-4.228564008123959,0.957442693247391,-0.5457841452067678
0.4278741457865642,1.1548486612762294,-0.20958001947518812,0.4821119360688514,-3.823742645407794,0.6047370499084279,-0.7311767625058095
0.19502415928629102,1.7868783741165377,0.0056206748800951,0.33328568554907223,-4.195695632614969,0.3821427054357621,-0.5318048749854888
0.19783714341712086,1.5248070969899679,-0.01189131257945264,0.1822663309195968,-3.596144479429735,0.7514535021206138,-0.5151098974524635
0.07487568697473859,2.2240192357172894,0.16784448955798226,0.19803414856704862,-5.077453744122916,1.5675951618301223,-0.49616176367595843
0.2600449501818868,1.636760758237694,-0.02006963126537631,0.22998078049791934,-4.330292096010196,0.6752569915718284,-0.5548457945151759
0.31276788701596137,1.543225452767985,-0.1164391202561108,0.4574655773125488,-3.825415619146169,0.7021647987429716,-0.7380971752311976
0.2561249903181309,1.5432947092003295,-0.06997058589982186,0.2795627644594183,-3.885341302099245,0.028373387620161946,-0.4059787217667598
0.17556071049467903,1.5767426878314839,0.01759999384819544,0.17418218622284695,-3.935056118950325,0.3687627287735622,-0.3123603816387035
0.10284437689343033,1.9547511948899874,0.11138295914720353,0.289373562241246,-4.476868615266719,1.343683237221447,-0.5720599066868153
0.20653373486036555,1.6805209772444276,0.01304315859546934,0.08565177367087065,-4.133249274521241,1.600912495846682,-0.4857577401026576
0.17089827242505293,2.3729060203990384,0.06445528420032409,0.049791303346514104,-5.0153453147451,1.649813434329491,-0.46640768795790155
0.11745112908143568,2.2113867370310234,0.12355004979073914,0.359663797604993,-5.070690611058357,0.7692985144422054,-0.5817083604743079
0.013499946403547028,2.19483697539727,0.1919376638680681,0.38829978094895745,-4.4732591376433115,0.9820710481812542,-0.6713608823034861
0.18178519590063236,1.9674496976776932,0.04790482169238475,-0.11374527281692082,-4.656487801352848,1.1466513119959545,-0.16334421271422192
0.15957067770680838,1.7135670545205794,0.054086554890922844,-0.13893534123704349,-4.211166827256828,1.8416825845328513,-0.24727810394608005
0.2740884686839053,1.5198684377515188,-0.09377871008022665,0.21880692436856744,-3.634566634906443,-0.1376867075460716,-0.4331942554183728
0.2730467705288242,1.3165863105764042,-0.10509190239397548,0.34130301444182304,-3.3223836525340547,-0.604326809107735,-0.43238615383198487
0.25766046065009535,1.8884841332259692,0.016032870831201418,-0.5482394599640128,-4.7570938430225285,3.361144370030759,-0.15666883679348537
0.2857925753595202,1.5168344861873364,-0.10066646996318496,0.380751945361255,-3.5694553112683702,0.4700267603012607,-0.7162027994543321
0.293471448849909,1.5107852805322906,-0.10993899867340351,0.48319768036204996,-3.752475412394448,-0.6431429533393771,-0.5586554294472276
0.28437447654893816,1.3844398138921143,-0.10722794090481225,0.5586819866509607,-3.6404814598786133,-0.517940291067814,-0.6280902797359247
0.23297321920391245,1.9771741372857603,-0.003618259988956485,0.06935914208898455,-4.55147281113752,0.6174453343352757,-0.35143630089100636
0.2749133118396334,1.6908474130579996,-0.07070590773788687,0.4905247628277551,-4.159010003121367,0.4842241633438923,-0.7438515143236782
0.16942857986130816,1.369608803588438,0.052937512168397594,0.19300833540951315,-3.832583921840525,1.4413440329608458,-0.5915040010185959
0.10688413878080419,2.3187725571182893,0.09491020448588228,0.7086866789979727,-4.911241499563529,-0.44416122084296833,-0.6783664028600208
0.11462560366927903,1.721167587636887,0.08306133519061731,-0.13438914644234162,-3.9902547459494007,0.7169606459566461,-0.06162461126588939
0.18336212477051028,2.0932820592561123,0.05965143687913588,0.30995394863449977,-4.981763283371902,1.3573838006426397,-0.5346848117982067
0.41033983958924275,1.0153540711192441,-0.23371174809529105,0.3574179996585864,-3.2922334180545834,-0.2407190033415863,-0.4300642508855146
0.19412774220152498,1.6154432135580434,-0.023743305288492556,0.2851657394865283,-3.777469828425373,0.23217442190842122,-0.4148968146668195
0.07929414675739974,1.916680566333294,0.1531461758079391,0.5551449723693791,-4.474205162938826,0.634496779335946,-0.8705099228822333
0.13024660802510077,1.8423856300146142,0.053441559376795844,0.5204416688798916,-4.008179744571619,-0.3599834438111821,-0.6651852646431101
0.21948559606555235,1.7690317488047087,-0.030936892369419322,0.23331985086093318,-4.162414727198418,-0.1337977128434804,-0.3044094571931366
0.26467783715866156,1.1314553054506988,-0.09522412330156582,0.42766672027064906,-3.3632542960188356,-0.2860663941255474,-0.47388921168293624
0.30135299071841976,1.3375177900234476,-0.08778182690149172,-0.1076078237372161,-3.843276135105257,2.125415925231644,-0.33380550247378393
0.18358767808820547,1.8010381399541238,0.0373078700708791,0.08715319946545108,-4.330472370290711,1.358236035785273,-0.43015797955224705
0.12376479004352789,2.270230078065925,0.14176166606500296,-0.20356037448457776,-5.226733572289225,1.6846493073944468,-0.16991731102348795
0.12084659716238313,1.9813650260030176,0.14394248545772026,-0.022253412273328277,-5.035226808136096,2.8131194632522196,-0.4393588154713571
0.1148267360139192,2.7275719276240107,0.1655895270540384,-0.13144080453480672,-5.824660349089457,1.3652404443640986,-0.28975294604905855
0.16349667387714228,1.7947898388016215,0.09729391746835558,-0.2652345483970001,-4.618527041110632,2.335346735286027,-0.25052666774587434
0.2370312384887127,1.6472435713855182,-0.04400678687207282,0.1100492391406839,-3.899774847398509,1.4391374941033435,-0.49972921483584243
0.19520483041693223,1.4452951087592283,0.022450128572661043,-0.08909686994073265,-3.839863219497973,1.7525132556928724,-0.3548030248260565
0.2627276764014486,1.401794841957947,-0.06547876955425125,0.3975528248666823,-3.8406711454776143,0.447455193570079,-0.5914453689188207
0.14726218712204733,1.8843236416291214,0.07955719290695673,0.5328271246612245,-4.706700110361485,0.8818237406769808,-0.7368511737926188
0.26977470273677534,1.423673426112867,-0.05810026154182446,0.11979953473447581,-3.964212310423885,1.3773420685787212,-0.4146631192773039
0.16144171822193,1.8512208901769769,0.024291471705505385,0.4652277022037481,-4.170372277215425,0.30707944872909004,-0.5707470396399068
0.2534056693201862,1.7081618861155177,-0.034678380957134936,0.33645165676194466,-4.359499001424317,0.0025617087081156523,-0.4472045704568016
0.23254048291727009,1.4810201838999146,0.006017454051423843,0.2501543700555462,-4.124646346540437,1.626531183238085,-0.626101891244194
0.2607598091873356,1.5492586414220715,-0.04514821841515726,0.03215658405562927,-4.1174766724065845,1.0759134370276553,-0.2804180768152284
0.3230470514679153,0.9782406268519408,-0.09144916737380826,0.05230070409578656,-3.357074169882803,2.008141002884883,-0.6180234707639923
0.12711382518105935,2.0106635138939795,0.11933338097880597,-0.021904993779346238,-4.841493713840581,1.2305405069920714,-0.2690545905379666
0.23437323723556153,1.952012577132515,-0.04267579989459369,0.08723630296540841,-4.378034770975923,1.2240084256182866,-0.3184957584604927
0.3038940111631333,1.275708170167685,-0.06999554773541639,-0.03943988965744531,-3.778101290781416,2.084356986503807,-0.4702231804761331
0.2202288445463584,2.033969439336308,-0.013553930539617287,0.4923203837619021,-4.715456067126884,0.29480603011238654,-0.5424552687225325
0.1612243104889792,1.700682463665042,0.07688521339431142,0.3357056640101197,-4.315460009410977,2.143046642138503,-0.807314567872787
0.1353161127703972,1.575267995970087,0.08777473368928979,0.4636200249483654,-4.281780135262862,1.4523963292869102,-0.6824331253285594
0.19069991340694764,2.091599583623845,0.0313964707098362,0.25230362459945055,-4.793545391596872,0.9112707686655633,-0.4217603964698508
0.0009381393087242481,2.1840062384798,0.22070334650283807,0.4599854375533064,-4.7392903452426145,0.6000651447483998,-0.6502522788426491
0.13980767230958716,1.5387374566002614,0.08414609644890136,0.2769332491012675,-4.088250969573181,0.7723457280572664,-0.611725536566089
0.25184187896369803,1.6412508695503356,-0.014459193807362158,0.09663022600554377,-4.3175475726794055,1.1616613134955471,-0.442822224275752
0.19156615077971137,1.6424302147964005,-0.01611320812934114,0.6250867613214304,-3.781257324169622,-0.7785669812410654,-0.6609972206478687
0.24535930067225334,1.2164170456497863,-0.06259051005040839,0.6181269091688517,-3.3524850232426076,0.4308053402677812,-0.8782399051889196
0.12549818061067947,1.8971675513606228,0.06621612106979002,0.348001036749006,-4.214662253508923,0.46826610969556887,-0.5008614229731916
0.12381088852146217,2.3745059063634386,0.12269420764601158,0.21061637289206506,-5.282954721122141,1.5314687616097629,-0.5169494943574636
0.15413833752182052,2.0375578190596695,0.05487743693893532,0.1007978303777066,-4.522187410968383,0.9009013862000802,-0.34247354392596874
0.13108547180877259,2.1380081833929525,0.09723895091067147,-0.023668231561299408,-4.588949738998779,1.4214123534565308,-0.42093882237776353
0.19218097361143635,1.588133613849041,-0.005227500525250894,0.49648142859174155,-4.027896089405478,-0.481801322736664,-0.4815097911952496
0.16538296073172787,1.6472815195875468,0.055325533419681605,0.19333881576391618,-4.211200976193446,1.6791370416745133,-0.5421100261174857
0.1379877470651152,2.1452883524368853,0.09797367826670045,0.17824732164110346,-4.641754907226351,1.5796692629166489,-0.6265454077042567
0.3783657171454118,1.405757431165878,-0.2082155436766322,0.2686570353602128,-3.6601660647170853,0.12240781576359537,-0.3911410647707615
0.1629189199781606,1.8537810265035863,0.06047305090918775,-0.13204871210249644,-4.426419490819073,1.543277062286637,-0.24771925052806293
0.42559247396687766,0.7885688181897424,-0.26062569634559296,-0.2328405826958086,-2.839723688221917,0.9086786666723662,-0.07689079150617487
0.41070315842945687,1.1308633376230142,-0.21122524249154406,0.05795984078978453,-3.4469552949496585,0.6602987017717848,-0.37891081291772716
0.09967717232531122,2.522135819345014,0.16303526643081345,0.08208109741932834,-5.403415520794176,1.0869491643046187,-0.48715725486371286
0.0685531566814646,1.8740997510562256,0.1089455870774827,0.4703923702905638,-3.8400927395216504,0.007912485348546952,-0.7088187302304652
0.1258355823988622,1.5738556823388963,0.07161063552921676,0.10546682164039795,-3.8060160538027246,1.428549944137261,-0.4529680775512065
0.19081268559526948,2.005406728082062,0.020490072126537306,0.1715093627821413,-4.452560277181966,0.9044057542814047,-0.48941081896489347
0.14732078302879892,2.3324713264117496,0.1354290352748191,-0.21836331842330092,-5.480796810881303,2.0022315893000218,-0.2711727456956554
0.0798094734201008,2.0055963661317255,0.12274733634045565,0.13889070042883436,-4.272397207977241,1.0298100875275227,-0.4881946856297944
0.26680925106449266,1.436748858707556,-0.050966012513833814,0.00716162189780431,-4.016243399789731,2.0022908558724173,-0.3605540168297755
0.10012014406012568,2.078836721065666,0.1531003770761703,0.22346288064194683,-4.802678868711866,2.338934591899197,-0.7471367637546987
0.143682575075446,1.390281120309574,0.06005784915617418,0.017420957855519073,-3.740646378239587,1.500005842036734,-0.3660203456899338
0.2978414123685215,1.506602858399275,-0.12864185708140796,0.7500463419250657,-3.839679246963722,-0.9063215869361513,-0.6904899181617703
0.07104302411475649,2.2123939526203333,0.14616583453765974,-0.048060486942251956,-4.630999850245752,1.3722050582627578,-0.2959312358641494
0.09977216989901075,1.8847111597163932,0.1492287411884925,0.13127466136052124,-4.744620366115235,1.5737608163106873,-0.4450934531274862
0.08339037146187014,2.4285422347572743,0.12314020911098544,0.1788422502175018,-5.033082069762374,-0.3519062242124732,-0.18782600409645045
0.26529729824117987,1.5187413069472082,-0.04045011783039465,0.4217300025809246,-4.127574857346249,1.017294624229091,-0.7088948144115677
0.187149838899201,2.0507849584501434,0.022396375787702816,0.5899048691968021,-4.607505174606889,0.14638605176333191,-0.724072868245593
0.29273711533087354,1.1780977761087454,-0.10212281027523928,0.4353963445443989,-3.513148811006219,0.3506965582608066,-0.6170066022503671
0.1538449503719243,1.854042922899117,0.06280648513236176,0.08278189159517793,-4.3248489754450885,1.2801775287708712,-0.3681981494270852
0.2610931033996416,1.8161095458621597,-0.05717827844852241,0.26840432877561266,-4.237904475458246,0.39504904193879337,-0.4911360294363444
0.11075426309756459,1.7463831883734848,0.13577173965909894,0.15438691438881122,-4.582942470635234,1.7600555692293605,-0.5074859321652168
0.15078148835533392,1.9848525650012143,0.0405041127449175,0.18894538136381037,-4.245234343435598,0.8071791648537565,-0.4279422701783069
0.1658436193316176,1.519163059899626,0.003666916536894549,-0.019211184388633368,-3.4482544194185403,0.40804585878120514,-0.22162997697450137
0.15133212304358765,2.1838840202107854,0.06222651811683866,0.5816423863277798,-4.946537252675995,-0.03552568166072771,-0.6200000430964611
0.0676504624929816,2.0789234430775236,0.13273963589668814,0.500125799502943,-4.473569833757855,0.448572638868159,-0.70256733520892
0.1943705118963725,1.750948720605431,0.010573159883511929,0.45811136227375027,-4.093626278002549,0.017643003125077723,-0.6685873666631651
0.09272067557216461,2.2314231110907867,0.13475460842655806,-0.14089887710031948,-4.702411563012324,1.8354643940671378,-0.3307816030378611
0.23832466690364745,1.4041882333284694,-0.07666339128997934,0.35237172968208547,-3.4460085646450063,-0.7048129368404438,-0.4327826852225588
0.24119219661221977,1.5893339803134665,-0.044527550654479775,0.22700054189440558,-4.046667122207915,0.47142883041163114,-0.3703740338694831
0.14384678364251965,1.8975922488630688,0.025740629048624175,0.5250542511675521,-4.016294469758195,-0.33615278712999525,-0.6596817316235615
0.22744141821417552,1.7327737915101533,-0.009890396322909556,0.03684577394285707,-4.473756473358267,1.1472783924422627,-0.2434618143826573
0.2107580365920009,1.1613377697622091,-0.0319214773094576,0.1818348338396102,-3.1887481006310443,0.3202651548287322,-0.4376826725572819
0.15181128841154515,1.814123179677972,0.06278076855454917,-0.06236222632804639,-4.235120332379175,1.3627902317742153,-0.28913786762464644
0.23751042821302448,1.6415696066510423,-0.05379285429139791,0.34623473755840484,-3.9275073735646138,0.9720172809995616,-0.5618056290465168
0.07225294329871051,2.687307972627179,0.22943341680227425,0.044457936933071596,-5.877200588473087,2.9041852411979656,-0.6072999620674326
0.19219643236502432,1.378635830880787,-0.040574422937493804,0.6450289930495963,-3.233195679378262,-0.19756649404758647,-0.8348742309242507
0.24181327260197977,1.6027184572824427,-0.05830993958979014,0.254835598015305,-3.77106378631482,0.30518826718944936,-0.4921265443681162
0.24294634142985783,1.7426981713833043,-0.04407529169144775,0.13668233786376474,-4.266292287067,1.0284669628174594,-0.29810535447312725
0.09192766213782834,2.0372191798788393,0.12829188578508077,-0.05981122243727033,-4.511734012058962,1.3614289222065399,-0.2808803010025212
0.16436075369618108,1.6486986224970097,0.024410882767506026,0.2042550355833202,-3.8431183913932063,0.7654179569240485,-0.4526251903180951
0.060632352747090654,2.254790892896506,0.17198564080408718,0.11907617806085405,-4.777860271211347,1.610156550696885,-0.5489294905657462
0.14090504077713553,2.0713933620530147,0.09301168040686325,-0.07342502607530754,-4.668220663521724,1.9192453110721874,-0.31882641702994513
0.15318271900758507,1.7727848390074863,0.05508912945243849,0.44300067810400484,-4.37857011727204,0.5445801921452855,-0.5671796288141763
0.13852700991509842,1.7804880148343796,0.020189628424828632,0.5388568410895069,-3.7829051026563265,-0.7515661766957131,-0.5482185840862867
0.13386960769743314,1.9334151182211992,0.09839583014634057,-0.2255089244562342,-4.710121204136333,2.603777973578906,-0.16700811884553687
0.2822706638656262,1.5420266446107667,-0.03576003689639262,0.3004759082764277,-4.4910593902246925,1.9358880973536159,-0.6929508447691175
0.22022684911555995,1.668364720573927,0.02667397210134692,-0.26964203469573256,-4.281932820408714,2.2465917106813653,-0.26626982362112306
0.19312138522421574,1.4047059106228523,0.01724156461373816,0.013770015807930774,-3.8304120608375767,1.826217244077569,-0.4010304243040026
0.1447720258576043,1.8468183569668504,0.09595666066779818,-0.19504580284948483,-4.441599432139365,2.614946032525402,-0.34305631891872934
-0.0006139185056892219,2.674863599609759,0.2503360582258054,0.18699502708672777,-5.5228578202672285,1.4323232045287033,-0.5263579547581898
0.10755047730977146,2.266140287565452,0.10859806317630727,-0.1341563403606109,-4.811323916496818,1.1568193253027514,-0.11031104216091142
0.21938126809958952,1.445604218479387,-0.01318788264551174,0.26470622371580704,-3.8436384052280346,0.6621946632179201,-0.5273009625092946
0.3110741891069183,1.2844048208597534,-0.12509822730847453,0.2006117807665058,-3.5486617834140817,0.9260452868642616,-0.46135267474627345
0.11012943885257678,1.8725809116011565,0.12381491192800231,0.30195639037053024,-4.4764295189676995,1.9306230626924419,-0.7299701882291071
0.04252772944714215,2.2501673273032994,0.18153001565832838,0.5318991506551811,-4.8509469862445185,0.8020388502796056,-0.7760822797461666
0.21934765524902852,1.320485394002015,-0.01597244764726824,0.4550115658536355,-3.532094041130046,0.6825645919624252,-0.7813577667066873
0.12071849780508327,2.321677489987274,0.09015778115676798,0.18438406746169578,-4.927503171583207,0.9087551194849134,-0.3283170844377541
0.2685463183196903,1.5241470848954528,-0.04430517645969945,0.2785935112463071,-4.0901050495779545,1.732170592631277,-0.6840741798991296
0.17200094212668562,1.7228749801650147,0.021221971410890772,0.1284556715086748,-4.103997868156702,0.4821211733447085,-0.2967916474151384
-0.04641929552972453,3.0210288617191594,0.33095158832050986,0.1855332349163954,-6.187906206028517,1.7150154870582153,-0.5730787622860113
0.04430802401444175,1.9280971701088174,0.1481853421118957,0.537309716721521,-4.158564669752487,0.49996726943667474,-0.7978023014848068
0.33301015061337724,1.0406100749985794,-0.12213902750994088,-0.13587139678579677,-3.4889614794418793,1.060936473026147,-0.2068788709898089
0.1921850800778301,1.9046543076766833,0.022992561863544703,0.291674767196782,-4.410963787672726,1.0370204199403368,-0.5538965223269949
0.15785051751229312,1.8406924717525586,0.103583178582344,-0.32165231031669433,-4.693043128223766,2.4812462953469523,-0.22430851547378994
0.3334748396950325,1.1585474031422722,-0.1529676525785687,-0.008947280976273397,-3.4066339993010826,1.057626528680254,-0.2052422011758421
0.16841635654358836,1.5559302078702095,0.05557558360645265,-0.026675780143261024,-4.243307653577295,1.4098115507855278,-0.24056617414510162
0.18534545668218316,1.8159814623691055,-0.009470026052050606,0.016937894256300268,-3.8617320322765143,0.41065210699035953,-0.22088667888722874
0.09492192816283455,1.7325411165063296,0.07880605649490025,0.49764500947301366,-3.8541201046097098,0.14205153847664362,-0.6435376282253424
0.14404706928707645,1.429856434884941,0.0034649192133711093,0.25446696072856334,-3.290820654747611,0.18396137004015994,-0.344105869602521
0.12282967269037237,2.0157931476406636,0.10935845126748633,0.055890098279558376,-4.474504904393602,2.197644361702953,-0.5654792129963807
0.1487154464477979,1.7951105050674476,0.0768178826638799,0.12111013331622472,-4.4288773013489875,1.7222301113089602,-0.47463334465530177
0.0662340017535696,2.114444987280067,0.13630581085320093,0.46086580751997935,-4.583372774906185,-0.24089554068861185,-0.526985744628288
0.2537271274679812,1.421520367095994,-0.03539203404939695,0.17620950645583516,-3.9329467697026987,1.8399573655695527,-0.5585492929796243
0.1683029835987542,2.293045439006124,0.022678591644786694,0.03098390337899945,-4.606607812339417,0.38771966557453746,-0.19050967640461647
0.22357145791054645,1.4564857544737835,-0.011713230977030031,0.3074172336732076,-3.932056368591223,1.2736434412401505,-0.6232665524757406
0.14709343013021128,2.1216003772281824,0.0499153168112223,0.142893995348137,-4.554115346965395,0.6851305321168202,-0.31185683273962905
0.28600580315904206,1.6570529064033288,-0.060369222245157284,0.029801081060396334,-4.234857758593375,1.1247892178918635,-0.3408881055029046
0.017209990976545568,2.4822674942322,0.1904288750192693,0.5030223508875783,-4.890255914762228,1.0437275797109709,-0.7758538098993244
0.10777517273445536,2.3544966362852207,0.16369670645573353,-0.1417138065505168,-5.197886133230448,2.116996997417016,-0.38006377256932183
0.36650980317582715,1.198881634012087,-0.17268719836845092,0.36280282425860355,-3.5502682132892307,-0.2014617780731203,-0.553191603474845
0.31064450011172423,1.8783560785825804,0.012191627670990135,-0.9456767861779038,-5.341282822933774,4.689738010084218,0.14149898571059277
0.11658494571871825,2.226118145044189,0.10305010552429161,0.2597711596338773,-4.734593260342859,1.7387390598100438,-0.6298932834550619
0.13326403652358693,2.2692038818408524,0.06473660776166645,0.21248589441973142,-4.596866924458595,0.17227118867247185,-0.3568899211946489
0.07977143534445341,2.0515189283385276,0.15791093038967308,0.23941439212903282,-4.615836868003404,1.7359056207240695,-0.6424374050350948
0.2140213404661646,1.6240805520459225,-0.04289249617182489,0.454508016448097,-3.7618741309754298,0.29730418491759686,-0.6155375417373585
0.16232696582350967,1.6828673840747819,0.00116581750597744,1.0014265349121767,-3.925178100502109,-1.1634051740249431,-0.8719139777947564
0.4257841261729912,1.1123093440597973,-0.19338273180366672,-0.04677094106646422,-3.772994234743399,2.2710118816674245,-0.4367231422290879
0.16444362500464937,1.753740145546463,-0.02724212327584219,0.8316071306116866,-3.50607483290042,-1.2767996716114791,-0.7995242852389225
0.03429877179988718,2.362703932638193,0.16039074518553842,0.3612329763235775,-4.589029730430607,-0.056882335315287524,-0.5449167244411579
0.14754610490632905,1.5158597296326979,0.0710591525332358,0.047662743550319436,-4.013504648526409,1.6604758816698062,-0.41559490760325446
0.1421568990927469,1.7970741269770516,0.05615007314876497,0.11776663290427622,-4.0317885518434435,1.4709573675939471,-0.4546336106006441
0.19658397043408302,1.9113447601949112,0.007378138107894783,-0.057705164235421186,-4.276925879687051,1.035260543578935,-0.2124661818202233
0.19866151894888215,1.9344161501256611,0.08441973141195591,-0.2995306395076043,-4.984273220463873,3.589424987887649,-0.3153069286963358
0.14267590207563158,2.2606317658557225,0.07058261491043738,0.07805033199545369,-4.833480350145152,1.149753163798154,-0.29723727055787086
0.33502325256696397,1.1241604360094144,-0.18741274355643267,0.4952147356165706,-3.1033609231797024,-0.9505023080935248,-0.477627982366427
0.3708252123675608,1.2411314110565834,-0.21541376886480856,0.3682392015477991,-3.4043884037499725,-0.7257164404370778,-0.3203449698199736
0.2363249499122982,1.2717208804549136,-0.04061306997021863,0.11159670616924625,-3.415894641751051,0.5651891817750333,-0.4413732348333909
0.27521982891898844,1.4712039620029225,-0.0823407190446882,-0.06320334079304939,-3.719247715573831,0.9372778359495845,-0.26740793196068313
0.09214098362808587,2.2094791515016894,0.1272507700389145,0.18671926894141627,-4.6581753331545555,0.5929362683392585,-0.5096475795376736
0.16044946349569955,1.5759295568907223,0.012888593938649162,0.2882092637386836,-3.740901279365934,0.5524709694088468,-0.44967218778679197
0.29352109861484826,1.4573899801406958,-0.056948927657632264,-0.02548220171651569,-4.070700292749295,1.7826012375407139,-0.41556120327043566
0.032506518121983456,2.356629712830718,0.2066870707324282,0.19355835869290583,-4.96963810695538,1.2074064885685905,-0.5830323241450049
0.29012445374147483,1.6419241545426497,-0.10092225017669909,0.4301885209276146,-3.987224356699742,-0.24476840760890842,-0.5443297389734049
0.023557951290450282,2.6708204487200957,0.21906445466101676,0.15359666836516545,-5.1444700438512925,1.6635533458501477,-0.6471662669421249
0.2541115736920848,1.8078302817379153,-0.04245967736423517,0.05308506074796754,-4.2073047651597,1.0082871118016228,-0.36232464343538406
0.30951343737886117,1.3627016325480135,-0.09891524119862927,0.25723464595625706,-3.8732760336021523,1.0217633861336073,-0.5850062682332999
0.07165207056883298,2.1296612100612085,0.13154495528448895,0.26016961539098826,-4.583308681077991,-0.04973044036139419,-0.32291353571266096
0.23828360442424254,1.6678282233548176,0.02438983805758399,-0.10199609375995308,-4.661401932114662,1.4974740214493167,-0.25687058906102345
0.18111729152008568,1.878115421134423,0.008187112373344352,0.19798007267740922,-4.29532011555232,0.1667295067516102,-0.27088137371234267
0.21150715810907264,2.011904799476964,0.014304691239414247,-0.1717406251139876,-4.608492024413737,1.9200796631529948,-0.23323009892191202
0.1565703243467986,1.843016543168988,0.08715704557656068,0.15881520375342095,-4.471686467811637,1.7028331073001728,-0.6028023432607283
0.2433023878549842,1.6920117289095677,-0.03584357063975152,-0.03709419145489351,-4.030475186260314,0.4167136369219784,-0.2243799779931845
0.17883307287816344,1.6284454856329678,-0.03274357972526931,0.5510108205169926,-3.5904807003664705,-1.2294409663553942,-0.46091819019654634
0.13009435754035062,1.7466662648646456,0.07231294252179477,0.22836671094559913,-3.9881377408122822,0.33096348749414817,-0.4931215728929981
0.3670020261654755,1.3017200728075655,-0.16095947140829514,-0.009684236327353157,-3.666417681668975,1.0547733280927176,-0.3685055568403067
-0.04892792493800579,2.6958620582948725,0.28155721323717664,0.6724303428269809,-5.4620718991960375,1.0749592540712538,-0.8506152255017226
0.1956506798837783,1.4546782955068194,0.00040331455967979046,0.4146003539357723,-3.6825019128315906,0.28016010469499764,-0.673933395168875
0.12200388662133227,2.0487853459867478,0.08516055289001878,0.2780095203044758,-4.461156834684979,0.84857208888825,-0.5777983821658536
0.11506497317627423,2.255769110212038,0.08962026795634426,0.39960375834213463,-4.759751387338311,0.010421914952331253,-0.5289803831018853
0.3326636353778092,1.2105507670489086,-0.14632359717518695,0.4494663406929084,-3.5513100481614077,0.5220450371207749,-0.6118721783848202
0.13894425899813576,1.9046411849198952,0.045302896026997,0.2606632698023989,-4.122755944884103,0.3457871017699261,-0.4021733208456968
0.14805822789533687,2.2458307365171484,0.028769115249634103,0.5676594880084466,-4.380135337820979,-0.2045775133217485,-0.7222215906298166
0.23529673503608478,1.8359442723747563,-0.03562120993330309,-0.06888009667371459,-4.312992611248834,1.1468966654017767,-0.15110391132875262
0.030324715491349286,2.130190903383146,0.15536668981743107,0.5902237307551992,-4.344437276364775,-0.09124551341573908,-0.748175232340092
0.1645719030403152,1.8518354493821971,0.012193830756768609,0.6007778668009514,-3.974617301455764,-0.7326170837302951,-0.7069308253220159
0.10101878566673196,1.8873350710016688,0.07054303235086312,0.8578341666658088,-4.021433796887856,-0.6478707039042395,-0.9440670020948321
0.13641041033950135,1.7210936781044976,0.02921370822499303,0.49412639742409026,-3.795119972883012,-0.30153862960499367,-0.5480562501091767
0.21188562561649985,1.805068997494197,-0.024531369578067785,0.21088592173941056,-4.233192351519337,0.1535546022098034,-0.30479284823101493
0.17347594062508548,1.9444030181915315,0.06655145608472646,-0.11329168158702116,-4.6429770687889365,1.9234024666090948,-0.2883448214806953
0.11493758440957312,2.0275713975173404,0.12967615475009286,0.040085944916016,-4.682887791805556,2.2772744850443742,-0.5046010513754534
0.2355582512153974,1.8184859392903392,-0.0035739713914340054,-0.06023636093859677,-4.3540859255630915,0.7499060215578558,-0.29207037912604095
0.38775880302117177,0.4621555807383718,-0.2513044630512005,0.38472827764188294,-2.286061505556254,-0.021104790489019882,-0.501370293891372
0.3751267381677035,1.2191588023634514,-0.16564659073484567,-0.11777501231005524,-3.7686935628696627,1.0760632688388623,-0.15907894523616936
0.2013249058681424,1.601965800238589,-0.041162867584876306,0.23203186426253558,-3.621836778577517,0.22533417604181408,-0.35551081527517625
0.05359083990406263,1.7770171254266125,0.17102284015911828,0.5535805174636824,-4.30315891201782,1.0666772229386934,-0.8398916774688011
0.2574931855853336,1.402748459927964,-0.07666795634489842,0.48025132726318787,-3.6109274212988045,0.28625139917887205,-0.6552363221049038
0.07725495697660743,2.2937805085817056,0.11806128628354906,0.1610968433511842,-4.615332742355479,0.23263862458678922,-0.3584387986573453
0.341372109437308,1.4752123952352862,-0.16281312701460326,0.5683197171227954,-3.81468437491369,-0.7202002976895719,-0.5693621575001448
0.28535315049826365,1.5628010928117464,-0.11696866981830323,0.5374868051698249,-3.7074747520468265,-0.09186102735527199,-0.6411644990944112
0.2490589211920741,1.7303086350427839,-0.09420510184442987,0.6557015381448017,-3.815189154186908,-0.6505565528825448,-0.6312644840838805
0.15297720142717514,1.700007898903828,0.06943176276122487,0.2670678361553033,-4.101598377382565,1.035640125894678,-0.7137089080906239
0.31095679329163584,1.4123429999989878,-0.13056069600089504,0.19889079387000086,-3.699755618069371,0.06695193845753483,-0.3024926817650523
0.0967345507298767,2.235556325524018,0.1345638771879638,0.2124450665659506,-4.870956037362994,1.490219278418234,-0.5760914272052489
0.1671022675491179,2.1895171084452314,0.06002192199602674,0.19055227853958412,-4.8622345511048195,1.0988470313206693,-0.4451786935671874
0.3853833196090181,1.2863745523440855,-0.17469671666317943,0.04106538525358604,-3.7507691289932215,1.3726000190840961,-0.40924434856527425
0.11871889771857055,2.3168445508413207,0.12231709931506263,-0.032827831668511914,-5.047638611261681,0.9293470813108518,-0.3312904251530312
0.3332820257254959,1.2658899790575056,-0.14250901540554706,-0.028504114508685036,-3.7414989928224345,0.6800310682192978,-0.11612073812594696
0.0724313410112246,2.416448555165146,0.17780082710832623,-0.028221318985422128,-5.234381890999343,1.6969787337127358,-0.31137664787693237
0.1813840297150652,1.9411336439751914,0.05022682673126777,-0.014396530881795627,-4.534586461033958,1.5027390292733802,-0.4097904653916587
0.18170966169051989,1.5411601853610475,0.004094412538661052,0.18115002994255933,-3.8031195609539723,0.45116154435385575,-0.3486365182099691
0.16705223252403587,2.071805332444309,0.05368370109774445,0.32180878867220986,-4.676899115577586,1.1442124763192203,-0.5821712764272434
0.16922337252151465,1.7591571760180187,0.008604790627919412,0.18828052471900442,-3.9937824360158283,0.2834430384078832,-0.3304761125930278
0.22448294627942567,1.9751769149520308,0.02559508962965884,-0.0014812901077253249,-4.658894105255742,1.6572766843834692,-0.4460259485348936
0.2975131805990003,1.625697465790438,-0.10317473288436685,0.3636002036865795,-4.044912713570019,-0.33138561832142643,-0.4852303058626892
0.2589680722990072,1.9681400325752412,-0.047715403899741826,0.22877076210234296,-4.549218363262198,0.2703172931034689,-0.3835549757104763
0.20042697893714856,1.6531125192429152,-0.005656791210994383,0.479693759646853,-4.112415628772183,0.18370535072151664,-0.5762446542411688
0.17569462094492116,1.5717923739216484,0.028061253074614267,0.47227765915746167,-4.18566640376825,0.6869437120052145,-0.5962754453778524
0.05692038225932001,2.9559771762593705,0.18104105084459077,0.07225484312147124,-5.650573052176527,0.7837474403563502,-0.32510884774471055
0.02917321087284429,2.4171296295783358,0.22399195112016557,0.029365395522838067,-5.198105253176207,2.093749072208349,-0.45418999983218233
0.07952407255233762,2.319378386891176,0.16127977206219968,0.4309816496021424,-5.319044683374712,1.0113022525194675,-0.5789143993251051
0.18756582117193674,2.062676629274589,0.03559050682116194,0.24481376338683306,-4.657236078859804,0.15874705055546381,-0.4031773449919148
0.02086114558773032,2.508481583064568,0.259047293622074,-0.3490161888307247,-5.486040624042415,3.4661450018448767,-0.27866559820214537
0.16103273857982142,1.9282193476698175,0.07098423435998025,-0.01676148011545578,-4.643407740471012,2.50741412516011,-0.4285825813751558
0.18103601719656096,1.655154201062246,0.0019662013487085073,0.45063646850339345,-3.90261311255218,0.6018792417523432,-0.6086341133237321
0.33072033785346344,1.7420556240450864,-0.12864094392645553,0.0786373978922206,-4.165473574588231,0.27588754950743993,-0.23897146765231383
0.34672222193531194,1.4906466776435008,-0.09301125845608293,-0.19720747330528052,-4.413301668477648,2.1909983848298156,-0.22366020923568186
0.1515448534121033,1.7760189704697362,0.0445810304309453,0.34370170491231855,-4.0739200685013675,0.684896243464212,-0.5718845408466531
0.1549259245345127,1.6268160221333243,0.004145609637006942,0.40799667645512694,-3.423465910214925,-0.5983987608159881,-0.5820492738951032
0.1612808844513041,1.6441616468723268,0.04240886371973751,-0.04756304123187671,-3.9801091656348975,1.5416928837318669,-0.32895677158006137
0.06610774962624391,2.029654996719641,0.13288836285296712,0.5788672377966839,-4.35015687148216,0.24913210616025003,-0.773461295050559
0.12586830717537303,1.5830704254541328,0.07475532980881283,0.30662540852888465,-3.7888427588638836,1.531488983340043,-0.677311090330409
0.16192465461959216,2.1715750330123935,0.13907990649967528,-0.24059900705768045,-5.300497064592472,3.1285014554046824,-0.3924260739519835
0.3515390550762601,1.116270058266163,-0.16867063943001892,0.04850828566009084,-3.3386461935644762,0.810751774545954,-0.3403172986118145
0.13753591298071616,1.8307751297685313,0.08249932108811886,0.3014023418633246,-4.310995547703425,0.8616651825010708,-0.6323237547403838
0.06575212096103189,1.7885238664451706,0.1735223999310449,0.026389650822356503,-4.3857000789322385,2.4242898028110824,-0.5244935415538496
0.17146655801368402,1.504475952030483,0.03716795148826302,0.2912919431092236,-3.8714967839100236,1.127767656382084,-0.6477289216065212
0.39019189395629045,1.2163140371001289,-0.20948769218790575,0.27847658901383304,-3.6092335076832316,-0.23491357472506175,-0.3290978458666861
0.23764173407692893,1.6974128239289636,0.021279298201684504,-0.14764706484423806,-4.698334891897101,2.3635165056917145,-0.2561205951474435
0.1460132057061095,2.061504503752606,0.06448975393568768,0.4464225290776478,-4.467565701577288,1.039837884310683,-0.7560974601065626
0.07188620871540172,1.7952695755952592,0.09319414265536152,0.5455923293813337,-3.7044241978201744,-0.09176243684492653,-0.7440786217764092
0.06094095586135864,2.520960022798397,0.14100697858449118,0.42001774359225524,-4.925940933739939,0.18840342959683212,-0.5211447244852054
0.16085896901540325,1.7689319087526214,0.06177261410038226,-0.013950602777252685,-4.301010665615597,1.0284459247610132,-0.249983366238834
0.14853474027894958,1.7087381760381972,0.056258712172257086,0.20724996678971652,-4.208179466391167,0.6854158770145415,-0.4006977337105767
-0.0009142201771895619,2.6493165834975185,0.24751488628162832,0.287457417613626,-5.434161772061848,1.1749795830166025,-0.5804827295316348
0.2730250226611053,1.576891347267615,-0.09661781679000714,0.48083616615243774,-3.997585533947845,-0.5845939682820482,-0.40073894510649555
-0.002604206451526782,2.600820674214389,0.24044172498801686,0.09641743883869186,-5.398195785348765,1.1679755961018825,-0.3382089171030973
0.161423904617111,1.8981089345912248,0.052716876921294675,0.08227602274240042,-4.373279073045981,0.7437880017425677,-0.38806772125949696
0.2772787020568247,1.7258251604046022,-0.03216175476661487,0.0684728010739695,-4.508232023797929,1.3941688827843726,-0.45336140050382123
0.11149387668311853,2.2840659704323185,0.13769133822919,-0.4649727312719548,-5.033314843949384,2.4694866910768676,-0.04402012872954619
0.10850532132206323,2.3987457061199025,0.16461255212113746,-0.1641173176768495,-5.423920891429331,2.745518111965428,-0.34266771925349027
0.18062997789748347,1.6590630109662856,0.006703299487266223,0.4400582786508313,-3.953995083075563,0.7548577941573733,-0.6257076077324588
0.25082070794642164,1.4675155855795543,-0.04834959801999539,0.005097975205071548,-3.7467915238597733,0.675737536801961,-0.3181706462400956
0.21099598812347553,1.7771477415373644,0.016437501648773223,0.05150256349215038,-4.432803037576574,1.0956281422136134,-0.3081870345115386
0.10074433605351395,2.03724341699365,0.08554521867232734,0.7299709309897158,-4.382018230569609,-0.08932062036240088,-0.7795784339378473
0.19924098906029428,1.7417788510605674,-0.017120003196458455,0.24503865599050928,-3.9111609563211154,0.1185099651714996,-0.4581915125486482
0.13493694443796625,2.3564533494716446,0.08062203966861414,0.7239453864531817,-5.065246791206799,-0.529643196406559,-0.7228265547908822
0.1534244950006782,1.9032023739781612,0.047375663994985384,0.3702333980027639,-4.340977843664801,0.3335829774076289,-0.49972274626451924
0.30565421101895157,1.381528535954342,-0.14968371683870685,0.18064196660806586,-3.402671420563347,0.24826011940868498,-0.3139534027037195
0.20204000190122365,2.0880342082089465,0.05388220596903848,-0.014158433886114236,-4.930915292457178,1.9623792660992758,-0.42035008018679093
0.29298997303333874,1.4230541683309308,-0.1324778186671084,0.49340272211669844,-3.4725072560138788,-0.5100432754440964,-0.5876448510466323
0.14170684860229552,1.7730754924048757,0.052054558814692564,0.2005958284631483,-4.12952000443297,1.0932168758017373,-0.45728414916891
0.20514955525567993,2.3046194020424586,0.0188469765572139,0.056338147670626365,-5.057362120666764,0.5002892879545143,-0.2094062155750755
0.21184947150281316,1.3943730929541132,0.005968058474638882,0.3075790934929692,-3.9429330517425827,1.349757348070014,-0.6274308755043534
0.23864783171065437,1.2403277314318797,-0.061853003918125204,0.2504847172144767,-3.5144151039516878,0.037032833300004904,-0.31874785449348364
0.19539244804172468,1.4398515118944375,0.014917123310248193,0.5214325445671204,-4.019568271374904,0.3701723225901914,-0.718775262498726
0.17819087193446795,1.8599550005957595,-0.02300534464623305,0.43652484764632093,-3.73117761240863,-0.5199821572739721,-0.5173099367031129
0.18307549191251665,2.175136573053512,0.04905952539782121,0.2479928164312525,-5.063810590815107,1.0468065694042827,-0.4154351464862204
0.15365680411616633,1.5785248086439763,0.026015359475749955,0.3548128260466574,-3.768667759077178,0.5856434469683751,-0.528382134012459
0.25758769978008655,1.551777851320038,-0.05374872702488109,0.1564374149201207,-4.131757055773007,0.9567774796603337,-0.34328708271010466
0.49962771431565994,0.9552449883948828,-0.3247188654034505,0.15650720626144732,-3.2807475759964335,0.13656847982549594,-0.2176485460210727
0.275166649355059,1.5964346838305012,-0.08529536965549811,-0.12050271189065379,-3.935182104185548,0.7559831746134017,-0.08636290866223116
0.14170293937490686,2.0401148837709773,0.05283704874425199,0.3731130497948112,-4.438894582217506,0.5982202612553612,-0.5535489757938237
0.246423078690465,1.5255135371967667,-0.07710689483759658,0.4453143407767931,-3.844543372202863,-0.13208288648318944,-0.45951785803617873
0.1816541744097573,1.8570909043035264,0.05789283521168698,-0.09085616279957462,-4.403172463973388,1.4162765807420443,-0.3315416201713229
0.07224797808069067,2.3273681367838366,0.14365764484204457,0.12051407746679763,-4.816589820468622,1.287048051102007,-0.40767039653080844
0.14036492880868082,1.7848542265318776,0.03986964576404217,0.37140716893438697,-4.002666114472773,0.1883361563203085,-0.5056498654381771
0.1721892330117436,1.8252833822650523,0.022684032969644052,0.5291104479223905,-4.04440848435966,0.34030544995867645,-0.763239528980168
0.1566920324768144,1.7756244504835816,0.04811977113805166,0.4026597748890594,-4.191673400888506,0.7842282786675443,-0.6713998878103223
0.27426574879311577,1.763616028083287,-0.0667573196509108,0.2770862901801866,-4.323225004666832,0.5479942834049517,-0.44211834390006866
0.16996138519254178,1.9034193366743937,0.030727562047327517,0.12371265145900301,-4.2808226404414995,0.8115066831550536,-0.33963866073105753
0.18748336737625118,1.8504534794990068,0.039331122605244184,0.02822084991634702,-4.528609755990471,1.723326168674544,-0.3885829580085099
0.20479442255545252,1.9258795399319988,0.0154951258285565,0.23744572130271127,-4.376390916377865,1.2546552740270576,-0.6258512039482251
0.2536027189261019,1.7413838444173613,-0.015975771421445017,-0.020480571762553912,-4.588469614115746,1.6488868881462544,-0.2944613992893581
0.37426681805808804,0.967037172538471,-0.20944524613703375,0.32572531312178726,-3.104492369524814,0.23783633281261113,-0.45083319335124966
0.21470991376039636,1.7432797250946908,0.0022033405992332167,-0.03801561687541194,-4.3119326128127415,1.4995971111974071,-0.3269553335817753
0.17413402335520475,2.0456242005811696,0.09004643929532419,-0.1751627091158044,-4.82469688478126,3.2303013206586075,-0.5165466586202212
0.19726290301202748,1.8116761578527172,0.05262948663272837,0.050946065081090175,-4.651639417405893,1.8211632420674135,-0.4840129211988758
0.1130591408244357,1.6480153793150716,0.09102034201652942,0.14157477087465536,-4.076979180050437,1.3427692808441878,-0.3928025107957378
0.10303445819932996,2.3162489479853847,0.06229006047139918,0.8500767183134261,-4.397950290302515,-0.8410138786052601,-0.8874351716284318
0.25662702336139603,1.1490074170898938,-0.0885261330158067,0.32198112560929937,-3.0835129178768295,0.06398687963004468,-0.5448387322544891
0.1558759292475031,2.124195394673303,0.03969185321527835,0.575948803474318,-4.47824442408572,-0.3670876318937508,-0.7068801923973203
0.2742089428526231,1.1815058625624149,-0.08559961520004045,-0.002025345223585759,-3.3540964927609043,1.1796914493999344,-0.29138491894306084
0.16203048502084685,1.8191374457280545,0.06803367513841163,-0.1369596459304594,-4.445799372806375,2.203511400934831,-0.2295570917401445
0.5085634264464697,0.7770514216374224,-0.27227516971974486,-0.34408999521650435,-3.441146582253947,2.541050818848458,-0.16582024853351388
0.16738240529155174,2.1817879425501983,0.025795652397790247,0.17051881906821223,-4.676644452539334,0.127368749080383,-0.17957295763291267
0.2384212698095103,1.654104515149709,-0.0488452329730249,0.5188487214593545,-4.019955036330984,0.983491379443676,-0.7427317743372402
0.1002240605710449,1.9476132748920005,0.0917589321660075,0.5361565481865345,-4.377005365814908,-0.025391199536619752,-0.6376933816775678
0.2293040265825864,1.4866435866556469,-0.06745370117856542,0.4462320358064702,-3.546430490260693,-0.12552778493125677,-0.5383444233705108
0.22415553296954685,1.3377591734894019,-0.04409084725785961,0.6038609336486862,-3.663137820465146,-0.07974354263357539,-0.6666913271471029
0.1279219999565585,1.8911165316473952,0.06734855719175381,0.3266800515595746,-4.262892945789784,0.14721290846847174,-0.4933418191709428
0.056494093700033346,2.305110041520056,0.15895158887577177,0.05852322618328065,-4.692224223551196,1.348174888080377,-0.3990812272761187
0.210960099387466,1.867604204765744,-0.02117559973330363,0.1592943019857026,-4.241763453858783,-0.5273280149356054,-0.23822783084451513
0.18249227704004026,1.8535570723558594,0.024117452674414785,0.14615061095119997,-4.247704267578834,1.0239766642262298,-0.4298486157881945
0.5173767214553608,0.8946233453501029,-0.30340845497506735,-0.19518077173736875,-3.5395578575454563,1.4413277337942467,-0.10631046096128646
0.14377533951480137,1.875789198234995,0.06882244919349123,0.3279375869104254,-4.319036953515941,0.8102891065965767,-0.6042468585959383
0.10695335990276135,1.9165717020863715,0.11374590331786028,0.5326512678526385,-4.6202486207853,0.07878097241885904,-0.6498052976994937
0.2223315718641012,1.5850007955548202,0.004011339212307119,0.1018260860272183,-4.273580021046339,2.0906425860144306,-0.44856616007941486
0.05620099009085237,1.7825181368630518,0.1365556935263721,0.4483948786154381,-4.027914510942487,0.3613702103790045,-0.6186612887122745
0.26462762577252813,1.4280760811498978,-0.05996528314213312,0.1438951655663699,-3.790426859340435,0.6728479206753669,-0.43939286740012884
0.24869994208676055,1.4874914344143575,-0.03148488639179914,-0.01292848075890557,-3.8872054006593277,1.516897545391923,-0.41412844861296816
0.057026670650169586,1.9388576313703596,0.12751922226749213,0.4315380479209612,-4.1018446184343285,-0.311712574747979,-0.5085261595477184
0.22330745555167675,1.9146606144178255,0.029497477480243672,0.13606393511337841,-4.622825036630793,1.9629135217149656,-0.613512020080708
0.06823696707423822,2.342434663850917,0.0946766760416271,1.0697773495873382,-4.492118743823437,-1.3508611451073789,-0.9538965492095375
0.1736316494943291,1.7969081877946609,0.027977321302881997,0.6798640971266505,-4.2656891167276605,0.06364707504232048,-0.7895264640402282
0.3701179023982966,1.5139515691163825,-0.18595830101902533,0.16474997047755022,-3.8160450415747227,0.4982538881702306,-0.33753969386012694
0.21692928742066148,2.092288270250669,0.018602491760100648,-0.5442670539300186,-4.828050358275346,1.5959175517006128,0.2256103751033637
0.2491625254463804,1.7674497598927639,-0.006870538120417491,0.024215031010319243,-4.5517669303449875,2.180488409061933,-0.47524165458434753
0.2136238091291285,1.9033690411162516,0.025492133739715594,0.05870650627151808,-4.616790135949821,1.8488655329682597,-0.45673391936507357
0.2969803029711788,1.5567854958105183,-0.11157431067173706,0.6945496966661998,-4.098038172326808,-0.8848471953189757,-0.5668477886324721
0.14027296294775396,2.1345394253088807,0.0958149819752796,0.21965579762026888,-4.923637148316085,1.2448779670514314,-0.5147198699491573
0.3022982809451944,1.2807124346026855,-0.11556628285826054,0.17481084581713313,-3.6999747465005783,1.0387703856979185,-0.3451824186573711
0.14406269188081208,1.7576656285439367,0.024375502883986044,0.7218565044329543,-3.9519225778416804,-2.0480304573745096,-0.5631959962388079
0.1741556585422006,2.216342880112984,0.040895735834249214,0.08789505752160326,-4.66874656487002,2.3509392047568474,-0.6018053427287426
0.006221516059778338,2.3163543513916336,0.22714730663049476,0.4024172302813681,-4.857600390772652,0.6917551070004693,-0.7285181682993512
0.08943890364902615,2.2655965362311226,0.16206528270566656,0.32159268620583065,-5.2325479413827205,0.6096566201780892,-0.530722310054651
-0.01161140562481448,2.364105479571849,0.27568361272878916,0.09802926860323485,-5.145357124359352,2.5191019653281717,-0.668657000397869
0.12181642251159411,1.9530401334023182,0.14695271378346053,0.09722688519142014,-4.853323819074103,2.879960254951149,-0.6802896796229001
0.20234023840246404,1.4383434288920989,-0.016798632050424533,0.1790416242357563,-3.5084256156957823,1.012431395496447,-0.5072112726458572
0.1027214309393407,2.316360446201599,0.09385558198593502,0.2684857330805503,-4.717504949814169,0.4614636103837031,-0.4297053802591757
0.13638754895950353,1.9116594170101677,0.03947006236648476,0.9743584705498374,-4.097664143861711,-0.32022707257685556,-1.088248631373894
0.2623815207324863,1.1560965028896337,-0.07668425050135963,0.061566658437049795,-3.3878868262143342,1.0403231729716975,-0.32827034536172484
0.08022822078573123,2.0079251031149856,0.11251914957020914,0.40666834260901885,-4.272759605630469,0.11747539737059685,-0.5583093179581783
0.17830421559607862,1.8400980798689477,0.021624005228467302,0.18929128053099956,-4.1430266933352184,0.6777191824549237,-0.42777726322954934
0.1455588779555649,1.9320635825822217,0.06620481675573275,0.18651463380693137,-4.356651458614272,0.36644578841215797,-0.44248982543155935
0.245900381561025,1.6906332861372704,-0.07051080890126449,0.8434719815281047,-4.038348128785175,-0.7693098321085794,-0.7798434212481512
0.1618522024341811,2.013153687854724,0.011932783159769311,0.217541646608195,-4.267134628749104,-0.3682567725516986,-0.18520420238213378
0.25401779155107984,1.3980975931525488,-0.06471208793988636,0.005839802805809383,-3.8452056796177185,0.5373731215897855,-0.09573212027090676
0.12896428502869384,2.231668834730342,0.12159906897643369,0.093988693721376,-4.869500072765129,2.1166203637743823,-0.6489041584642268
0.3184874205899705,1.1875112107763552,-0.11169880572764612,-0.06071493050674166,-3.5578579299104858,1.7282614740573148,-0.3551903931142234
0.15507432212204647,1.7792160539071031,0.045437675182345094,0.4302568347552035,-4.135030587469354,0.3337735631288089,-0.6270940280870851
0.2952596608908282,1.963439485846569,-0.06108226990996113,-0.0640903481426291,-4.747083649501352,1.2667026058930837,-0.24465964228447554
0.1663153640537783,2.1699447637831852,0.027866435472792217,0.16877520393054476,-4.622716013115883,-0.1628490516148339,-0.2449702449584747
0.33172375851418673,1.3683902268313877,-0.13079494133518899,0.06460111327284429,-3.84866925921954,0.7824721946211957,-0.3060716846042788
0.25893447695535465,1.4513971984131864,-0.07178234449948251,0.46864518769467833,-3.869020574348474,0.21862032449799784,-0.5539464422241694
0.2878467326888531,1.545265203369468,-0.10588576149264828,0.16725010090436587,-3.8105072491264815,0.38766747932372814,-0.32266705937878204
0.2595342990263135,1.4809317215082896,-0.019957515416646365,-0.04512031151127674,-4.103485912074105,2.0378945517241043,-0.4551858955538609
0.23374836767677729,1.5026812752828655,-0.05765695182024522,0.4871947056945459,-3.6637929176211754,-0.45670361988589664,-0.5941934462261909
0.2695742155508258,1.5370462346429772,-0.09080318300810086,0.6465654597387733,-3.8044994669955114,-0.42818187344768344,-0.7123049471361638
0.1407890841598404,1.4057577931490368,0.062379581144480056,0.20396795938916196,-3.7818973878839195,1.5486470008537354,-0.5474552159970603
0.24416175075714794,1.4603832022574146,-0.05043401326838326,0.13769289257101974,-3.8068400154544535,0.789171349806637,-0.3460826525844861
0.25869821509387697,1.4894886599022028,-0.07718177698319628,0.6805328710058733,-3.918698700269105,-0.7144713429568417,-0.6267019671385654
0.30732277250191925,0.9911886258809954,-0.12585770107166183,0.2322321379904129,-3.1922504175265103,1.1984261310347222,-0.5141831519321369
-0.03326708790394536,2.1737192700196846,0.22540854400911758,0.7020689954016832,-4.537871108674531,0.47958976156512023,-0.7926268670951374
0.24866829042007074,1.5977412955404273,-0.06540369289181336,0.2709645445420538,-4.070437175164086,0.09680899634530249,-0.273045807621412
0.09803505958114464,2.2255124012645706,0.1333846143550932,0.061737580510536044,-4.914608549920273,1.1120646120372615,-0.3205177728727646
0.4472968111358707,1.0010110651487523,-0.23904742447194643,0.00026778553520887677,-3.650302343838138,0.9544272771363671,-0.17292732893723056
0.24602883151826302,1.4220700106194042,-0.05808994484260743,0.13035447089831165,-3.6292708451849522,0.30434268410829823,-0.38946912432145614
0.4219076424275601,1.014056308264116,-0.2397463485478349,0.4257370776348811,-3.321196591472354,0.3449705145953251,-0.6501825150200308
0.14594570793270037,1.871500781051362,0.0541915191848521,0.0821557942226322,-4.156468076054336,0.8284899827458538,-0.2958592067536288
0.16151841854618218,1.7910716786085648,0.054351240209793206,0.049751198993891854,-4.268154969411832,1.0038110877011868,-0.4093001225309385
0.07495746476198241,2.284127441886744,0.1349330441621419,0.05252007972836217,-4.74296648522572,0.6789857003975188,-0.27237327119492144
0.1782128453104225,2.043387955879165,0.06079621279750014,0.16117145297865457,-4.744300909588212,0.5772828736280914,-0.4001534143251567
0.251511640492209,1.8121711921735362,-0.01978747257076363,0.08947696452289974,-4.402598710144118,0.9993645154663826,-0.40431851896696885
0.19674559814759346,1.8073986182075517,-0.053082500764014995,0.7488404218425793,-3.9238510122391874,-1.3429668883938104,-0.5291410625049158
0.15580432074370026,1.6898892880290661,0.028787573496020125,0.6829045578719473,-3.9801061111749094,-0.30730173620877815,-0.7664598344969135
0.10140817666410233,2.4881808735700504,0.140811875519528,0.367527927954468,-5.2603006441490106,1.0218644262794752,-0.6341988313759935
0.12647379959255825,1.875844852049108,0.05795548428761044,0.19043553344027558,-4.081426233717701,0.659321254689117,-0.4066612394491712
0.19071625885254245,1.5788098360906784,-0.010444238231887226,0.2478991513259771,-3.801616863098405,0.2504327926369686,-0.3736691327919029
0.15422070363748572,1.8586164366150535,0.05038819507272785,0.30942008837784063,-4.317321233901711,0.6073608172937159,-0.4958342706344865
0.2725451167424845,1.5777668220954282,-0.04301626063650077,0.1536568880326392,-4.166109152217152,0.700079492792201,-0.47444604845904675
0.09897214499013923,2.015555250557746,0.13143770885644335,0.3398258577840917,-4.613778415549674,1.4990621611880606,-0.7381663862782658
0.3248486265505506,1.7700089465502569,-0.15391407355573805,0.19120931813720507,-3.9489809816912813,0.29763665702960584,-0.34975098934992077
0.13913733005515294,2.1999863297221984,0.09612903341711942,0.0004958248023554379,-4.865243620254024,1.8433562225773572,-0.3892069612675071
0.2437854236325782,1.392392058376961,-0.08054885169730419,0.5553471552356062,-3.4034476661953987,0.2579678594551796,-0.6971143973376007
0.039921597645721105,2.3549841916029686,0.14834306726376667,0.24496763301404445,-4.479834271801821,-0.08798395801088793,-0.42097358014340586
0.16529367230892794,1.8813513724366004,0.022945986436183397,0.319216593974747,-4.236418382343195,-0.7057356830429807,-0.3621638002867469
0.12515176082579624,1.9957979519352842,0.10638803279763609,0.1604095762271867,-4.687783769538003,1.8008275872020987,-0.5225988986711345
0.33003129236888384,1.1874797764758673,-0.16788817280689994,0.19993406038805683,-3.286385898636651,-0.2953271727883453,-0.27187454019427915
0.11317921641310952,2.1217117254016564,0.11555127238295793,0.09218559875620641,-4.616589027615975,1.5515637688585573,-0.5061892614216654
0.15456676160713023,1.8932556694054838,0.06691830017485212,0.4853781592238916,-4.453768044959045,-0.20055350736339514,-0.6548222730782088
0.0793472580716588,1.9873527841536156,0.07925948219294976,0.46214430227873005,-3.997067736013491,-0.48664544555116623,-0.4898455539040607
0.15262543396090325,1.8644869730846871,0.05201891522921809,0.5610997618882911,-4.40364448614319,0.36046587549514736,-0.7160373673969918
0.17262183517455784,2.0759664020550432,0.10819235832715113,-0.5119035688089156,-5.214072474762547,3.572082833560594,-0.10788761977980701
0.23461621927148155,1.8785754334412255,-0.05478921302702755,0.18379633780347904,-4.146040941931373,0.6747898859061899,-0.40560343449497815
0.3208893923108735,1.1309194339044346,-0.10570635159026276,-0.08402178010730538,-3.5228624826357158,1.3456569257842041,-0.3558689934986186
0.3334040628694385,1.3669084629269599,-0.1264679892502748,0.22292789989840514,-3.771544869006071,1.0295601704465185,-0.5669177571086008
0.2656735278204251,1.5064627571146687,-0.0445862477381026,-0.1385376378017511,-4.185634488868077,1.7284407424107557,-0.16371036001304695
0.24847180795542081,1.317614006628901,-0.06483826127638259,0.15512140316854872,-3.45946903755579,1.1272591126630902,-0.4890142563182251
0.16584742269716435,1.9370093294959954,0.08407783784053557,0.5215896874051571,-4.921812820348652,1.1703079723512935,-0.747832375080497
0.14392226448934886,1.7828654421538397,0.09655041268772147,-0.001438870289512728,-4.431289488036021,1.600216353267815,-0.43352444319741656
0.05060529400004827,2.1459719732635008,0.12036052242413109,0.35742285511944305,-4.228839755972294,-0.4233728463839879,-0.4733323120684251
0.20421782341314074,1.3292301485670717,-0.010004119125034294,0.0693989355166279,-3.5870841609599178,1.2416096872696611,-0.4166336981600238
0.16802043746401318,1.6301451143782006,0.036033822497294477,0.35729008624387537,-3.8578448982673375,1.2680028000561039,-0.7641106368010143
0.23305386881032994,1.8198660490541896,-0.013238187023976389,0.209916622110464,-4.42470190684094,1.686616150879935,-0.5482522990988065
0.1126858435306647,1.9002745720744698,0.105374025676235,0.03783729020407545,-4.3395263639250095,1.7677108144213323,-0.43658994885337954
0.13746567675321908,1.8016508361421033,0.07476321723149915,0.3500982321880135,-4.129966243876423,0.670705358752773,-0.687728686899567
0.12259102676378757,1.6953352075300003,0.08772368041744039,-0.04682115014735935,-4.078520482530925,1.9069926106556476,-0.3206040605734566
0.3950262942030241,1.0514175171151532,-0.2362591167736095,0.2541895216579919,-3.1008047712191322,-0.6006720776514638,-0.3277453967798944
0.23538628632598108,1.4295307318909583,-0.052863591797159604,0.23492416021995352,-3.702111415655396,0.5336464708530139,-0.41647119983969216
0.22901842969280706,1.2886445512867646,-0.058088659647660634,0.43412252201596174,-3.3824582141426034,-0.4799786090777539,-0.5299155263199624
0.375078916429845,1.484767202752809,-0.14963312922160177,0.024861390701507002,-4.208924560038788,1.2822534551267257,-0.31435012284495156
0.3357732723080581,1.1322632530627783,-0.14090848745907691,0.14911911221909804,-3.3630318346057724,1.1444633774937834,-0.5421335284877026
0.09963281422102367,2.1396315899021388,0.15876165702870204,-0.018180762221232383,-4.794248290913692,2.26117107511202,-0.622764293444644
0.08223949740068447,2.3379373759958444,0.14695595735507494,0.7419549308925184,-5.340842027161879,-0.19306598886817278,-0.6833597539257055
0.16694755524121788,1.8819776726597923,0.02324788053119553,0.2999495323943254,-4.265638707905281,0.606192126901831,-0.43749069367951854
0.14187376559638587,2.005549045409121,0.05502761602372286,0.6317810056256322,-4.375692387723479,-0.20150435209493658,-0.7437319150016393
0.22238167193340638,1.8741625453891877,-0.014363022925167446,0.16742157075860314,-4.312898903605906,0.6171648080701803,-0.42853437419058155
0.09413919168969939,1.8131434440998861,0.08122367885128834,0.4256595041761304,-4.014320529441238,-0.30904458811265934,-0.48205757006518085
0.2520849666954712,1.5465212817904206,-0.005169761643271098,0.008087596955335313,-4.18883198602557,2.0382475032738805,-0.5279457923412063
0.17533099459997478,1.7477038641945521,0.03457444117318742,0.08123352523730606,-4.28850904226765,1.1574348375377455,-0.3019844607333036
0.1353207027299586,2.0834845196364893,0.06538848683359721,-0.12258096119788578,-4.459865685017477,1.1671453904956137,-0.172891678078539
0.20262614903678894,1.5040252757746815,0.024068958477563074,0.2372082537939553,-4.0908704912189995,0.5577886771938702,-0.4716822626952453
0.15575583300182302,1.6642287285785022,0.033201489597272094,0.15073090230155245,-3.997322618255171,0.6504409398719302,-0.34001608872137173
0.19031361417253342,1.973781291231365,0.03878232580252283,0.2811686869561848,-4.609613988934528,1.1218475488638662,-0.5988291155236198
0.14985924758364147,2.306269441799228,0.08331518805656257,0.035244642274589955,-5.085473735534319,0.8831637979679221,-0.3020695189906868
0.20440258690302662,1.366511110060145,-0.0209764866699913,-0.001678725267112935,-3.406659444068042,0.7243844925992631,-0.3248804903928154
0.1903379574407521,1.8421797429494822,-0.013819072928960452,0.17616853811076477,-3.9431650374594285,0.9537608663815298,-0.4906682500199456
0.1274474996626117,2.507482339038322,0.159839965934238,-0.1146449175115899,-5.7080676079474575,2.3719353461160124,-0.364720020847069
0.1135778116417423,2.163333738808697,0.13000066169761304,0.5014173363938396,-4.911559800281912,1.5868973773747053,-0.8922759714367988
0.19033788013149894,2.0339634393350434,0.027317789637703926,0.432675777350244,-4.746426282311903,0.6534179542294344,-0.5748076306666254
0.12822606021957927,1.8914593890638098,0.05194662509203707,0.6867384308569131,-4.268123601717872,-0.3428146716399107,-0.6649320497616764
0.11889536748344118,2.4001216603120166,0.1272723343789306,0.32080726236339957,-5.221627296620967,0.8354695156060383,-0.580718826157615
0.24562748357813957,1.8239455419894928,-0.014688934921081476,-0.08325077324116992,-4.50042384511239,1.8339127814206055,-0.31388174659092194
0.07515922634842563,2.132382605217833,0.1494946672024764,0.47751530380903606,-4.474610788051539,0.7314411279728559,-0.8244554763977409
0.04581798376234762,2.183236380383247,0.21582169395188333,0.1195643995195445,-4.981916166627657,2.6551643970095125,-0.6804058784315272
0.16853331779368683,2.0157436819930665,0.07065681059611562,0.23654606348539065,-4.873126092242988,1.1282759407048202,-0.43023467262971593
0.09225814276532701,2.220331081196996,0.13108255443366668,0.0999520304252681,-4.920987528558231,1.4227628654485234,-0.38990218359520995
0.11695151184999525,1.991906697049962,0.03661808822022761,0.6063475893878032,-4.034353118648727,-0.8546943778858425,-0.5764305848344332
0.26385012226576543,1.7849102009087416,-0.03798737625993431,-0.01467921947614434,-4.361917770569231,1.7245431124519488,-0.3196184253231299
0.18966501609145384,1.8465881506781254,0.08614222440479669,-0.04269729966864136,-4.7069177763832935,1.7430200410312857,-0.4775897317117735
0.14465353570497996,1.8726364691854152,0.05687085168783823,0.06648333333563469,-4.209076874233972,0.960151343322514,-0.36899053593944015
0.21601906731317727,1.7331033023380413,0.028261116850186285,0.053155057099873754,-4.342381554968333,1.901042402304895,-0.5428980169254609
-0.0039021484398572954,2.8487556329515202,0.26309048034037064,0.00345388369416344,-5.6363385696977195,1.8715302552024493,-0.4458945933271418
0.25347602837460337,1.8315359129220687,-0.013885471910372704,0.1583394978593342,-4.6721733598956865,0.914083889603764,-0.39836291766614096
0.28007283042124187,1.544458236779671,-0.06827417054192242,-0.12359134837340868,-4.061187570300023,1.5028789185551912,-0.2455279124929158
0.33664133443516503,1.1004502996934582,-0.13951741465983514,0.19935613626321036,-3.365923182536804,0.6722930981387919,-0.4988945372986042
0.27270078417141536,1.3825002505897441,-0.05475432203029684,0.22359761506139497,-3.9215426868433836,1.3016217088095206,-0.6439381687880724
0.12879205279398975,2.0838306725052624,0.10262002398603332,0.07953818013802338,-4.8105760305590275,2.3299829755295747,-0.46487550753046153
0.16698963236749864,1.7934601695688919,0.02729248432382647,0.21226778203174673,-4.243678668118222,0.54436406497204,-0.31162950859895755
0.138472836818244,2.225205188437046,0.09013558483148687,0.21687399887609038,-4.875425528837245,1.126930982057873,-0.5133666895400855
0.11041154265696122,2.0524103630485886,0.09140260967910585,0.36420424150816877,-4.522872396570329,1.2936085540812567,-0.5817773898831429
0.2946305136690703,1.4629289634114035,-0.08049577518121043,0.3884086001945967,-3.993522076235973,0.7707613369892384,-0.6030385263143784
0.10344672384191267,1.843161297239254,0.16069019085062752,-0.10498761844523138,-4.4866281916372435,2.970625000941619,-0.5573966424482517
0.3496234741265881,1.1269896499640146,-0.1428549867473513,-0.2462504018207301,-3.425858052251082,1.2107624991895043,-0.11351682800842865
0.055705715403433484,2.01199399420387,0.16902407996814794,0.021800485565756728,-4.4254993389848805,1.7119391871565965,-0.43702562775971043
0.17692813142959649,1.732997447804435,0.0665499479844287,-0.022146848920193363,-4.41750705752911,1.8842707578308857,-0.44107276865089634
0.11338171629373506,1.7982768221957217,0.0589329311514295,0.5785910488131261,-3.9498986573620507,-0.12500960791610125,-0.6360713103782852
0.20009722225745952,1.7882171322296858,0.01532673464201606,0.17307015592115382,-4.202577946246188,1.076293545935678,-0.4916891542920595
0.16568091769901594,1.896360690616441,0.08564676773439994,0.0546641161807587,-4.5393782181331845,2.329214349886558,-0.591898867495616
0.31119946311735097,1.4208173506410589,-0.10134417917803229,0.30753554924181054,-3.872809368924284,1.2587150198538097,-0.6971296074908391
0.1522915300598057,2.4633912300657705,0.07576630252284766,0.6136146035990029,-5.135391352755742,-0.028688485882483683,-0.7552916767748671
0.14652811884094283,1.8233843643348786,0.03856935487999413,0.43538936771964687,-4.024891555619062,-0.4690363818428113,-0.5658686773599668
0.2509551018530541,1.8241291969236235,-0.009107543172706345,-0.1410029321477774,-4.685411116608535,1.8821885292283633,-0.17985356531430652
0.06391522144234348,2.1018065087231825,0.11605941867669789,0.6756265650540341,-4.28752634376289,0.16894511625439107,-0.848429761574774
0.20736815343202308,2.0022749696994753,-0.017814341105882425,0.38684580543466063,-4.4576903828339125,0.287074116699486,-0.46929583622619914
0.04319135927756926,2.2134067564844777,0.16715323013988104,0.5808498405889817,-4.778869044804156,0.7100250524247039,-0.7274044434985221
0.3524326141269599,1.5327800266243612,-0.11490253043037102,-0.03236216553879567,-4.21349952241931,2.0702701837326427,-0.4129176414565175
0.24887932160363127,1.8998072668062251,-0.01014651720483406,0.03775851582163997,-4.573418616485585,1.322218163154657,-0.35452034058697146
0.2274936150609984,1.9648040020622006,-0.014954054917215132,0.11566240455815119,-4.527075551601598,1.7613241610019252,-0.44385677157380476
0.047728313263711984,2.3172421007094983,0.1782825111986892,0.1880191778973938,-4.9638197504187485,0.5704083456644513,-0.3628030548833499
0.3294432350479673,1.2881672284539059,-0.13314951461918778,0.2686284102537453,-3.7127638416953164,0.7677377374808015,-0.46728647248093325
0.21092578856577468,1.554258662788374,-0.057614188323919846,0.5597815019557282,-3.3655458474131863,-0.27752664059209553,-0.7040866192532383
0.16454900993677835,1.9572029401161313,-0.00519322552214474,0.47392482273149694,-4.036876814985427,-1.3585769301628166,-0.40192785303555856
0.16693588912220464,2.2012999938225413,0.06353466496750126,0.17616953440933822,-4.899487012144277,0.5586285469145539,-0.4235424555769005
0.3142193270632577,2.1859770705203685,-0.06452379745429826,0.058152697150044175,-5.294510142314021,0.9023063915409887,-0.22106680197906048
0.14743828733890654,1.8274650743312324,0.05057282755717152,0.43499333282558345,-4.242894574802557,0.3017668999899271,-0.6167533352599851
0.25261186294113325,1.4653136918672385,-0.05019708327590677,0.17545475595005985,-3.784893946561715,0.9370648867283267,-0.46699107094808634
0.40028352282065693,0.9993292552090289,-0.220084103722485,0.16719964918588137,-3.05816007347623,0.30586870715074577,-0.481679555199252
0.45836082881192686,1.078011037287602,-0.27784000281966176,0.08424580146012046,-3.3603348074092105,-0.3389189986316834,-0.19584361045157292
0.07176278347027408,1.9524335664544985,0.12104762806523106,0.730863849370205,-4.235327579122567,0.31399320618027604,-0.9248660579870358
0.14157838666094366,1.6254752653136235,0.0028066558806056907,0.5428209802479308,-3.5010269421609848,-0.9675161807683766,-0.5305688737717627
0.10645129276506184,2.144949742176555,0.11580382838527514,0.41222132469404876,-4.67578233594024,1.0798289263970196,-0.7039727526684147
0.24709468087711664,1.7658638130331146,-0.04302066071364541,0.2564666588548567,-4.396909567536803,0.4870399400873249,-0.3547286069379252
0.1182404740547243,1.7674633090593206,0.09426571141860784,0.4887879393057297,-4.2299124654287095,1.1848189398779758,-0.786060322088878
0.296476119360692,1.3989177144386846,-0.12902441433810952,0.39002113502383906,-3.5932029611641645,0.09960508107088414,-0.5068818824078274
0.17693388048403078,2.100267882171052,0.04733368207348154,0.010468143075520214,-4.752644026342292,1.5217971964842314,-0.3032091125697756
0.03814064456199064,2.1225939067069564,0.19786195788296035,0.15966572848605062,-4.763767692493124,1.5636348131117173,-0.49768786029616585
0.08967786483355124,1.7242929491034769,0.0964860543742394,0.49922725542206847,-3.9342942195028074,-0.26384011516605677,-0.6454860386814096
0.208797402014197,1.87352625063862,0.04136824738824374,-0.048443676446385586,-4.686634285022788,2.0074189933452726,-0.42113630582095374
0.11285020478958137,2.0968300895872436,0.07262656489505948,0.4737776264371776,-4.332686031185382,-0.2763081299394191,-0.6041287048874219
0.12388058397975761,1.816737132138631,0.07506894034629141,0.3029772622494634,-4.22592787748251,1.281918532229923,-0.5448343820849669
0.02990850983567407,2.319724675967562,0.21302036769585375,0.21432914366866967,-5.143209358982984,1.4163296948082333,-0.46546212006799664
0.11688534005627761,2.206979131463278,0.10247631946907454,0.016691817762312433,-4.785188658088422,1.1771199509569858,-0.22228020053074607
0.18088795887327683,1.6588489686638557,-0.018617611933102518,0.47478865141889387,-3.7451060862510026,-0.09832398083175947,-0.5652268923028134
0.06029481325271286,2.32008195224563,0.16357354123878864,0.22625471307477682,-4.826397794226163,1.6679356167230677,-0.6034584641523357
0.17459874574347078,1.4372128154189474,-0.010172419731708349,0.479718334215568,-3.4014933675059686,0.560712057798241,-0.700240633763877
0.14748558685907762,1.6777439667212641,0.018107895031018728,0.2948765853248917,-3.7767116893024615,-0.07768724800223853,-0.40090012572657696
0.3237419825414563,1.385111383820655,-0.12939703584858542,0.38133984051091163,-3.7344364062006674,0.7926509661987542,-0.6609725111876044
0.19148085631750986,1.7303250946479305,0.010334047803506108,0.15639485793049407,-4.169731766359434,1.0989125646041202,-0.3906088522966945
0.20573311546270673,1.8939407135216357,0.010113089305481937,0.2617184105397097,-4.626164741746897,-0.10281443277548086,-0.29862233666350824
0.12646664029570215,1.6792327505136972,0.06179773976621883,0.27879938495247447,-3.94993618815204,0.7957648737813696,-0.49553514935676923
-0.04904382463142063,2.678094667682701,0.23650002290279204,0.7286916665828995,-5.015884902987185,-0.48738555245788323,-0.7089932774788472
0.13269109739202686,1.7273549331281597,0.027648537128907913,0.841553958869096,-3.9069362833625148,-0.16095253058955955,-0.8212095240808447
0.1717071008490967,1.6434602052619163,0.03430338445533421,0.5217510368589738,-4.103731759473248,0.582585233437194,-0.7445476761291374
0.2028484066072049,1.586724172472194,-0.011582681621731039,0.09297942236561116,-3.921266298035953,0.6019117679884977,-0.2900104939790559
0.2204034220249106,1.3002381457073449,-0.08250668025417429,0.3420660401594952,-3.279172116054424,-0.651264615529358,-0.2358208026001956
0.09253108463846232,2.587899810489962,0.13451167581398815,0.21797301112843814,-5.237266396898575,1.12354923594712,-0.5049276512047678
0.2672329849637548,1.8256248505632136,-0.04661538651556563,0.11748263088072736,-4.416781597863974,0.6575674295732856,-0.3775004734754046
0.13778944583362585,1.9687907489264596,0.06451428056392317,0.40322670784784337,-4.332296444423387,0.9986943617231366,-0.7400341311922178
0.17137845782362723,1.9139018274656086,0.05112279836923039,0.1180984511310485,-4.428932559915141,1.1149961647436264,-0.46294250231223855
0.16631493220531576,1.5195348749339552,0.011870713985858927,0.43013683367108935,-3.7051269947489875,-0.4030386294180052,-0.4836423893042816
0.09858201223722668,2.016944652683697,0.1272516654173259,0.014839652118576158,-4.489320762658028,1.6857211007425348,-0.40438301042628433
0.08906013354330693,1.9213861257723126,0.0942332788275011,0.709600330760626,-4.064903824197098,-0.500224050030482,-0.7895446875206947
0.15260011355893816,1.508938118508006,0.04872474020968798,-0.12656431896152742,-3.7880883490171677,2.7742973232498023,-0.3970029499606142
0.255638008172823,1.0174523972359837,-0.1345321234994662,0.6448017889063528,-2.5753389089189183,-1.3842004666240542,-0.6580820930976654
0.31300683513363464,1.2035520839909966,-0.09648262270217922,0.02262721562134759,-3.6715105954496803,1.7832647051504829,-0.4679369170874811
0.1627011446504796,1.724378179479265,0.08879526950249028,-0.1316691970347427,-4.371644592536298,2.345575526576904,-0.4384026830016441
0.17907911427898693,2.096521519973782,0.05134553582274726,-0.02415328378573514,-4.773927637324815,0.9433263996098447,-0.2716653497081981
0.17622889126049043,1.5397878300390155,0.010397729625634122,0.37954072686012774,-3.7056268603974214,-0.03353292200739142,-0.6300297224676574
0.10755764720179058,2.2858597394173144,0.08275908423160017,0.3865466868786266,-4.6042327272971875,0.5027253462911504,-0.552115954086845
0.11759609176582794,1.6941632382631693,0.07780419294078333,0.4772703431014713,-3.9697137894400085,0.7718946030564247,-0.7263014619240996
0.10099408252790247,2.606001940852358,0.1572288214579598,0.2982191657586669,-5.564308345407146,1.201427605764567,-0.588661350994901
0.19640385060457852,1.9265613210724264,0.04828798636466791,0.14935378793526866,-4.912732144668198,1.0175795170548716,-0.2954694598896855
0.0026506231667894663,2.1222840014168676,0.2457824137970659,0.19241034490024617,-4.835386381905366,2.2504763832964816,-0.6765194618601101
0.2590363127080498,1.598547897030962,-0.04444485295652045,-0.0027141114835820823,-3.9845090701733263,1.9342826119761898,-0.4719587340355724
0.1061482036722636,2.0589433213040134,0.13558527612560467,0.3381312561462262,-4.9108270429261704,0.7484311001687707,-0.5961250154903965
0.3290378573825916,1.504787476213608,-0.13581823543790505,0.29743431606210413,-3.879795378793752,0.7888454092214484,-0.5030531010486811
0.24415603952543988,1.5372460330433293,-0.03799245905604742,0.5092334910225826,-4.037728908197406,-0.23620793285003733,-0.6330719420685662
0.11564253212663535,2.381112117833633,0.11645067231552275,0.13293759642238595,-5.055934952997686,1.178039658001137,-0.4493549361573882
0.0830120853343366,1.8011724470924968,0.15335031730691795,0.31471566288085817,-4.270953347558897,2.5618064367062545,-0.8749026514809898
0.26154816612260695,1.6022295991401712,-0.00754911551907167,0.1945510258389012,-4.565526327253213,1.9671516566804053,-0.6000518372662572
0.31133429481041347,1.5623219625479488,-0.1553945422541817,0.29313028256422097,-3.56464995118851,-0.08591096659311584,-0.4077884055937232
0.18049197565560954,1.8970975031640622,0.04087303170604839,0.1404169323933989,-4.509537375571807,1.0949233719829228,-0.4179844540998655
0.35341824028670965,0.8656095736478735,-0.1879992206743491,0.3938478578767053,-2.9496618748562926,-0.2644376759455408,-0.5136401319879962
0.17509644581256092,1.688790978171709,0.04171608309233421,0.20072931041506972,-4.225564643409488,0.9643195718317416,-0.4794754867127038
-0.00505237897823428,2.5882905790720345,0.22131027519955326,0.5743968540461144,-5.176104410455531,0.4852085854884951,-0.7227575554689445
0.10274652827599604,1.900738224036037,0.14209432727045734,0.35665830372204477,-4.484702563638407,1.8743197427363052,-0.8540702248406489
0.29465445956975583,1.5867710294503539,-0.1349620966164995,0.35440747673785533,-3.5589589183882717,-0.538552116953034,-0.473935956713477
0.19703251588309897,1.893096243754235,-0.018194913137925983,0.5381148840406098,-4.3475312421976415,-0.4311548186145432,-0.45083219377616557
0.22982534712000482,1.549401004309931,-0.08896357374434305,0.5975822180156514,-3.4540228737883023,-0.5505650814920426,-0.5565996351059775
0.29968048843619954,0.9055899175769577,-0.1253705465894439,0.29911994653098667,-3.2692856032435857,0.49057814385660253,-0.3303795987501809
0.30761712129486707,1.0539808113368685,-0.14936570005692829,0.6302159091774392,-3.0561739897492166,-0.6155987582248511,-0.6778008631243531
0.16193022441737526,2.1547340397536465,0.03596785031316174,0.24570236072893742,-4.517769916672593,0.11588520746001901,-0.39081940384715597
0.11886734303740212,1.7337421228787893,0.06937665321502506,0.29766504216355016,-3.9483339394845336,0.9277125880893772,-0.5408425245813024
0.12223916997212471,2.100353430815117,0.13654582688497618,-0.005661521860930774,-4.9241858831860625,2.597212092829312,-0.5144374931293747
0.2740041916685879,1.196028729125387,-0.07769410539250332,-0.08891864321071972,-3.4783720920374797,1.160572515996603,-0.25460643298445196
0.39309486357377565,0.7952083303019244,-0.23355207500960656,0.19851172174417603,-2.8825154251438985,0.22806989739578518,-0.2937592681808045
0.1938732177463831,1.5720566463162922,0.03495554542347268,-0.16063128261671802,-4.193121160327252,2.2517326184519932,-0.2225881072332683
0.25735663795127345,1.61952710495909,-0.07243692446735128,0.25605028885894565,-3.9179587826444164,-0.36504716534705106,-0.3242060092208253
0.204656186028064,1.6041801461265621,0.018405509984350754,0.3304655667335382,-4.039836056219354,1.338599386615496,-0.7575551315110937
0.2754633807181799,1.4484374394674269,-0.02592917731287414,0.10191076830255566,-4.108576131993665,1.6886894328001367,-0.6462824194944148
-0.023803405177263506,3.2356962546099335,0.29513235864010046,0.1441723195457068,-6.391096200146291,1.6672584541016933,-0.44802762575632504
0.28757698623264377,1.4552786481074529,-0.0696008684422913,0.12460163489083105,-4.026382328598419,1.244716497449,-0.41943127348220355
0.017209017963680514,2.3477651409002394,0.22861199865448945,0.1878952430083519,-5.15045708477382,0.9494125316349333,-0.4550360940183138
0.20324733412857507,1.7756834199713944,0.008539994855386368,0.32716662783487926,-4.172086649588212,0.3124629183285518,-0.6409015718605625
0.3708157136218287,0.7494515947487719,-0.20477009082072928,0.14065540328039777,-2.8103467625950835,0.9482782553923791,-0.39172524904945094
0.25768195979264924,1.2027669121173328,-0.07509611590005982,0.560589195065241,-3.208458411382278,0.5703393001109368,-0.8919957257722934
0.15706840646047718,1.5071150358234093,0.034893589006423475,0.5698463214873719,-3.7627812729845243,0.6104767057621635,-0.8163838978716758
0.16716695028164538,1.4848162188062677,0.01298068072986891,0.4488115795687202,-3.5141104648443564,0.5407266911442284,-0.7484741678232205
0.33653790190697275,1.317911696501153,-0.14197718286231664,0.12265988535537461,-3.6442642003601153,1.590494852202011,-0.4589935413753117
0.13663969285138405,1.7671914233226718,0.034435585338810526,0.6069845304975197,-3.899249193363352,0.016058509573150515,-0.7170009731455735
0.2303846068667924,1.4008710579383536,-0.0041928377500953795,-0.14829667071525413,-3.886249336163783,2.033693789623245,-0.36126173403604805
0.39419894492488594,1.1547080115287556,-0.17736117420293807,-0.26767008665771597,-3.6930976018657438,1.0660868971673567,0.002665599412859765
0.33158409751640583,1.532375441540668,-0.10475509094612612,0.29619658079030253,-4.151920487502036,0.5601588726197108,-0.5875580544918952
0.17083739240148832,1.967058144044525,0.04454230288171179,0.29307414189666525,-4.529104270373703,0.873077099992257,-0.5635547680207394
0.2396577491907332,2.018352122491532,-0.030401548747885254,0.5042698243047679,-4.49767465250961,0.1486651513532637,-0.7126818922342751
0.2725207301616134,1.395940480131951,-0.11481802809552333,0.6763484213252708,-3.5974564366279655,-0.8047419624620312,-0.6106543207777676
0.14399406358565794,2.5538879150557316,0.10729178565092434,-0.1266247124749017,-5.290865362505731,1.3016351387642728,-0.25468764662640697
0.11495756060303794,1.9762024169625987,0.08737329285778817,0.5336120480755225,-4.47748696660635,0.2810058740283513,-0.6898541126694403
0.17241030397329177,1.4503858231844706,0.05101696980966497,0.025898033812686516,-3.938271546972011,1.8608790169149425,-0.4647894659267484
0.18246502980543874,1.6694138268299177,0.055788121333867347,0.1129140583663544,-4.3137619084381535,2.545287932241516,-0.6097560719769985
0.15369738331893198,1.7164617758189114,0.07555481121952656,0.20947232771276256,-4.184372900437686,1.4584787465755111,-0.6424406541917504
0.43417163061208414,1.0911059223478636,-0.2334123822789746,0.24177734889686678,-3.6561244410316296,0.06255842484711707,-0.3626021964357233
0.2578481710293234,1.3652297875680646,-0.07619796893107567,0.8144065545476835,-3.7462814584308046,-0.8240567733270442,-0.8181646715278046
0.33091749938994236,1.2269461352578548,-0.10831344963526746,0.07395858490870892,-3.7816491833552925,1.6425744728507086,-0.4549837068560155
0.1941247869965726,1.6939810852123334,0.007479206414671369,0.1294473771891615,-4.073724606288273,1.007796315399674,-0.4143892970893212
0.1505650503237213,2.3695255611773494,0.14097233007238574,-0.3347350937487248,-5.400291897700063,3.057605016518169,-0.27425103349145386
0.15956622382006636,1.400527724641735,0.034317458056148054,0.6581089438079113,-3.590593910943477,0.305775235043054,-0.9904859092707843
0.05788239243366178,2.226729971173054,0.1996771137500286,-0.40855387721211067,-4.959194033973825,2.7981505288561883,-0.16530367512874025
0.10945903622227846,2.5794740928804836,0.08087725626468867,0.8475942021553173,-5.02810686510624,-1.064711450293443,-0.7809868954495855
0.07120111301426027,2.660425154895625,0.15215236528212284,0.4994936774740701,-5.23377262386709,0.2463125800960902,-0.7113553132972795
0.2563644222564598,1.6695747544375381,-0.05168908679321893,0.4855137301012793,-4.171769433105301,0.03507263863349992,-0.6519618972124863
0.3521848402009561,1.3706561923908036,-0.10848900851182397,-0.12661024432070678,-4.121293609968285,1.9670797124037624,-0.3330442071265657
0.08194393380414554,1.9606367057071876,0.12157859481404887,0.4628554651550895,-4.507241525946406,1.347191782594764,-0.656317679612959
0.22215551166199884,1.8791080107827647,0.0038874113113605002,0.06635088752832807,-4.634242190153344,0.76456829585727,-0.2812520740315815
0.07086154535456962,2.3092330907112237,0.1839258276748712,0.17799877602657266,-4.855323827260314,1.9910832027745626,-0.739549963164555
0.2272895108702189,1.9117289006507416,0.00998434755137434,0.1421734373197753,-4.5425135468552895,1.1600493356812458,-0.5293088624424678
0.17217256417830568,1.3930159488866718,0.05018821533597462,-0.04700328968013903,-3.822786559599882,2.0925999007071674,-0.40104253022720027
0.15210534865782457,2.004050298647318,0.08732983212736523,0.4976420870540901,-4.838277520082401,0.9091364663155742,-0.7253805103519332
0.1773067557877569,1.575246476407306,0.036134579606627026,0.24279907388814936,-3.9965008611111394,1.7422678410022354,-0.6377760221182545
0.10143609397298126,2.1945229078676007,0.12679663270465924,-0.09108388300370623,-4.713633697636831,2.249888907487141,-0.4117004363001274
0.10487098136564763,2.145512968760549,0.09370035325150017,0.49694400192026267,-4.602558634412969,-0.025904737132662572,-0.5815354474576803
0.15122041696438518,2.1381509101305447,0.07989721268485694,0.3603403498679051,-4.827922361472062,1.3312965106435761,-0.6556296651341822
0.14139174271897764,1.911496678748839,0.06557418162231476,0.08095439837005902,-4.43984460457964,0.6973599038280844,-0.2423392423505215
0.3625122953901441,1.1283771239008296,-0.1939065757509616,0.5076661984237789,-3.1579584730190136,0.4802158637193977,-0.7938829094388771
0.11112996833984784,1.97739437702155,0.0896598515201712,0.3665429568725358,-4.2230705089686325,0.12751441946499392,-0.6218569080246187
0.2486683321782978,1.4878440480385469,-0.061720697932788116,0.6285653182535301,-3.723729336461922,0.5402708808161332,-0.8921384275562368
0.24559614308615318,1.6252482662965129,-0.02659849977905826,0.3566906952757083,-4.181045995478681,1.1260992962485814,-0.6443215659949254
0.20839042566453597,1.5436350681067468,-5.348058643606102e-05,0.13768561927152387,-4.102009476213259,1.7374875701015002,-0.41137306333040524
0.238424576660775,1.4953595065374814,-0.0379074780117854,0.3153272960471434,-3.7465703658270524,1.0836344838045375,-0.7309215307777492
0.24573419377059097,1.7110486597232972,-0.04237417170420654,-0.0754194071817808,-4.0456849538905395,0.6891602360441458,-0.21216735154187533
0.1919835679932546,2.1417061443789662,0.018510011207736543,0.06166031447254053,-4.810012519885329,0.3793899470226835,-0.1261266419751812
0.06046398310380607,2.274553487574564,0.11752946769105099,0.8356831044347007,-4.610376027552565,-0.9350333608231003,-0.7524683468624259
0.40159071856596207,1.028447149014097,-0.1730464153696425,0.12731056275956934,-3.7292792997408113,1.3851455608149124,-0.43994434152068146
0.23356476417002428,1.9221540375227588,-0.05882138747624066,0.6158689422762599,-4.278961981715303,-0.685780343364139,-0.589812517812226
0.10706998103452992,1.8850751226094344,0.07223893566074913,0.6462263386901855,-4.105190375902386,-0.2959422793925299,-0.6784827885989887
0.3607286772085322,0.9730583575111562,-0.14319486630304845,0.4398835256118483,-3.6280967873351795,1.1156212735776019,-0.7146887338422088
0.3399547698734315,1.7309680986443903,-0.11865576123384125,0.056360875264874655,-4.5389186354902185,0.5285323542406992,-0.1550757842852154
0.2599103585081111,1.644888094780905,-0.07286158029821288,0.09652475902887236,-3.9560487476124253,0.14675534778756916,-0.2520780834843621
0.22617993411478943,1.5705940895864023,-0.030351642444526927,0.8433681682985092,-3.874447725344702,-0.41181491158201666,-0.971896300835494
0.05374581052110198,1.992652812933767,0.15541571765902984,0.3298160167408525,-4.388663708243786,1.0885424559970132,-0.624260835665261
0.1879394067182989,2.0421123172229407,0.04738055678004516,-0.35914060451622926,-4.75537664661262,1.2677066872980571,0.05731937202461873
0.27583887133238605,1.1950219483060585,-0.11367856075180538,0.6380878915119657,-3.1323943062642114,-0.9190102285354427,-0.7416488858765612
0.24286171313753854,1.7461749429836544,-0.019920117453671837,-0.0776661509772241,-4.193019188896294,1.7305712184925275,-0.39757088656472617
0.019678387176254464,2.554868484594395,0.23534183680198595,0.42261108054313945,-5.391633682653138,1.7049802638540963,-0.7719149322236213
0.05831739151615559,3.055265407437415,0.2389242300680241,-0.018402564528634868,-6.208552876120082,2.4316258310493666,-0.5275381987889423
0.03262823993648435,2.929260830296279,0.25335547046550344,0.06618181540686469,-6.16227008206717,2.4477438884422993,-0.47614335935124835
0.4512134795787008,0.943750958952966,-0.2550101718499537,-0.08149205291404456,-3.233898565326988,1.6177479288603553,-0.3274262302304221
0.15288254142886235,1.5695691673960366,0.021404577165688776,0.5117298460650661,-3.648069692237993,0.230686013852714,-0.6981516269649373
0.18521525788015125,1.874957266235874,0.03619425095199391,0.03266231254538657,-4.3176679380008895,0.5086418935951075,-0.2717677137571447
0.3476641409924531,1.158957625069844,-0.16390463528663612,0.7942598049732301,-3.4842865536104495,-0.4042691328357162,-0.8620820773189866
0.32397221441891194,0.9616954103528448,-0.17184641085239188,0.19667405757163978,-2.809946544641625,0.4718109023997828,-0.449505987636537
0.16325361277733744,1.8774462192422783,0.06182726287479334,0.4194725744992989,-4.707151012539281,0.5589308538450155,-0.5351206398702941
0.12752227529503957,2.1952298817128986,0.1375467007354776,0.5172422706719897,-5.189527447695557,1.9608987309576962,-0.8966084370781406
0.45031789263542066,0.696377723628557,-0.2736845760703355,0.16484144985690224,-2.950819939084162,0.5046765907332711,-0.34135889634291383
0.2951709762619485,1.0772666542755567,-0.10898133096680584,-0.06908739667156359,-3.425239093191604,1.6660462648197405,-0.22458516812747817
0.18342378056166986,1.8508451531529877,0.03650338184781421,0.3552823713385739,-4.303867421315898,1.807692542605973,-0.7781296369142353
0.2887630705283011,1.5895281798751772,-0.0880229772662322,0.11841997080044689,-4.015673789165161,1.2308877623560899,-0.39522878753794544
0.38672355052210333,1.1548393161162651,-0.23244473161922374,0.3770353797076189,-3.154072808248559,-0.8904544763395392,-0.39488684437274624
0.16314692762908042,2.050611157464977,0.0676863369833074,0.22173428848385107,-4.603954919571641,1.4273542502518342,-0.6025147228527638
0.1911234726191106,1.6999721364769766,0.02492433028289298,-0.015659722424464395,-4.207981482545477,0.7824426608420003,-0.23140649985725062
0.11845594317059513,2.076349653754226,0.09210086388186767,0.22681304652868436,-4.303524236046226,1.5814138344468274,-0.7081119875117319
0.08098781558033137,2.244637120515765,0.14167971864181395,-0.0053378781799276465,-4.785159763221488,0.7924170945899593,-0.243109921367183
0.34780558574585657,0.7926018234340622,-0.16172375534200312,0.3509461328835738,-3.0377548623048023,0.6072008183880636,-0.6065894801064187
0.21384653604652418,1.7251017695980606,0.0010945368719015303,0.027710077430417007,-4.180992859130141,1.1081462289818802,-0.3988958505610558
0.12577705356615096,1.8375646023343715,0.06514947705045104,0.5458341639778121,-4.2781409894637346,-0.18559670837328784,-0.6037092639024795
0.22720230076638367,1.6174086876888416,-0.04399071216423045,0.4335794307263344,-4.030483521436126,0.1953863218624852,-0.4459879903731675
0.20277777965304228,2.134759562276054,-0.004011334824640889,0.2345456915144546,-4.68696115191042,0.054318175769444484,-0.2781092124103287
0.19471366284674677,2.1511447279807854,0.0381932500876665,0.132999485595646,-4.844965516567294,0.9429043935366945,-0.4214287864598021
0.3591496488981241,1.2881000784079921,-0.13160098386951502,0.10740320573530243,-3.8841897346731598,1.1323944987864423,-0.448003463909676
0.263573861277203,1.9369565920152612,-0.0011991305483678438,0.03966590407781437,-4.850891082177161,1.7163220617206207,-0.47527867602591134
0.39085791916754725,1.0944420875551355,-0.1629120705114374,0.048415880013278484,-3.8449489853805443,2.3177367192645457,-0.44762663845463
0.13834304012787374,1.9335749566005913,0.12828353482793342,-0.3375944634431507,-4.763539267234768,2.800554172542201,-0.23533104343013247
0.1226723778831652,2.1622258846860714,0.0697341260103681,0.37162243730917655,-4.6301764193643615,-0.1109084355957619,-0.41087695353286624
0.2535298473434763,1.8775263639658872,-0.04421787455977921,0.597651716638395,-4.392700456466645,0.5143180017836069,-0.7949068584380813
0.23362663872855116,1.313150736416298,-0.06225956321239556,0.044316677791252285,-3.4720686541166126,0.3978204050340153,-0.19312917370453364
0.11886250615992554,1.7697640152814658,0.04226786412482886,0.8582230049503572,-3.808424008010099,-0.928070279673239,-0.8695612769674477
0.09686186856184317,1.8666491050535834,0.0870312684230754,0.7263358815703722,-4.188888903555153,-0.81135715176407,-0.6995752474688233
0.264519577177964,1.5769861946872727,-0.07084734228996648,0.2988387710515395,-3.963118693494466,0.8567154590806808,-0.498006036336059
0.2277223628911008,1.9360814054976212,-0.03432523818139521,0.22564118241946723,-4.237860249396827,0.16711181677994535,-0.3936105972980595
0.44151287751846824,0.9263883718359924,-0.21840926391156307,0.02798347515206124,-3.473079219436519,1.115008251438807,-0.39350699585946247
0.25660014770358164,1.5249671767220756,-0.04479986901580624,0.46698660330263103,-3.9903497811785518,0.2539267439979213,-0.7019563940909306
0.21635165014257693,1.4189195578596099,-0.010205902423507718,-0.05872162646877045,-3.578568261950228,1.3029355377512912,-0.46361500416160356
0.1679689275303444,1.7671577875400528,0.09173812469144393,0.08296810730350837,-4.786144441289537,2.6212580228536844,-0.5288330885279724
0.30809932085969816,1.5950287580032678,-0.11934373943515553,0.04976294645771992,-3.8267341450414203,0.5723680068296656,-0.27495211754494775
0.19908118392064836,1.7041437676937583,-0.0012686002294790555,0.3083978647537335,-3.9953253208794908,1.161926653909318,-0.614019272033471
0.3108652015501917,1.2232185484318165,-0.08459806063327036,0.10359537616161231,-3.8597684137006576,1.6069444475899834,-0.47159164177139745
0.29703588057277225,0.9706734339841485,-0.13358888642323685,0.5016742308443015,-3.0778144284043827,-0.15109055959761572,-0.5731875671221923
0.16909555747158503,1.8770063125124532,0.011949167921468051,0.8192201767349221,-4.311125945934175,-0.6029247771708323,-0.7466318624818868
0.18502337182829837,1.7621459975898666,-0.006217429289580689,0.32876870765184996,-4.034192637471131,-0.2537210451189219,-0.38239714920840706
0.2832770435477152,1.8432271761811327,-0.08263353085970904,0.12435396728067616,-4.249414175151608,0.2712158505700683,-0.2666197658943669
0.1893941119816123,1.6040445781161938,0.015624019371153874,0.1629503576878154,-3.983312189172859,1.189554882126769,-0.471724497786419
0.34517273085442485,0.8187180113213771,-0.16696007008321545,0.2924537845905776,-3.0403993610748508,0.8494473203016654,-0.5190876113952188
0.08586264510328295,1.7979501977506538,0.10739462363197383,0.5117008900528959,-4.171717927059156,0.20654751256520854,-0.6307046900343465
0.14842624760451278,2.1902575099971435,0.09419223345436345,-0.13369209132409846,-4.9766462500111635,1.4732720509615909,-0.1770968667640916
0.3289447220468484,1.2723693579187896,-0.06047567446335733,0.061514237793822896,-4.247480122098165,2.321828263976408,-0.5559093786296542
0.3881168311542224,1.2212826584032672,-0.17919571446099625,-0.19387972338771498,-3.6811683401669133,1.1022346091017756,-0.180980869486644
0.12072603272887739,2.439340528706636,0.08562317410811748,0.47667368791970977,-4.954786135951862,-0.13734722686647538,-0.5986264624567439
0.4928223594262944,1.0369686725526739,-0.26167675137280283,-0.36315475429768085,-3.7289029399190268,2.4499280494341042,-0.11021373065063196
0.06653333530651737,2.179184232551279,0.18658112764875856,-0.12275089965183555,-4.774225250534841,1.7270018618016278,-0.36976151202911517
0.23528098171614062,1.5256581987613185,-0.04575544925602881,0.13636645139671918,-3.719627631188601,0.5690532682228708,-0.4038237251630421
0.1936660533833629,1.0732110396473464,0.009108497523329873,0.2992886455609858,-3.3217486900349154,1.9333529350476297,-0.7364323901908454
0.05639425700242427,2.23147394116717,0.16316418589633064,0.2914715194938117,-4.932470450650093,0.735681593082664,-0.4528871956254745
0.23356307004912552,1.7010215770832355,-0.07274041946225229,0.3479778935890878,-3.8017545594274775,-0.6498695846227821,-0.33010061189480033
0.13864454302076987,1.7636630025620872,0.062311499924277314,0.3803946811816271,-4.066482522594994,0.9238122521547147,-0.6576121811174065
0.343697801669209,1.0520306892042677,-0.12884202055636162,-0.03272617060634969,-3.4410042137706913,1.3980045346647727,-0.36569212529831086
0.171877653550705,1.7355961189891644,0.029848041408935266,0.2998932533535126,-4.207515674939511,0.871472887255438,-0.4461694496558919
-0.03432430814357395,2.312000820635157,0.2651976417964219,0.5385091614097994,-4.842429419556211,1.0282805089404974,-0.8321923698133209
0.3295298278712762,1.4340509483466732,-0.11940507060571459,0.13763240579026725,-3.982020295055596,0.6239509023224036,-0.32399433316051274
0.2983621662794797,1.5666160270483525,-0.08109128838536983,0.18990224071698755,-4.1104971266794275,0.3543204367705553,-0.4034120124380558
0.12401318228123365,2.1504298622244398,0.12585458058335708,-0.10755220973516838,-4.929362331836445,2.181997898813308,-0.3593151764534668
0.2935561161093999,1.4577874056144107,-0.08711475132721791,0.3030230718187581,-4.048045828416689,0.5614034902944086,-0.4513735816168586
-0.01961977075262037,2.2654781123469814,0.24461752546707927,0.10988971202238773,-4.726040515884336,1.306150425395082,-0.4347759433797102
0.17087288564519126,1.70376448936442,0.06864797756437024,0.08078358223915344,-4.429097984739663,1.9459156280693315,-0.47208381932390536
0.27565789258477447,1.5965913027863323,-0.05986503580248903,0.33326136794039307,-4.0847054346405365,0.5375908622751775,-0.5828862239823943
0.18957395624828283,1.9121273075490541,0.04005306311743939,-0.1613300165463434,-4.323805265441193,1.4632947458174623,-0.2805888099660254
0.3014166033758515,1.1999701456727612,-0.13781171349038956,0.40087329406674316,-3.3706042126689604,0.6713497602706765,-0.5420398069728314
0.1268481299389599,2.0834569050059115,0.12189929265778554,0.1802011498076257,-5.014578645386504,2.131398589545463,-0.5442844477058597
0.08301903288170584,2.2252291492508536,0.15993389794375945,0.6639453415179615,-5.120526746818122,0.729448009029446,-0.8376732845865731
0.057361280053899434,2.416946987254182,0.16288424836558568,0.37345883406345926,-4.985636170512201,0.6343326084378287,-0.5788721054722092
0.2594944188086303,1.9251157897735058,-0.041072625615121705,0.1167061348742047,-4.619172493194522,0.8804951897238559,-0.3211858700479576
0.2060846041661593,1.620402394685856,0.05039337126001975,-0.017926742145984692,-4.423130720602737,2.5256716390717666,-0.5147340428779068
0.14866671926335476,2.0179781201132783,0.09336791088905749,-0.10013697910853889,-4.5479485861789595,1.835165159172912,-0.42236686399469353
0.35824223038796427,1.3153494431128476,-0.19936820778713005,0.5499443611297732,-3.434870784577706,-0.37779117293158215,-0.6013756197507186
0.12226010809055171,2.1459824899148106,0.08842754489734861,0.48534619697177817,-4.592192808927648,0.7793584726158489,-0.7337286564941619
0.2028075174468947,1.6487945087942775,0.041660780699835254,-0.08032814783426043,-4.189872032105802,1.6938729687030223,-0.3752112175494831
0.11137621066639744,1.6367497222244867,0.09160341510197956,0.4632384490661219,-3.9767906813142493,0.6580072946409317,-0.7323169766939921
0.46577008535106745,0.8320730755419299,-0.25627914334817525,0.2654015270448875,-3.3863622741722628,0.47721023037502014,-0.48186488494100205
0.23306403814583063,1.3532181564724268,-0.07658929387678004,0.34352895219706925,-3.4239090335865425,-0.2871039280898347,-0.38692371943918147
0.2483987078023071,1.5124009446105127,-0.07743914399121565,0.7431953498241594,-3.713232563632945,-0.2803563569363834,-0.8108179626657456
0.1974623153688087,1.8385821280174475,0.06883517277639806,-0.12068521270599189,-4.601522226666463,2.9632740838759895,-0.5091409546377634
0.07600702067039047,2.2275985200165627,0.1278720097764654,0.29412218794449274,-4.444824669449481,1.1141773470427976,-0.6554093775493469
0.2500887189581666,1.5542689348145218,-0.008967945541227262,-0.09779674193407514,-4.246815461826472,1.6230404208175053,-0.33023650576078467
0.1329382971449152,2.1743153280744036,0.12049765310812899,0.19872442407953697,-5.0996243345796195,1.8176754550648975,-0.5520203893438096
0.2413108622887122,1.4571166072717316,-0.03171870929784182,0.23878729851537922,-3.8785071110012583,1.2284020758117649,-0.5322586766264323
0.03316875012719901,2.5885289489745795,0.2263527029550203,0.5784191750148434,-5.498165478293226,1.08575448972485,-0.9009916180922393
0.19047685546239512,1.834115857512613,0.042402181260118965,0.24887592127583522,-4.467248424316151,1.1082857898433198,-0.5937621486505043
0.20677331632353663,1.622257678419268,0.005360163189515044,0.08475043133041191,-4.014237683541127,1.3280658889470924,-0.5103664514050719
0.3098498703757245,1.1479628135137199,-0.12896246778467568,0.3744448205004668,-3.1979554824981427,0.12028115266282706,-0.6394835125180179
0.2887509609077502,1.5881418117243873,-0.05728673550945951,0.0038911139568553743,-4.178154056501562,2.08417234499156,-0.49380476364020603
0.3635815444098705,1.3084775531526005,-0.16315529607659884,0.3226347013210864,-3.8084762440643245,0.41746382899414686,-0.5309925761681299
0.30856646369859325,1.7559258356188558,-0.0713225278140901,0.024457077550063988,-4.679002794389251,1.183372752941404,-0.264069383920564
0.2608362689788762,1.5092671123551513,-0.06962476233965598,0.5561246864231136,-3.7844703884864983,0.1629899643598146,-0.7843986336055723
0.26832402302871844,1.2364936835413138,-0.09180804031415313,0.15592980213585445,-3.2963688684221175,1.2463382525201805,-0.5216892576584272
0.3247928791316422,1.7844749678766827,-0.04202488409889882,-0.0001098257157189364,-5.0045796066073,2.254030004130602,-0.4462960841905974
0.02202344343930787,2.53812256009038,0.21055295907392413,0.024539427066687935,-5.287786897603872,0.7905789078601891,-0.20332032374521558
0.26623781418339465,1.543033130265363,-0.0896346807385775,0.013113970325315555,-3.7682315233754564,0.34910334444231855,-0.14949557477671888
0.2112933412505996,1.8492963074532267,0.009596867879158255,-0.008943187074394593,-4.37703688901364,1.625454423610986,-0.3693168149814373
0.01917579827261927,2.2905383225470066,0.21046224114235446,0.5529141100478421,-4.83488790849467,0.29951447694609173,-0.7704217249824101
0.11661878277452295,1.9924150991324743,0.16894915518707587,0.05061855395529605,-5.003435158482425,2.600107700600742,-0.6151374869224617
0.30967821396582246,1.6619197216776689,-0.09588583902897985,-0.044184096375554455,-4.292986040955903,0.9353546258814959,-0.17739112327865458
0.09535222642915867,2.330886107333407,0.16194164620657392,0.13276871278680966,-5.198071873526915,1.4543409196345625,-0.5187744235424581
0.10424598944760824,1.920986018227245,0.15782614213361756,-0.08637343633051806,-4.6621816425585205,2.516257459877246,-0.4599579641858972
0.2259558188191463,1.906439470468536,-0.05062915160500614,0.4878525824788328,-4.0656212269673695,-0.6569768283572064,-0.5351048938823456
0.26259595498971583,1.3930432307972955,-0.06209494427116946,0.13622316731787923,-3.7934706901330135,0.7111275055487927,-0.3644525637856444
0.20588026813296606,1.3921521983288974,-0.05336267924257254,0.8646738017756421,-3.3500437373843037,-0.6538793053627944,-0.8939944788438636
0.23110114068163765,1.6827096687927736,-0.035629023313399344,0.1196343635223675,-3.947184550843163,0.7116238303676611,-0.3547417487498633
0.24343835092774016,1.4343874263028027,-0.07572888048418625,0.31869849602993405,-3.5903206000522876,-0.5685201479630824,-0.3561813969841369
0.17427736592819382,1.586375212584639,0.007929897590425838,0.36299202428700494,-3.8961677101999803,0.16382355134340965,-0.39592438966553634
0.19176696351103792,1.7363345657107283,0.031578187110699485,-0.1690651265998994,-4.2358775927787296,1.9958677946309085,-0.2735966454057875
0.025545089688167488,2.2976279568776126,0.2104555121301479,0.2176387723667172,-4.969868895460556,1.3787887220233246,-0.507243830339608
0.15981200719487973,1.7747117070082215,0.03882082410849197,0.3286959183493178,-3.963383394362911,0.9347589816857005,-0.6830173067178821
0.3739076611383772,1.2536439904915722,-0.18375773996270617,0.13177616511275694,-3.694897113577221,0.5369499608324974,-0.24396036403232696
0.28388472133065573,1.9914635404440608,-0.08559211346482432,0.4322677670168248,-4.656892069524977,-0.3514130207203883,-0.40979431067487726
0.10929378844726882,1.9536752439198901,0.14015284395213734,0.03733596009287632,-4.719297638301993,1.6246292113423861,-0.45951908887095727
0.29599345872888616,1.6138269153561748,-0.08860983547606671,0.4542544898167649,-4.1793635830502245,-0.24440429696668767,-0.5684259380835386
0.250305804196728,0.8800784687372818,-0.08719016417008146,0.35837518970279736,-2.85017002295769,0.04351095294396136,-0.5152266918900067
0.08665979031140793,2.1631062091570823,0.10026378645770606,0.37413644312175465,-4.432217474984301,0.3244290770920293,-0.4925342468410807
0.2099290934402738,1.6297062338088242,0.015302636646184364,0.14091800054168963,-4.160594189715594,1.540556991099017,-0.5338660005816328
0.2661248812901919,1.2853284023880422,-0.07384246255512705,0.022351557743012188,-3.480714635507435,0.45327391334526074,-0.2747088893282937
0.24898049998615884,1.4005301567571782,-0.07930328419526411,0.08267576618012049,-3.4066483723275285,0.10130862224416626,-0.29127906522640656
0.2339152336995202,2.126030773599138,0.02298565561611432,-0.08347122121520345,-4.858697565389323,1.4898096167011692,-0.3931395408514021
0.29202398646435923,1.5223581706288725,-0.04837859856613547,-0.16396207663188467,-4.343689495221525,2.290431899521404,-0.2666689598955851
0.34624897071040994,1.079292858145429,-0.16937876481104974,0.04555660380209872,-3.2957065032032764,-0.03957114009768081,-0.2040412139426545
0.3862280036240262,0.968341840015875,-0.16191511072158338,0.17254923833833946,-3.5828782706865394,1.2163141217364573,-0.49077980641539776
0.26683512005647625,1.257867911330338,-0.10671924799374244,0.42228251978389264,-3.5316908991949076,-0.22404909866931677,-0.34646992370408847
0.5405477695117249,0.7019388734471157,-0.35025265594624344,0.19271765484932535,-3.2584962567444182,1.020615266192925,-0.29888998844076375
0.05346477844913235,2.562126164012047,0.16203383305981944,0.42372567043967146,-5.202775187681641,0.26534184678111983,-0.5657029197189791
0.19112775578858582,1.5917621688264312,0.0003066996914358189,-0.16191948639089035,-3.728422149658624,1.4440780900284431,-0.22999473197760018
0.3129136802541173,1.4885951889971654,-0.08967771615546782,-0.3626608362015654,-4.043279966655272,2.228729624006802,-0.0866567539092484
0.3769401587546554,1.2332498200385271,-0.17086137759438946,0.16486876077881002,-3.721038553326804,0.2564394320604616,-0.3999279363819382
0.06710143449270907,2.2667875066347527,0.14026978726746187,0.35902349389132626,-4.746179506218511,0.1238052137766091,-0.48858189044737277
0.21689451739846607,1.3171869768849958,-0.02122253263025642,0.30380343757206985,-3.608152438897142,1.077632968003803,-0.6681138691353667
0.2433394229577091,1.9713443395474073,-0.022636456427829632,0.11001285176715214,-4.546398945322135,0.7910070241646993,-0.40115187844922057
0.30824452637379696,1.250674525626567,-0.11972346219319596,0.26048100254169404,-3.5323295449585648,0.723887027746792,-0.461642559696629
0.24079890670873647,1.8153864738539518,-0.040870692267912734,0.24020578023704584,-4.288432145000671,0.40809212430340397,-0.44535787207527244
0.14971417253130878,2.415856740699052,0.12256403279181272,-0.39369291750782553,-5.544174198342877,2.210902744950757,-0.045435492340908656
0.22674496740277633,1.5960681569315838,-0.03267821471096255,0.5433895105653388,-3.9850161731100058,-0.2214237036224219,-0.6264986794589508
0.2795904496274986,1.7033680579976727,-0.06064004047740257,0.14328161831701686,-4.284202412985303,0.5332235724244255,-0.3705536658190981
0.19119945823807555,1.6230355152598515,-0.0018232245862783714,0.628531514942283,-3.952007303394723,0.3650688331885045,-0.8240473043750673
0.23802116730476733,1.6450487467859563,-0.07398395639802846,0.517402271759966,-3.6395565027159487,-0.6823795578319592,-0.6191209505793516
0.16865055223997236,1.696158226527376,0.030641391661772266,0.019622207845239298,-3.981126041971368,1.2597937011101121,-0.3563609762358817
0.23121933450608512,1.5495032581596186,-0.05128968629654329,0.6521846983723004,-3.7795112248241947,0.021683142296079014,-0.7744873618253615
0.32399916916650473,1.04760624378151,-0.09855800185222541,-0.16896600055961122,-3.5559217462394224,1.927327103367163,-0.2664677408752507
0.15603160430257004,2.1674049863836853,0.028959422859742068,0.3117688940175777,-4.466599878879733,0.17904302412303075,-0.426762173761416
0.15087840555032506,1.74808214187881,0.020860081669167307,0.6179719861883978,-3.8861546452852114,0.30267283705173287,-0.7235846303427489
0.10860611588445268,2.0122247793452726,0.07785387729845938,0.5015177452645357,-4.193649871636265,0.2943836354252295,-0.7135641962127824
0.06210166659388477,2.0006363007256094,0.12052359088092368,0.5431252282329129,-4.131023039784465,0.27547221391070775,-0.6985407647629152
0.20745394075803875,1.7982149484043906,0.01444067337992494,0.11547775813019492,-4.411243759328685,1.121901041515129,-0.4180736470653419
0.08993835317941452,2.3101191565261114,0.15204896412765256,0.4596853932614894,-5.200403329764652,0.4013812527643788,-0.6156686554919821
0.3308185737428407,1.047545807001477,-0.15361804172364535,-0.21517497883786513,-3.036814936360551,0.8914062095074652,-0.11621385327387657
0.23788419932504112,1.739429823521931,-0.024493778704803182,0.3887693828535597,-4.290496629174263,0.9229660269928721,-0.6797038892148013
0.1021340680571384,2.31644864894943,0.12021626147414333,0.19488526099344144,-4.852474153532587,1.4478111403390226,-0.48212925466632556
0.05385197937615177,1.985766051752976,0.1758116884212717,0.2232529311452862,-4.397501603409973,1.3302629070616856,-0.5890430829128273
0.03163555361896594,2.0944428107369943,0.15778448817418145,0.4587794612205812,-4.087248867302032,1.1492601140466143,-0.8353599436482987
0.17565925194629298,1.9603012058046239,0.05810875887941891,0.037736837037813664,-4.47663491458655,2.410226072579161,-0.5866236231037564
0.1684823732253698,2.1350412906169716,0.0308286414300063,0.9440777878220674,-4.662853760777035,-0.24841880643989347,-0.9854068213612194
0.12171698725358263,2.0390647733395317,0.10929083051954169,0.192053652692091,-4.684712184068672,1.4588598732107063,-0.5233261555493125
0.11154728040403679,2.223238661594395,0.11774528426577024,0.12885801256250456,-4.86298190417804,1.2556583214685657,-0.4681042674650019
0.3464996309280325,1.1088140342314534,-0.18678343748713788,0.6354024530341622,-3.2453920716664895,-0.8723023252776388,-0.6478210470944017
0.057984395504184216,2.1622118656496037,0.092993944508037,0.7497840810114518,-4.167357299589658,-1.7427464293727284,-0.6244493549801784
0.16448315041070002,1.8959887084787441,0.03930518979939834,0.1675477210756029,-4.3542522681542755,0.5102484028908272,-0.36681597929891174
0.13059291121594505,2.1920358415776375,0.11450381005932853,0.19939706107168692,-4.989643225737711,1.1793345483667248,-0.5573350834470717
0.22361562465280505,1.7052713272389306,-0.006265038397212264,0.33329971195318936,-4.264696919021278,1.6068282587016904,-0.6658311274542359
0.12340097781510861,2.225212777809884,0.11654728765876587,0.25583833541686146,-4.981735890347177,0.9330210262788015,-0.5287893488332402
0.13842100035302093,2.121353538309946,0.05841824256625339,0.7964929918149322,-4.6580765398020345,-0.741817269235687,-0.7653397412365074
0.0695732613949515,1.971123499493974,0.13533670569707623,-0.06544684407332091,-4.158755456369808,0.9742491602815305,-0.2646680602699328
0.1279685620967278,2.085149454699073,0.11954391547316767,-0.14140357430700393,-4.858423686203462,2.024682895018348,-0.28073294162860707
0.19333072662404277,1.723421202724343,-0.003940933354140919,0.15673399120183912,-3.9590583959357466,0.2167026848440624,-0.3728052310626844
0.3537606390617911,0.9978138456763801,-0.15647158586219817,0.1831774922966896,-3.2238339322123912,0.7154451289042063,-0.49701339464143185
0.19117774278326183,1.876657624469083,0.0303045180485233,-0.12911544018233043,-4.339030251818648,1.1859732133007357,-0.20844672196577174
0.11137056364268727,2.1413793821738647,0.09720464137914853,0.2729257758001108,-4.695807813834079,0.8175196477570675,-0.4419010873323571
0.3307204090321435,1.6317606661531157,-0.10107356722666383,-0.17836322559899337,-4.391126600202954,0.9433576009280196,-0.08336116115954646
0.12226078422696696,2.125171092696123,0.07934083557772476,0.45772043508825155,-4.662371542145959,0.34334254475916687,-0.5545343711448745
0.20294079701066817,1.7236581656140002,-0.0025097602097254867,0.029081982632217784,-4.233760967965957,0.7596864383946932,-0.1717883495313086
0.2600780112143534,1.459423937915524,-0.053839586684948926,0.1981405533878945,-3.757240567282944,0.6457262007217697,-0.5093317105048007
0.001629682207776072,2.6982111283068146,0.21021923193848746,0.6140925111507962,-5.2193906970895565,0.015459641734570692,-0.7477258064866914
0.201461606530025,1.5098753992211775,-0.022551716363528262,0.1865189727348423,-3.6764448933775564,0.9339681193982969,-0.44200846872503746
-0.03482850262757743,2.884314102450901,0.25845637978676095,0.40008611281349127,-5.513608823657512,1.1321691278180017,-0.6361050282351284
0.32052880207605633,1.538757777202855,-0.12445202300479774,0.12551873296821733,-3.923819194124791,0.5643996625561295,-0.3334961964891838
0.2731936169693081,1.44863778778199,-0.0762358203131881,-0.01935847473230426,-3.838755517077714,0.9081308765721702,-0.203356927840415
0.0767289622159933,2.4370471639773323,0.18254132103738407,-0.15801449436320852,-5.220787507585503,1.5811323499137824,-0.2464333145634799
0.18812732715651476,1.5357400655896314,0.021811520790977257,0.045486727081377215,-4.015197490522555,1.6082765310288385,-0.4088408010346597
0.19151185948174254,1.679283521303225,-0.04727691654060462,0.7106793656312631,-3.6993465660311458,-0.6487406111224704,-0.6233961509338323
0.0884313496313662,1.9235328107782153,0.10617366925387195,0.3003116709416287,-4.248489810862482,0.8066686711903147,-0.47890957167373877
-0.057147636813921196,2.528110742778049,0.30542441702826695,0.12755529229249563,-5.271498337565926,1.700990638649309,-0.45922750156034153
0.24311448564435542,1.9757294628298228,-0.03641723225800253,0.5319968154075414,-4.5818028919585325,0.8250516722313179,-0.7294319505647645
0.1916976940371178,1.7209283087103522,0.008767690746460888,0.189106460355192,-4.074049976091402,0.9196446012266103,-0.43659961217672133
0.21579679869293852,1.7136019428176383,-0.020524078426891412,0.023353956566122408,-4.118982240995881,1.2372507865255187,-0.27295119815327007
0.06500104452948198,2.423609486929517,0.17604786760948943,0.1804886497433375,-5.232537500658813,0.7913791482250117,-0.40506600243115776
0.17892683689798358,1.9679394292915677,0.035419612945726264,0.14019276514365675,-4.644825743297428,0.9446053324896553,-0.339238132867446
0.16163043313672756,2.301259976843058,0.05777438314125072,0.46545576668354893,-4.983549351668779,-0.05558817776349593,-0.5622564595261672
0.18546673692936458,2.1184914658483835,0.07394754382820579,0.25647911040959703,-5.031192394657238,1.074588792607657,-0.632099205409311
0.04514434069674618,2.0354365456411045,0.19476162947212883,0.08345733570561731,-4.743007063984173,1.1077978547345548,-0.425996865486121
0.21682946432157865,1.647768230867673,-0.02803714022424253,0.6722233223732392,-4.187038272364022,-0.3297468533413394,-0.6287993937099826
0.09531784218305739,1.7838576563757784,0.1119680302210686,0.28296799301981007,-4.043999572121919,1.1065396485492291,-0.6571022065967724
0.16001320550769052,1.775300590774066,0.023841133255783742,0.404758539029464,-4.044937834452287,-0.4081250830728259,-0.4515719387306012
0.03960475847482527,2.252121182063067,0.21320686958098567,0.2322523876110926,-4.97362905645121,2.5386760626107585,-0.775082969499593
0.21539537251905416,1.4514733415772882,-0.011543438248026061,0.29236623613865237,-3.88969590014514,0.5810657729923882,-0.5031747760185767
0.2767640596705371,1.3757741486492914,-0.05846367113197848,0.0450807132163302,-3.875492065151245,0.9904678273123604,-0.3750351702734249
0.3204803680329004,1.3568009710510147,-0.07367413910616272,-0.2253428130242146,-4.12876248809775,3.252778289492862,-0.40213720390609714
0.3825791941179055,1.2268290705103335,-0.1793477134920043,-0.3861573207713553,-3.5263460067576786,1.607216722518948,-0.024309583996446546
0.21745803017767226,1.406884272373226,-0.041960595497434916,0.33990894035627517,-3.4982415118605292,0.4637320939982331,-0.5119833622144564
0.3510534355371537,1.3359807281235616,-0.1752396689979645,-0.10867235578155927,-3.493102908287601,1.3359595410911624,-0.2695574660498682
0.2663372156129321,1.2966920987487296,-0.1009049354622924,-0.04234998990137975,-3.324336761933977,0.9037037899576768,-0.19243205636668181
0.19286415056607473,1.7072933912061437,0.02632401065476575,0.5222705701348298,-4.326075237209698,0.42685209269182084,-0.690015951723781
0.2019758030734966,1.247413519806943,-0.04998462996216235,0.30411685466713767,-3.245710567721549,-0.20453992182848196,-0.29436811928493545
0.2575123964888823,1.7766486542477253,-0.0857293927544609,0.46355218890638994,-4.075447200534992,-0.6272453619310144,-0.45922345142563076
0.29709644057779994,1.5534069762118434,-0.11657335945139002,0.40063390229037493,-3.866172122855073,0.18835758524197005,-0.46604904652099544
0.26395768939138126,1.6278062053983438,-0.07963688089403176,0.057903516296283486,-3.861763477350073,0.6809511787490246,-0.2643216596332899
0.27085307819528587,1.8982826505662949,-0.06021670762993203,0.21766558716875745,-4.382660253646687,0.30189578444379306,-0.41713114059705975
0.2013957721930538,2.065160023178594,0.04585446374464186,0.26383522915799296,-5.023486608913398,0.6836099014211884,-0.43364535088850864
0.2332430696520001,1.6276528809488167,-0.043185997761513883,0.45020867136511705,-3.8651849106026455,0.31962160932244527,-0.6695240272994392
0.21144179802822052,1.3697605104020123,-0.014186532938091134,0.24468520267757943,-3.7873261637296425,0.39096111553235185,-0.43202134475227066
0.2820416035656005,1.3695680579088072,-0.07412852466300335,0.3988276727493631,-3.865304829617684,0.957967384333464,-0.6962739644904354
0.13398705593016108,2.141974678184819,0.10975877450093341,0.09711229714350816,-4.9987904700580446,1.1201936225953664,-0.34413915995388206
0.21907381960013494,1.7848294481859215,-0.00230701291528268,-0.15337711985980557,-4.2962233824773906,1.701198917489884,-0.2043874717274095
0.047514847395881105,2.36291389706099,0.17901040580290695,0.6237755005647037,-5.057884683377049,0.29623502707085303,-0.7688352296269414
0.2588799291862784,1.6507148570431325,-0.05183129160594668,0.2785382727097168,-4.175490872583226,0.795027444184845,-0.5252225738529461
0.16453870959417738,1.8442783076691784,0.042068832762445885,0.25597386119671817,-4.418701899242632,0.4701765192992416,-0.3695329364512308
0.22529477182235927,1.6436345429744579,-0.032726592205843064,0.2052981335419719,-4.012366346096979,0.1183787512154879,-0.31388805550342935
0.15257305056969722,1.7050444998396832,0.07563751463581059,0.164327743978974,-4.329926407917732,1.602891406736645,-0.5549861305780734
0.21334009692501846,1.6535820011156088,-0.018053720026406817,0.4080355764934353,-4.0379027725103445,0.6205380818270444,-0.596333349182547
0.3186773768350988,1.4725445126608288,-0.08669457222397714,-0.21484843637947704,-4.252096888440909,1.7286083404445045,-0.12555294848205484
0.2242119148554981,1.8247633782086088,-0.0009742575901889872,-0.08122202685137939,-4.475494746458921,1.519919030430834,-0.19170855776464685
0.013808230024118896,2.4611929683322886,0.20310334341679503,0.5515165571627629,-5.013263062595338,0.5667901350127722,-0.7514956170482634
0.13538254831912483,1.8970829028341472,0.039220516204056866,0.4791990747722215,-4.085736509180222,0.31411729027753593,-0.6037161652653278
0.2492155463799746,1.6183404056009267,0.006023949625613367,-0.3639848935101774,-4.407148296791322,2.5216366646699075,-0.1587080120016816
