intercept,q_coarseness,vote_event,path_event,q_x_vote,q_x_path,vote_x_path,traj_lemniscate,traj_square,traj_zigzag,delay_34,tr_0.35
0.16791913029884395,1.8281092491796271,0.021093323049348633,0.3590870974440187,-4.174290425457442,0.458965345706361,-0.6926350552766511,0.09158895978047488,-0.0867703202082869,0.10777103326818316,0.004253983090485414,-0.010773496700492768
0.2605683317928911,1.3922759946154128,-0.08934374151145807,0.3238726146009877,-3.5994915386173174,0.033452760492718586,-0.5520691428254437,0.06345107747889944,-0.12033104323361038,0.10567964890911333,-0.0021581255064757054,-0.004332096299118515
0.24806035521240774,1.7446457519496752,-0.07615622616233086,0.0067982523850576015,-4.237720686672119,0.8382381954116991,-0.2732202662540236,0.08034834364790983,-0.07330763652249145,0.10313730949656907,0.01246640364764029,-0.004369100201946252
0.1457428721800264,2.3877368547375273,0.07708534671644274,-0.03988550530187879,-5.187075963276052,0.9032906502734267,-0.24508415213466472,0.06321915416275481,-0.08693988301780514,0.10127333789592968,0.005200524741423296,-0.016489683076280737
0.2395684104471173,1.6420277082510761,-0.002572444007766017,0.05895680406380452,-4.447483298631304,2.10596084778422,-0.6096003244047778,0.073429151831299,-0.07644101471061493,0.11519752542552036,0.016785776145679998,-0.019146518288826297
0.13341033284038348,1.8651731730502206,0.05332123913090414,0.19510078126219693,-4.212560431650133,1.246995654052909,-0.5494292564503744,0.0646762931783651,-0.06430603270313356,0.10110117381031156,0.02107152652950639,-0.021883299689612556
0.2556625429929854,1.7326399256156355,-0.04958167056442797,-0.2147595151922374,-4.565736824456812,1.915923910760389,-0.2173165432218494,0.08743786592743463,-0.08250027941385052,0.1230979932410805,0.019318851871036546,-0.011998857591450918
0.14284440538447105,1.8905760508200575,0.04405141842767013,0.1568552853202928,-4.316570260965976,0.26681673682452556,-0.3589959510328251,0.04148988879124249,-0.0868243518524156,0.08549147322541151,0.02587086121402038,-0.0016061822360571298
0.19334181500270078,2.0195892938664723,-0.01500417343073046,-0.24999371878527163,-4.487788031957222,1.7680051270809078,-0.10214553553414824,0.0626829011751299,-0.06384049152964327,0.11504891058847405,0.011338420740726218,-0.012912995016147844
0.28709755671384996,1.4712216816255694,-0.12942508758536198,0.0855654445371261,-3.762987083133871,0.5618454907814627,-0.32560512803355157,0.07982405599705392,-0.06069849575875619,0.11315893876023253,0.017247731522563703,-0.0173769530225662
0.27912670189212774,1.2928895072457869,-0.12341676566063531,0.220078218081429,-3.546956520363917,0.48767376329258716,-0.3877230677551268,0.029592230891590077,-0.07006358105072752,0.10890579021758029,0.043125938866419855,-0.018650193982199637
0.11770083007423253,1.9562855985531895,0.06020617772715231,0.571804582010918,-4.219151425111856,-0.11429249766306857,-0.7852003314010629,0.08842159263087207,-0.10327317303994166,0.10462947215503138,0.001910829447468787,-0.007902892431505548
0.12092734369101661,1.6212693573206407,0.06628019552426678,0.2818035247619274,-3.888493970296387,1.1275915822943474,-0.679886573471148,0.07771395473067672,-0.07891712436320347,0.09102754659426363,0.026359847233878853,-0.015434286438830602
0.06336966328598832,2.580434134966811,0.16217305137987403,0.5453274286336646,-5.237388117076183,0.3026182643014315,-0.7006817164483997,0.05216273751189121,-0.08875082410165436,0.09430210520628693,0.01201264685343173,-0.03253420533325446
0.10945882830373739,2.20527088473833,0.08945313030789026,0.717105318544293,-4.8797964486564505,-1.3087780764023034,-0.714828681774109,0.052626473393132034,-0.10024754774180972,0.10690542939917871,0.01665569648119347,-0.00012527597045008942
0.2649372255595467,1.4647525782314381,-0.11484281456695178,0.24598976491207375,-3.649546680631844,0.5673757121874407,-0.5328551202440582,0.08261221530568646,-0.05659384543948723,0.11298209144078075,0.010135091072708768,-0.004889485341672162
0.08913397983992886,2.129876400061171,0.11211838826790599,0.18094925501963843,-4.496430008243612,1.4746100880510045,-0.6600182763744522,0.08122308656561678,-0.09129531812104108,0.11174725195001645,0.003267595055999828,-0.019954475195133714
0.12085366978439341,2.4419815216969525,0.08140204716759714,0.20381630799168915,-5.0068393864083935,0.07518177591256897,-0.3902378944303403,0.07180243450410839,-0.07075709649280948,0.10752334215775611,0.0028997149376519538,-0.026789966441963076
0.15067554561490273,1.8474704667282482,0.02033484524200091,0.31423476725898813,-4.119342546556963,-0.4063841620438053,-0.3597970730796147,0.049107671971342415,-0.08375597995309875,0.08481259118864146,0.014789536494199451,-0.009061058168945313
0.3320404758350761,1.7053184213456483,-0.11350477386221036,-0.15959626563141055,-4.5811260110018965,0.916301112390734,-0.1591781012235876,0.07234802122146439,-0.10257492587214734,0.12510414604704256,0.008617904060696291,-0.017541260489744803
0.09577620817918177,2.2576228274393317,0.08514425716629814,0.07833436234612792,-4.614842497397702,1.7803893829426938,-0.6353332795014631,0.09859750852323013,-0.10654646873136842,0.12491514035190526,0.006901202664778339,-0.010691688480291783
0.060699562344315824,2.0831225328340732,0.137296627158771,0.8727318787509528,-4.4445532648569905,-0.4813261806385086,-0.9901443079985879,0.06085982747823637,-0.09715148348664493,0.08447925670276746,0.004520842379805212,-0.017149645322043106
0.0906597762442249,1.8313345395179392,0.13475686986339708,0.20167552861102617,-4.311305476345565,1.6991953419894998,-0.6448924803485074,0.05705183747916842,-0.08055466248183318,0.09215710590543458,0.027790979703251506,-0.031455779067574574
0.2431309812105703,1.640171596533397,-0.08235400449276131,-0.007083171593056312,-3.950624842744989,0.8378991445832716,-0.27088539952602986,0.05383033728770628,-0.07162297810462032,0.11274312570431827,0.01452656635400329,-0.006646322071528876
0.27762869424394004,1.3109852607877688,-0.1002968267777884,0.031240106089540434,-3.61383996976134,1.2687677252771732,-0.4451099089933978,0.06918425611210718,-0.07981681292570811,0.10217315210295214,0.019718050745854143,-0.008189754269153304
0.11981280444031063,1.8561481502354418,0.05629347021350961,0.30918256238878794,-4.1021868023866865,0.22442802978346937,-0.5986264927689572,0.0978466163583408,-0.08706331530738831,0.11976132709925658,0.005680375276253313,-0.019011061744953484
0.2171361807748644,1.662032756288689,-0.054674539757088136,-0.15035901961130044,-3.981343073760273,0.7955400048005317,-0.18552865668912816,0.08614927488128354,-0.06398741836050131,0.1301234896349951,0.024837048554366636,-0.017334489968243383
0.3618186386014554,1.3526753296784384,-0.15225113032802218,0.11422183123168073,-4.3149357173210445,1.3394047131972429,-0.36558147943753827,0.06992136731090012,-0.0682119289727573,0.12205815224937835,0.03207004791273016,-0.0315041163413875
0.08875792407253896,2.569028171916604,0.1606089807338893,-0.10971055577674091,-5.581565301171844,1.625319713219592,-0.27906855135373265,0.04695408901843301,-0.10518370244054887,0.11044712863214706,0.016811462464670912,-0.02077293566447891
0.27903835254658943,1.5842091532310474,-0.1166329512583234,-0.09675656184657043,-3.7359956157612024,0.7048683684909768,-0.2656637883649578,0.09086201788551085,-0.03827818863332144,0.11559067029123864,0.003501334568161707,-0.03283464049502288
0.11401460936524499,2.1376981142343534,0.09225802542263195,0.06046475921771949,-4.696120524398184,1.4985865549835597,-0.4073687384613097,0.05870714084246742,-0.08121743513982732,0.10858148358526504,0.02084607115129533,-0.03168376314918797
0.12274752341719462,1.950571241897081,0.0871972872742468,0.5227706828801436,-4.4054588670760575,0.04593703266387046,-0.7134044635139578,0.046080104477619066,-0.09867620928652604,0.09194393923370614,0.014432228750289378,-0.03172475613903558
0.25738280289793836,1.5072656181464201,-0.09847124737743917,0.22315084306601662,-3.681010945973255,0.31215092226273533,-0.5059641917732535,0.09257510742190889,-0.047981400977603006,0.11934962266271015,0.006580307001748831,-0.020019043565957406
0.17958887846933436,1.6852306957192458,-0.0035537316721938605,0.03319987465491692,-4.096778802024689,0.3509691588947482,-0.2625431905668393,0.07093222684426248,-0.08425192497752182,0.11492170141329869,0.02861668117085303,-0.014049465071200529
0.3232415173874545,1.2207893061729702,-0.11439647290372945,-0.1953656408081961,-3.912634832793865,2.1177329330921317,-0.2694806744890272,0.06712190434903464,-0.08104286849305753,0.10970220330236395,0.022949750122958745,-0.010836930513225318
0.21023595007872428,1.465340511557134,-0.041554015846237635,0.3643202243097332,-3.696194093464912,-0.11941043134594502,-0.4680687210379602,0.04717449237863636,-0.09678454013180626,0.08161750677826787,0.027107580234845163,-0.010624339431804297
0.15898932291772785,2.082915781181519,0.07212039356083011,-0.5043490646566706,-4.905963520840452,2.6912289940556113,-0.023239334357625735,0.059630122511692696,-0.07186247678427121,0.1131965814796893,0.01571903491176463,-0.017168655224469975
0.18851275695357284,2.188563108664985,0.08348228224141918,-0.3120764448299008,-5.360644888857146,2.7895277784580985,-0.21626234715305542,0.051757541519291794,-0.10446279476955644,0.08368092695361018,0.009498988156479093,-0.005668386735362518
0.16237652934124003,1.7562645427345542,0.03692433236123116,-0.11942418279649239,-4.265179759723704,0.7740406212717504,-0.08137181921332313,0.057928074778440586,-0.11507090752671523,0.1014335576690818,0.014094985161274498,-0.01314460548279861
0.195888355728813,1.9390887829552486,-0.0245122458403213,0.6119011846485034,-4.2448100559208735,-0.8075924830217786,-0.659631069002567,0.0668118387834511,-0.050528874243315314,0.10643196099669305,0.006180439900474788,-0.02783603034311244
0.07043125413569408,2.3356319099288108,0.1416458396593716,0.36132231011426086,-4.958207130674989,0.6296859748497876,-0.47586079248653,0.03783855953477255,-0.10578512311320554,0.10011007317143403,0.016843515300386747,-0.021515267170603924
0.3003228195802852,1.448836137145857,-0.09593112196344,-0.20017795394826648,-4.119099470948548,2.221887918367188,-0.25711582623895657,0.07105369165240141,-0.08743850021866156,0.10871373449119834,0.022404391672868673,-0.013631224387539054
0.23381436251508492,1.6374607873661589,-0.03211626092818176,0.10842363311943895,-4.218698310625575,0.36940296963665864,-0.3926523946134587,0.06855596544331494,-0.09180397136249746,0.12194453751287382,0.01710304723871603,-0.02321052401234014
0.24785813267948487,1.9002922668914572,-0.07504795389708896,0.28295824743545417,-4.354275639865024,0.27627869943013994,-0.4040867746132416,0.038221207199869406,-0.06862911256150833,0.10522619831576008,0.014246428872888073,-0.013884830632335587
0.27445053418547183,1.494434410214447,-0.0966171890363845,-0.03870071488914936,-3.9243453848782774,0.7710196554860635,-0.2850257668060416,0.08684189963299996,-0.06999829506289906,0.11134749086123863,0.02325812837380814,-0.014584364676971662
0.1831823695545918,2.3710883584807982,0.020067982065194334,0.10256790236265195,-5.114692548738417,0.5004436447177067,-0.2404923541231515,0.049345684524374656,-0.05190906046239502,0.09836541778451163,-0.0007554580801591992,-0.013306219035172373
0.5020990706937937,0.8847577725058512,-0.3482269527929046,0.024903148552808313,-3.170845094612621,0.21635545391256158,-0.1823111184250349,0.09303291959370363,-0.07169901920044329,0.1069144066644917,0.005483275402535681,-0.03464455867140501
0.2062087694582472,1.9789680533447278,0.027883210837482464,-0.06209197979152464,-4.956416985176746,1.9249145286645037,-0.34842967763568133,0.05519130816601536,-0.08559580804159922,0.12384712139814075,0.014539653122638274,-0.015551005880168
0.1829511656522846,2.0550488065863126,0.09377643765822818,-0.06756745527264771,-5.190372769408236,1.856406318931237,-0.24869721154100324,0.023972273092388807,-0.13970022823990358,0.08546476861038976,0.019128917963709413,-0.03198632742843588
0.08990483785431938,2.655062824778029,0.15475009104275106,0.2035914798502779,-5.583509453347294,1.5159940483204335,-0.6298677495241273,0.058421557334288055,-0.09578404260154305,0.11411159718530439,-0.003796484482760487,-0.013593475620429674
0.16721191789430734,1.499089670093881,-0.012568854764294035,0.337399917006782,-3.5480557822790812,0.05244640310202928,-0.5385160239511028,0.0635086327603781,-0.0836025606786237,0.11048492668336785,0.01736604411087045,-0.01798110939769726
0.24453789067821133,1.4393146436957487,-0.07598644617006345,0.22907905434003545,-3.743313784958447,1.1120924797104699,-0.5375054277969641,0.07229666353571107,-0.0754233136784937,0.09649798647565949,0.02969670064725205,-0.013450201559518427
0.2692929694381142,1.9259050429159057,-0.07430751482501541,0.17377985075986074,-4.611281891609167,0.7680724685898735,-0.31577868201505976,0.03513753030604064,-0.0847948847201127,0.08826822277198842,0.003695214642500999,-0.004740936268237239
0.3023519500186644,1.1907543674884917,-0.14029230592594288,0.23968223045287868,-3.474425087634773,0.24216321365390445,-0.5099841088355723,0.060285506721316134,-0.07691381077660675,0.11146269525969696,0.027886910313154045,-0.009712698607141579
0.019971828409192902,2.6119043766486176,0.20875009276156553,0.41349599377979795,-5.40889833791677,1.392560954966144,-0.7637541669271523,0.06591461365628232,-0.076988512478119,0.10411473273822422,0.02786161833255374,-0.028838914010979266
0.19272272103994953,1.712824429737582,0.03965134376000101,-0.18892880247789703,-4.61675092906239,1.7756691682579637,-0.18298349136437048,0.06325190198487726,-0.10661063515478053,0.10110030206446322,0.02380440369831127,-0.00545774422593881
0.1788724795995402,1.7454880198575355,0.0036367378640783654,-0.023051062904169195,-4.1470774790358735,0.5881869475251683,-0.21210845520308885,0.05505092829451441,-0.092377279662617,0.09195746898761198,0.028105042454620532,-0.006576276544458359
0.13950160236954778,1.595198577354107,0.07775455655142072,0.29382184250925053,-4.218072193440942,0.872044230300888,-0.5398260791344515,0.07354759128571342,-0.0941203122076899,0.08154837302650095,0.01949578394607443,-0.021489003037187926
0.06924293870388241,2.0059069983969593,0.16380517032845,0.06786212633068911,-4.694102747341608,1.9313666601453543,-0.48029679901641265,0.06216772954967803,-0.08528513218347838,0.09085096988770602,0.012858729390933687,-0.009686754843612588
0.2597431802057659,1.4374466013124412,-0.09840459388942235,0.7391693983913921,-3.671780401837742,-1.242096066363376,-0.6695244805018647,0.04019532493664221,-0.08382424846170927,0.09551185202793402,0.020311831934882008,-0.02725960673327943
0.06957492293825404,2.2037453826988234,0.14286460940976142,0.34266036712717696,-4.775460988783056,0.8115556091250263,-0.63454358858655,0.055952795916116904,-0.08826819835609007,0.1085684973125306,0.017248798796697606,-0.028593927868630575
0.33241116868795534,1.2000956279983284,-0.13237071505886022,-0.22371772639778553,-3.7887864248191243,1.6819771878988696,-0.28234197575053965,0.0767613431413487,-0.06898145308736758,0.11404759965344435,0.027582514424801086,-0.019262629846237167
0.22798088021409538,1.718577820977375,-0.008831447988106866,-0.07814596051647471,-4.438655297436071,1.225717638283434,-0.2510215213881092,0.05321838571673629,-0.08112317193650265,0.10138377261843648,0.025474428055680787,-0.024835577958246313
0.3004865500161064,1.6501729147242699,-0.12165887455439495,0.06315796135459006,-4.264620983147161,0.5012761848298916,-0.24098651091156315,0.06457884344407078,-0.07440109885041296,0.10794207598862834,0.024544061244227477,-0.011050633641647989
0.2719581405220825,1.2822062910153875,-0.1487099024203008,0.26837819274372376,-3.4112721231996797,0.13862926241174822,-0.4695663516962832,0.0931749790966025,-0.0623654268021058,0.12890255124257516,0.019929201554319542,0.008338505118555217
0.2876614819633723,1.829328374704489,-0.08026549603223376,-0.08485532370159216,-4.45833792453192,0.6384400231411976,-0.14946886691238165,0.05969543753633316,-0.09965839136637616,0.10398917323636736,0.019053362019627373,-0.03748712455640024
0.1718466036451141,1.9436390439114974,0.03108622640683545,-0.047780882379295564,-4.513478772049252,1.0265924507950885,-0.34493932642251185,0.09034541449202022,-0.0787064828561907,0.1230516997973406,0.010285818483106612,-0.023670302232376095
0.13973297154894923,1.9053403733119085,0.09300517607837011,0.009725716297456971,-4.6508890068065725,1.463582902159871,-0.270220061275067,0.033847394970738964,-0.11532322041751703,0.09977184791049512,0.014897387762885406,-0.01366204239471136
0.16119856890699794,1.7352614250276461,0.011203684989685159,0.2530816002119013,-4.089236966013892,1.689924587600798,-0.6794852809933775,0.08549213478989504,-0.07963520745773156,0.10228901930270876,0.017671591081342086,0.0053907195574608435
0.1811618676126512,1.8868643510148466,0.025587793125457337,0.05086770668005808,-4.547193575676367,1.0027226254104908,-0.37042196414813466,0.07448790615049034,-0.08538179762162995,0.11464511174094802,0.009586146873022727,-0.01561939906054699
-0.06118032970626346,2.485725347778291,0.2523993514919638,0.8576074443816054,-4.8594938296640295,-0.3668797972443971,-0.8844153720230442,0.028529721159213817,-0.07477365400651192,0.08671479956531153,0.02370536028544301,-0.01667691671305449
0.22352139755979428,1.7691598044508015,-0.06901070250494334,0.7619296370208847,-4.114260578006833,-0.33200792221472625,-0.808716373496583,0.0429010638829683,-0.09666720357010988,0.10721532371291148,0.013217884295127158,0.005986998382015107
0.13501194036066644,1.8518216286009617,0.09995409623607154,0.014882721100882484,-4.5715917825831385,1.3835336019745939,-0.33857228299813635,0.055514383525736066,-0.10791443360136238,0.08954865042296004,0.011933206118494022,-0.011279331109686264
0.21869582264236107,2.137579149539146,-0.01422438418619576,-0.27552159053773373,-4.902122011219237,1.3173826568311733,-0.11381664603036853,0.08969148420933515,-0.06447747487767447,0.13139125677495123,-0.0004936947075036002,-0.017914635966728043
0.23290141422546745,1.8873654541061282,-0.0741449476924525,0.3160989814886236,-4.16975938604475,-0.8310904616549294,-0.31253039366083857,0.06291203734698864,-0.09686509550039402,0.11484707614602041,0.0071226785692879435,-0.018958327731451785
0.1215059140844283,1.7757831728374502,0.10299707134916913,0.17837603666823054,-4.544063537776986,1.708800969117744,-0.6584171559431489,0.0998007001802273,-0.08970355607667818,0.11424372707372549,0.02251474132092346,-0.002311821917508672
0.1272252703866635,1.9844944275926346,0.08466243861985245,0.028701526700176422,-4.600718006586843,1.5497002063723517,-0.2912569149078942,0.05283643794326576,-0.0969589966310645,0.10832793776043959,0.014039355042923418,-0.022315822298889954
-0.04847033613935864,2.9598200762978446,0.2538053419738633,0.20715837943315504,-5.427904178939608,-0.4818440502908419,-0.27449949021794073,0.050636108066635765,-0.08324864385015279,0.09671864949479941,-0.004651030456030769,-0.014655063722688766
0.11945047928897012,1.9481052855741376,0.07330974926289113,0.488757135444985,-4.323339480147483,0.8559248201076833,-0.7241689509556893,0.06012504112996858,-0.09062920299570687,0.07762228537307403,0.010349046245436089,-0.014322933402612148
0.1356018351987052,2.20168858018023,0.05877286984911323,0.15959541021977722,-4.860540624141811,1.4967830572739624,-0.4653673826190259,0.0673253411425011,-0.0968244701445401,0.11081537711668371,-0.006562317158980813,0.007350451059606966
0.19855841343427205,1.9685043346478646,0.04412250927570249,0.37018333854829233,-4.878483148571077,1.128415848650573,-0.5840247430237935,0.031008532426018587,-0.12329203307387188,0.07164024138081987,0.014328547595260033,-0.007123527664098184
0.34402583371003403,1.2182319507864152,-0.21760981751035746,0.012727356851052779,-3.353456458288447,0.39894075442593113,-0.24666568453287008,0.07198993522327223,-0.07787110821543361,0.10841337961832243,0.024957336807937325,0.0034995039243070902
0.17756836147427618,2.0555128751864964,0.05554866964917404,0.20385338116520058,-4.990979604963539,1.0700472560686998,-0.45710412181490717,0.039591953354632725,-0.09731099457064957,0.10405843250916874,0.0180531466293522,-0.011785175259960146
0.1208178595135216,1.777931680763861,0.0362284749935573,0.21113036206794591,-3.9124743705733884,-0.31669005631437686,-0.3330437883380858,0.05931922310963231,-0.07747625756414184,0.09405098790297589,0.02761077953797364,-0.0022567868106366795
0.1124698521310732,2.1420031330582496,0.09001562440281052,0.2991061051844373,-4.644590847552992,0.3090912835634553,-0.5340959843193823,0.055937288969686805,-0.09341413311795066,0.10140985873314912,0.007722459094036238,-0.01583027754578714
0.268213027920383,1.4097566222076368,-0.11601672843256972,-0.25411362715131325,-3.64537294722,1.394420003431379,-0.3149792580983449,0.12682220767784283,-0.024226671126557686,0.14344824515499252,0.0160903586883257,-0.004215796063161692
0.26460352025645745,2.5637947061678044,-0.03457349755655503,0.015278129177892952,-5.454528261826907,0.3282795909096712,-0.145981284468585,0.03299124359324007,-0.0870882743626949,0.10241441849808142,-0.008994827171564523,-0.036255819124733746
0.12262259434011055,1.842719345951111,0.06872310258624537,0.4048190482510765,-4.14384649332582,0.4267927638311997,-0.5713318929657007,0.04127973654434336,-0.09725589673608243,0.07695337839157715,0.014345939571876354,-0.019921156617548452
0.22691560914335987,1.6106763220777693,-0.028319163729938146,0.2081886247452348,-4.096597111490611,0.28996809525292905,-0.45263541417189734,0.06843646913886,-0.08345641710231028,0.10229993946660879,0.02140526969847334,-0.015954955720881236
0.3588183956463137,1.0513316857299415,-0.188953658054974,0.2725955494495072,-3.352268482336625,0.44381916535230015,-0.519596932679412,0.06784218304767112,-0.09787653309057212,0.08326662411373338,0.015266266359663216,-0.01501681571476382
0.08368138210366809,2.8138386260994848,0.18247963267439382,-0.20955544345917024,-5.980615254147468,2.2156712256615205,-0.2638103342302087,0.05083743473673008,-0.0921758066077491,0.10686324186089846,0.005300253739908056,-0.025663691338975614
0.10189660107416318,2.382337391206933,0.14475043129121534,0.020943724530080615,-5.331031862649038,1.6277408094855739,-0.42150361701486305,0.050671634367970564,-0.07706135275335863,0.09196137223657075,0.0239680812925116,-0.02608988914239696
0.22501990813753278,1.6845951906370695,-0.013412869558656393,-0.16318784809988807,-4.369173205553014,2.001547794872221,-0.32024047813538237,0.07578765455497175,-0.08947984516090524,0.1134687490012905,0.013476725642919574,-0.009455229185201919
0.09291070352921658,2.3819347835391214,0.13025558596211328,0.2681410246042288,-5.0517933165885385,0.2898846500862173,-0.4478835439001856,0.042014319427826685,-0.08320829810235325,0.09048634633057995,0.026477848427062134,-0.035802864084187425
0.30745133197702534,1.1805276241652372,-0.08719688778290235,0.3404533609683075,-3.8461084315723157,1.386211908431718,-0.7083067653990235,0.037354243276963364,-0.10033731039622723,0.09259263395825744,0.02869898358306905,-0.022455373495293807
0.20413939183890928,2.022140440898056,0.03393967110334928,-0.027765450636361627,-5.006473634064033,2.2130627810875296,-0.5269113573987081,0.07707410189850394,-0.07583395605026438,0.1258163911179654,0.007313503568774027,-0.015654235579359743
0.12607446978881157,1.6605396550644342,0.05405035854217555,-0.07288060144960752,-3.997639593611392,0.6186704995525822,-0.15404143178963253,0.07693361343589128,-0.07499516021190422,0.11534634690919032,0.032491933474952606,-0.02421055398566918
0.3372040882240549,1.0253749696337524,-0.1529142513269422,-0.08474061000234082,-3.492550883614324,0.8305372522825554,-0.15958272162102866,0.036002440621368606,-0.11318334622808673,0.10783980989148814,0.03554402198916451,-0.010229037334993862
0.18751954103336446,1.6804251895492461,-0.0014417404718443105,0.09523848160820435,-4.112940658912556,-0.12833220966736397,-0.23564890182762277,0.06145954799339276,-0.10380638373858059,0.10214881106974541,0.012016309228639832,-0.011325963144534934
0.15149943458807755,1.9626237484258129,0.03444485352277682,0.37370951205580083,-4.206349714636915,-0.0750706587345086,-0.46788413794498496,0.04150585817693514,-0.11087134831863027,0.0831718366365709,0.0017705050966700941,-0.02432939311334814
0.2700167831975984,1.2354121726554013,-0.07961305801685659,0.1947224953418747,-3.6396703101825203,0.9114475918907516,-0.46492798779948097,0.06363353877694003,-0.099513112510181,0.09626335358872987,0.03211434698442822,-0.02827613695702197
0.4113339772756155,0.7583107031262266,-0.27078406821493944,-0.035581832942794246,-2.953235048773426,0.1521624912733752,-0.0992898545668193,0.05588147808463991,-0.08164163743977154,0.10143667384190717,0.0311953152629105,-0.00909401685736791
0.2734965506669946,1.7866735949452766,-0.08605784604656774,0.3375425701397077,-4.265659623606427,-0.2137783187960363,-0.48880596336593507,0.07074308780156702,-0.0874716391073887,0.11576784283600719,0.00668037054970505,-0.030771679377874506
0.26879253255231184,1.7336967118505926,-0.04453992318753608,0.16779987256510503,-4.42806363494958,1.1983674287717754,-0.494948735539429,0.05060795300351867,-0.10522727263551168,0.09733470039674669,0.006188443007134725,-0.023021140254091743
0.04787153022530459,2.3190894153438597,0.18745759218531544,0.3388418252320089,-5.088453504742439,1.1579885727621575,-0.7096074487608808,0.06833678405821508,-0.09394261364135809,0.10897882461770175,0.0010655275618143278,-0.0067445475396602506
0.1296578557064783,1.8148153858093452,0.033819437170183875,0.4993117728285993,-4.100744384873786,-0.4453599356345128,-0.6196136892784823,0.055897008077021026,-0.060364348856210004,0.09949565054186466,0.02086704955321328,0.004238919694804166
0.28408346537893775,1.3572145020456325,-0.13321042956741636,0.10322708352861164,-3.5424538231961105,0.6016163821576659,-0.3744978899797192,0.0856863701013868,-0.08387319270589727,0.112092434129094,0.01470037060335233,-0.013101639871632986
0.1540908077175135,2.277064636609565,0.03670618636512102,-0.01393194817991572,-4.863585754782148,0.1637860642480603,-0.1397172359215469,0.054316154545531625,-0.08376234024294038,0.09294456400353568,0.013604461124701928,-0.005967472586456468
0.22952375988232665,1.7335042197190438,-0.02391349459434422,-0.06822790977604667,-4.26814535792039,0.9603362316719911,-0.1900757529991244,0.05149306108943685,-0.08778656755748576,0.08048374679598974,0.022907063799277316,-0.024733991791050625
0.18335949530282916,1.4865528600511704,-0.027473430334923554,0.08702512234445557,-3.5500605452505947,1.5871913511284699,-0.657171151855749,0.13680543115532717,-0.07579054085250847,0.12082506403483015,0.011277373340648877,-0.019899516237787185
0.1632811656788747,1.934725507284942,0.011690374954015592,0.011279715270782475,-4.287429213386912,1.1941287981519637,-0.343452996592776,0.05926459082180918,-0.055977840950215796,0.09111862028938938,0.012795584199286725,-0.008352332491438297
0.2340377339692763,1.4660599551220945,-0.03184021164850981,-0.29832111940668055,-4.110618003773943,2.1787157171483096,-0.14880095923609138,0.07651662061285128,-0.08656280933187471,0.10890301128941512,0.03500329790225526,-0.014373371987561445
0.22063738173856984,1.834979964365662,-0.02106177052860514,0.2656877139732451,-4.319314114364389,0.6385000689456414,-0.4452294061835408,0.039477557365617755,-0.0846367429054185,0.08490587624078333,0.0008116439956442623,-0.024430845854280014
0.31215262207865263,1.489460737585417,-0.1703519367628049,0.21707735064104772,-3.7401502476159116,0.4993460805977405,-0.4891382593983854,0.08522866313838656,-0.054583752214382,0.12514449295419097,0.011784635197968407,-0.007427121217856103
0.22532688319787447,1.7802914332633928,-0.009014409318552796,0.09165191545485378,-4.3344140831462825,1.484443891438493,-0.43832219847807075,0.04423666391167724,-0.11175712553596207,0.10556731301922051,0.009560987684234856,-0.038342891771122156
0.24119623939584672,1.502759300858726,-0.04433911226188969,0.07170657056861093,-4.008060197831968,1.078140415568924,-0.5015306194194388,0.06861664980176868,-0.08473049277555697,0.11061705156720916,0.015054011457171779,-0.006872607193014968
0.19457200884097975,1.9089139470397358,-0.037877047085500104,0.2745579902574002,-4.125820719833536,-0.12100579639296885,-0.4781316598769657,0.08539584598340222,-0.08472445334196244,0.11847288631578218,0.006543742934092656,-0.01836786681889102
0.16976605004465875,2.0493981908816217,0.06068213916753051,-0.10767006641607851,-4.944549567263599,1.9378473647045877,-0.3108823609674628,0.0699584075164148,-0.09600632874435971,0.11643372097454324,0.0164637105858374,-0.019630760356166288
0.15680689634390055,2.0849090758251525,0.07166668865959269,-0.03687989005852432,-4.762263327008122,0.5907052667764583,-0.3905432530318135,0.10398334764407036,-0.08921360860920546,0.1313765102021065,0.013825664159187956,-0.03306193788537937
0.11063586523274617,2.4843514529996398,0.12331090921447374,0.13003677476630757,-5.330785040740087,-0.14714358723550297,-0.266120927377999,0.07654092861150436,-0.11201106347799261,0.10965965309036396,-0.0024315052492491773,-0.02469602326839415
0.2827070820675454,1.4668323371435883,-0.10206592355382882,-0.2531753637775504,-4.015983856491928,1.189102718941673,-0.08801420797977447,0.07886734599032796,-0.08316674845089939,0.10324944804038763,0.008512673808331317,0.011471277483055042
0.37322414794965436,1.0952837332700631,-0.18426026628873537,0.12447968363139711,-3.5914378355365772,1.466201117517099,-0.5462610094965293,0.06390314008859334,-0.10386265326413333,0.11696186434940156,0.014799879018914996,-0.012663592936623669
0.19183364903481984,2.1545075556327946,0.06461008176644811,-0.040885473878050416,-5.088810285525656,2.6596934735531748,-0.37256941338573174,0.024735840670650655,-0.10669952261597598,0.08218557831764073,0.013905832573578802,-0.031996496050795464
0.14970523758673301,2.087640180207104,0.05078275726892545,0.19480840826685547,-4.591228628219149,0.16832260646498867,-0.44035241755515453,0.06345302946935089,-0.07494710171826274,0.11325469476270122,0.002537670182193641,-0.018111330557423533
0.14952169678648827,1.9702180583990128,0.10340695463990524,-0.2558721694569623,-4.929300121499622,2.774403189810677,-0.3537928308171363,0.09315140935677194,-0.09109023013502648,0.11615284936826126,0.02993071149037818,-0.02370276291020612
0.2780791756941192,1.2615309926560898,-0.11272783429287525,-0.172494656523209,-3.5123231502667065,1.4567396004413682,-0.30502485375690597,0.08650362765607134,-0.07212627950270356,0.11959751984982817,0.029842297107726345,-0.009378776530411581
0.1523805308801325,1.6275077024885873,0.04490107125613674,0.44866099460791076,-3.921149525442216,0.1892258030326497,-0.6783437589500936,0.046182941000568134,-0.09338230973555534,0.09430982143373645,0.023243406363171903,-0.029732595397082173
0.5184084592917112,0.5961375100769206,-0.3631299015913542,-0.20938944917010932,-2.853567185173966,0.6901905541771544,-0.13859512759803902,0.07238082862005794,-0.05972461610056142,0.11972387665603051,0.018789406723603158,-0.021999228681363017
0.09740453718212899,2.6747880711340115,0.1581497467483972,-0.07325841040162126,-5.6745997103417425,2.289155073011783,-0.45732291714158035,0.07332483351188634,-0.0846385326741817,0.11007839521942764,0.0012423947921476053,-0.04209197494701489
0.33292767489979513,0.6220242046044665,-0.1936712338490747,0.3044814410727692,-2.5034233769472376,0.5145959091912569,-0.6388236525317309,0.05777705115154358,-0.08001167325148906,0.09579121056389066,0.037406630811902805,-0.004917692674394347
0.21879025024749754,1.9762081419866029,0.025079109371296093,-0.3122423412834858,-4.927840303578874,2.801754144570784,-0.3740817037611412,0.08118399917425201,-0.08859976635657335,0.12636851799148957,0.018123122645101852,-0.025400169065735834
0.16579398713247898,2.0025442290410176,0.04918364410190201,0.19829946848917474,-4.615759501344522,0.997028995694839,-0.43722579668066774,0.04373051969486652,-0.11004743822927049,0.09380641938547912,0.01203230815520695,-0.031245533415190097
0.3330101845225736,1.3446104310703244,-0.15671591991141398,0.26391537028866985,-3.6871380234382625,0.027509225772289227,-0.4972897215079993,0.06768001832236348,-0.10321950598782836,0.09488073340465071,0.015205124210116994,-0.019296270776912983
0.3244747383331364,1.2352484286420182,-0.12902263648545464,0.09146677841284813,-3.7557010607898675,0.803390969767266,-0.25079311865070286,0.03064964699451328,-0.11040306119448584,0.08762542437298299,0.026999944511153784,-0.019165465309410767
0.1998939566684201,1.8511714039388583,-0.029465513432770596,0.058769090443215655,-4.185512485665267,0.3312861871625598,-0.31301392547924284,0.06617979532454471,-0.0812378336147343,0.1076954980340469,0.022470854707169252,-0.015451049728210209
0.35501570796421944,1.13317171124684,-0.20894359889984648,0.37875725190688697,-3.308007372195444,-0.46951214040588146,-0.5365417991277502,0.08111942618828742,-0.07801885393313851,0.10728446550080781,0.02392721359593053,-0.02372827452801063
0.26842330718892715,1.5316851160471816,-0.0685284883029692,-0.072518598848494,-4.190564685935842,1.3397388254225655,-0.23320032010173197,0.04147837089957551,-0.10023208150766966,0.09838238516148945,0.03424693702808168,-0.010795167680714701
0.23425657700017513,1.6417355209131148,-0.011484847322742353,-0.2706263846123299,-4.408937138650117,1.5198506318718774,-0.17964968226159,0.09554784631353797,-0.08948501729255437,0.12033170656741318,0.02095486623603504,-0.032436040769340924
0.17525692567691908,1.990754606526584,0.031024339051364702,0.3179566684399665,-4.5679537937257875,0.5544561185403655,-0.528006079162776,0.056090358297523735,-0.10244219154490791,0.07254432548677758,0.011844093214428364,-0.0038488845335609145
0.049155747888382936,2.2759255889863614,0.15077130302369435,0.37811958639660737,-4.857553231587439,0.3988213139991091,-0.5182095774640232,0.04740579528171879,-0.08565943599669795,0.09481830374402278,0.014389838634387253,-0.0017827179663196802
0.19199371108232516,1.6978002141482742,-0.010821308159932097,0.24535379193324663,-4.102261462943018,-0.2030456428432658,-0.29825152547626205,0.04211643643273638,-0.07162169254493417,0.09775690171916071,0.04101700692801469,-0.041154806689243095
0.04253231177325712,2.236691800195524,0.20922278489286184,0.07333083878536498,-4.865169101358745,2.435502177029616,-0.653638159824558,0.06998263623348816,-0.0906588508855869,0.10970056011742363,0.002861444399444135,-0.038138082262511586
0.15335414334825107,1.8595769735984784,0.03826347507939687,0.31897160143104497,-4.307569540142473,-0.33715989179691397,-0.4427450586598747,0.03894236382383154,-0.11627616259062817,0.09861584588751049,0.016825525498649463,0.0034176856875459682
0.18814654005985537,1.8947494619314522,0.02995151018533071,0.07166774442507616,-4.511290691039252,1.9878524038821441,-0.49340284967943826,0.06317709309860009,-0.06417022218208912,0.08110193274032562,0.02116111230036999,-0.02868581994936059
0.09714230229911272,1.9597296423183779,0.09771736574936374,0.08583005462426813,-4.368925525168909,0.8348063850483599,-0.42259223776897864,0.08041717346941402,-0.08406096362564203,0.09310131607017788,0.010591580042757176,-0.006759322836534354
0.2029853050809447,1.9582830966949083,-0.013055347605246181,-0.10043345135449183,-4.353832221530944,1.253020029062883,-0.2964492993228905,0.08193300617762128,-0.07532291243421671,0.12271397992075508,-0.0004398034468753309,-0.03086845997821075
0.20167385618520975,1.684893358679779,0.0082789752754171,-0.03257372945071907,-4.319074000433804,1.0697947280329732,-0.2758504830434708,0.04873349457293896,-0.08836619518507027,0.09482433949652458,0.032507424788100314,-0.016237482582961094
0.32850507904931986,1.5846036375341082,-0.1614726721109655,0.1318194336503259,-3.992036664428708,0.2151435904275596,-0.16349536817931123,0.03519369089184454,-0.0772304059952062,0.10050194742319049,0.021069707212263977,-0.031619377054733444
0.17526704532318932,2.1406336009096276,0.053098477740558314,0.20872302399473228,-4.936538071929542,0.8632401735459708,-0.47950410892103934,0.04049620912053625,-0.09792415220892842,0.09835727035419978,0.013001924576782398,-0.023682519091321352
0.03665110256156396,2.4422828093183417,0.2109344061362668,0.2557812321730757,-5.106992308147465,1.515898970694687,-0.7053648871213517,0.06336758135502668,-0.10550249844193227,0.10981810967290767,-0.004805887100501116,-0.039943377478982356
0.16856284043542155,1.7353322537994347,-0.01518297285280279,0.14628723933213558,-3.8503308824286497,0.2533039298979548,-0.3897045957059559,0.0706006562787162,-0.08644539859865302,0.10051374706071764,0.016770891544927946,-0.004231958977255701
0.4276510437555457,0.8146210168101351,-0.2872387172007313,0.24740960903983955,-3.0297297430212358,0.0790614622790704,-0.5345107773719776,0.10010723663165316,-0.0694773807987081,0.13129145934230724,0.024793401263150244,-0.02126370481223605
0.23688504281806025,1.4840822225583974,-0.04712540847216118,-0.12785799265725334,-3.973300719217836,1.5129167646856647,-0.14527598652684748,0.05660307508065293,-0.11140804151303962,0.07850954953689152,0.02403000525639859,-0.003664550559631441
0.28453920289694157,1.1098558961591753,-0.09832705790438223,0.20497052036003122,-3.4874075054195726,0.627794481764522,-0.33429513342955064,0.035858889628040555,-0.09723289087479003,0.08013343802175875,0.034906423173138634,-0.0299527769193621
0.06794899537578888,2.419684690799428,0.17458131976141167,0.3645286065897382,-5.293697198890949,1.2616163896863521,-0.7840855579642906,0.07021129379101626,-0.0911940508763382,0.10213459458020119,0.004310676437311756,-0.008521205875084537
0.10697270994812347,2.4269401711040715,0.08660529710278331,0.3983200510737114,-4.873645583825542,0.6018725864602931,-0.6594488377055451,0.06551057153962214,-0.10005163707831577,0.0945458317232809,-0.005775847076549656,-0.014844273118567175
0.2175490655836473,1.7136402383275051,-0.03716737457058039,-0.030263877177630127,-4.1857998222733075,1.1424225178654963,-0.32199764514282453,0.07571904070328708,-0.08737411795229383,0.12756659667317954,0.01976064615180595,-0.00274633447596484
0.31125554556475277,1.1241524916947552,-0.16952603150271506,0.19053028049887039,-3.3145036987188004,0.8038309961796665,-0.42715539311802725,0.07225868562938438,-0.07152565363293409,0.09541202794861625,0.02713963911012024,-0.00601083567521038
0.18622284889468124,1.2471298055500188,-0.02166003217834056,-0.12215948224541562,-3.392731140473687,1.2076773950407074,-0.24358103755614474,0.08614922477857043,-0.0791717087597385,0.1023816933290812,0.03786207715754131,-0.020223466348188612
0.22276095896944956,1.212460427503617,-0.059161586005370914,0.19113397003493787,-3.4782084258724884,0.23094502148986856,-0.4167230433612401,0.06217786057413069,-0.08340232929916908,0.10489409312770193,0.03066058456002224,0.002906464800633002
0.06774807529793059,2.3772580949312605,0.15636855842998298,-0.19818167594585387,-5.131999085151743,1.9567073509646333,-0.2912734055716667,0.07461020955066605,-0.06354362283105736,0.1194799485884398,0.0135165703600032,-0.01490150837379356
0.15901870432454637,1.983023218848468,0.11044929562823635,-0.15125484001006648,-5.078088390811996,2.9620094484648676,-0.44821051641533993,0.05647522182708101,-0.11734106996074073,0.10123120441927491,0.028104400019543063,-0.02609469257780417
0.2693793566776806,1.5459172542217205,-0.08796884977817987,0.43055777134796347,-4.084296051364375,-0.20258922910826566,-0.583672706494909,0.0837272693820382,-0.09628948284334815,0.1135477123345569,0.024106717029738878,-0.022738479493217723
0.04823464555188454,2.0078877842042337,0.1556974616889979,0.5326904878898273,-4.452883365237115,0.28904789036549183,-0.6599716420843503,0.04549664727186287,-0.1035630504768153,0.07733339196438074,0.009297211427503504,-0.010051414854679641
0.2250457790170713,1.6254010258762233,-0.0306264905796938,0.3939136580351071,-4.175138975935704,0.770266455046905,-0.4924323093703562,0.01770689711989648,-0.08983018607574839,0.09640256315048515,0.04423745156878056,-0.037816971413855316
0.26501025237474846,1.3799608537185126,-0.07890659053299631,-0.375538549937358,-3.889249550400711,1.9068641276073843,-0.1948587611038537,0.08753539032189317,-0.05444883040140916,0.13228740670616904,0.018374816717465714,0.008606211596899838
0.11667960403548236,1.958368140076889,0.10578862757981655,0.6832587160098822,-4.492285265154139,-0.20723410562834868,-0.805575644177134,0.035826071945080584,-0.12497638130458955,0.08040366222370984,0.007476732248110185,-0.015711567702046736
0.25058591393871,1.6267269064706522,-0.04396088863378511,-0.24187606580588553,-4.365511070367394,1.9714737680694057,-0.17720117100419985,0.06808762785301489,-0.06123661451086054,0.10932132479168108,0.026081887807200332,-0.01615461611329405
0.1921897964977347,2.1909659076804666,0.045463346361517276,-0.204005122672517,-5.116602669478792,1.9318720542876142,-0.31027414806547005,0.08775933030417304,-0.10065200073674391,0.12941239395674672,0.007962735423431733,-0.020164916928124166
0.11977117195629161,1.9238160065046332,0.09095635823560344,0.21187141556635727,-4.386105374183275,1.200772872687163,-0.4409579939826417,0.02868801433190865,-0.11234975794563595,0.07898081861606632,0.0061317817465085245,-0.017615487818987363
0.30807113988935775,1.4558175263047208,-0.16119823555094337,0.6342247448089513,-3.7612732831700493,-0.9023514314407746,-0.7057803269496842,0.08341089758659012,-0.061997590953784404,0.10507794907484508,0.025300065780580694,-0.021262023211538528
0.23907538543870788,1.4559045420796184,0.000825602119147284,0.12874289379759096,-4.241270309548163,1.335265295697087,-0.5152528743452722,0.06673389605752186,-0.11656996890043403,0.11386327222633977,0.013085256383339072,-0.028563035193014563
0.24339196317681172,1.27515312301777,-0.04284428197191048,0.5099361117515487,-3.81747006470936,1.9700916775634159,-0.9810379258924365,0.0749509111998932,-0.08048407464848936,0.10728453248873093,0.025865329571405193,-0.013048818385561378
0.17923374998080582,1.7787180011482864,-0.034446536267982,0.9583314771435412,-3.924684482790651,-0.9760989960228341,-1.0098253796992165,0.048266686594351876,-0.07353345736774886,0.10272408163599012,0.024271468259082773,-0.0107920995474442
0.21282271489050072,1.5861637873139625,-0.023461694713802106,-0.19616485597952765,-4.094844526128116,1.1779362235089197,-0.12583751954486128,0.07915932842843887,-0.08988920569011738,0.09570278507767316,0.02260097577556408,-0.001921336222783343
0.21430824944732066,2.083311507031488,0.034180895816776635,0.39155844963190717,-5.013325214091897,1.3605688576209463,-0.7418297304665211,0.031775113517526876,-0.08592096373064345,0.0875250656314272,0.016876132166342206,-0.026470290975883937
0.3267725534416409,1.1654249989323364,-0.16819513287867294,0.14339327373457844,-3.400798670564094,1.2369534060168441,-0.4923288157897243,0.0793485090970823,-0.08651448839035472,0.10438072312864491,0.0026884613182530104,-0.0063092618288373425
0.17784975440988776,1.8741827393738957,0.010499597905392344,0.27203021372536385,-4.194299605477271,0.4850489189792814,-0.44833550028098823,0.058806005937517336,-0.07594625011770578,0.10399010897175212,-0.003030740865784365,-0.02909841918564371
0.2588463477444805,1.381897197339858,-0.041687425905172826,-0.0061158741212582884,-3.9702635138853553,1.5383493933852248,-0.35041490544183956,0.06634023337329759,-0.1292619596447022,0.09590910997938315,0.008137801949588241,-0.014497513470124901
0.33898372848474434,1.407023558527684,-0.17315413979517114,0.26528811020392956,-3.7540108897706963,0.43982675843177327,-0.42751221340494105,0.05330356243636791,-0.06398408405210138,0.09402869165112074,0.013547266284167414,-0.02048572298951873
0.16747000935642853,2.002161555679175,0.025851001084596703,0.25474524919146246,-4.601545632139989,0.5432185283955088,-0.43680286147249725,0.046626213762529456,-0.08851050648834319,0.09944991064410136,0.010640632709792541,0.0015675420678413765
0.24895509826623047,1.6659912686066074,-0.06481904203474353,0.005458072994080548,-4.00011350615054,0.6051392154689251,-0.3154984123631933,0.07991870913686544,-0.08040326431719422,0.10312402537535958,0.004110658203997586,-0.026352785200375428
0.09485406749151289,1.8654260761218853,0.15231127095410524,0.1779388257219936,-4.649523522608324,2.8162766253500435,-0.7422595924822045,0.047802206437752404,-0.10201427478515335,0.09744198509850288,0.018826211042100804,-0.012269952626539737
0.2097893219596145,1.8683080369432297,-0.04539278605833763,-0.03972622489607089,-4.222430676260627,0.2971466288626095,-0.15702281577614305,0.07290524082193245,-0.08409412507042141,0.11316252743735333,0.01282360650109804,-0.009052777177485205
0.24338406337133892,1.7410541761823268,-0.028510281907792923,-0.07917668987254042,-4.315972919670471,1.5552479407782915,-0.36871376746156237,0.0686855648203048,-0.08362568020480954,0.11549958490256917,0.009519772061876486,-0.03840183022813215
0.11311976626228128,2.0889917283326347,0.11568137293692371,-0.1691977234086064,-4.869747388233773,1.6983640046966801,-0.23268633016431964,0.07817650765260853,-0.10686875639745952,0.10249148175486553,0.019600588437603816,-0.014558126343098499
0.08150175258633012,2.0998793657050037,0.08745595346048618,0.2370164733123134,-4.374121867524109,0.3755522834517282,-0.5014466639365978,0.08736541147041577,-0.06552362777541015,0.10901578758437741,0.01353181875160403,-0.019302403100904142
0.20209253197996782,1.790655037411399,0.007926336336310236,-0.05264610296152791,-4.29631307326947,1.8140861320584492,-0.5013429217446108,0.08349594943276775,-0.06495754019403249,0.11437440601006721,0.02174125103688518,-0.035711395996655515
0.2361631515520005,1.1440819650704468,-0.10611425381762607,-0.05571551662771293,-3.0348700118877328,-0.362354206185116,-0.14894746020312088,0.09850143019268154,-0.06644179872499095,0.11509862400069248,0.035517207998628175,-0.019773062343137304
0.31213945262651,1.4367185697830474,-0.08741025560584581,-0.12173915460487095,-4.232858425922789,1.1604703594560475,-0.22316065523671452,0.049968172588544246,-0.10151672383002705,0.10859657328147856,0.02069488876117964,-0.02018982566508898
0.2562245833209232,1.3724087483799023,-0.08953256902680706,0.5000124053675151,-3.6429137762196726,-0.0949393310391268,-0.5833109925064983,0.04348922886106629,-0.0935064252965973,0.07060959986387741,0.025636721686215447,0.0016891455192584726
0.12018853882136586,2.0528448329313136,0.0777712700789639,0.5875084825386305,-4.41510515901986,-0.6868364205626872,-0.5641261144915678,0.037120138092061106,-0.1096968170054301,0.07704022209682374,0.010918658121553015,-0.02924136841268299
0.10554060105892014,2.284803136502897,0.12988394578220075,0.11292994390562194,-4.953984070471201,1.4211528481031475,-0.5168332941087345,0.061584391966583996,-0.1178418033613407,0.10139170839917178,0.004374666929145787,-0.025063612309978667
0.17480850389316174,1.8934563429720166,0.03692026058949538,-0.36348886135465164,-4.6005940674233745,1.8147240908647935,-0.015243555219242366,0.06929188931129937,-0.10587599693059013,0.11034874016659046,0.012406569617647523,-0.008320529235991359
0.10665416139095732,1.90282694951914,0.04633552483619985,0.14917454064404756,-4.080017137986563,0.7101089887526886,-0.42839591521384046,0.06703061055910514,-0.09147488354625855,0.11007540541509475,0.019470726295502172,0.004563666665231669
0.10913598905011186,2.1062781701763793,0.10128014939402341,0.4474323965693731,-4.630507899864765,0.38078510447403036,-0.6840657375070909,0.052889445391635925,-0.11621975665174045,0.10391197887214834,-0.003264531473250676,-0.003959969615049186
0.26550917679900443,1.673322885556152,-0.049196735373710165,-0.19087044324003583,-4.4425597277269215,1.6688664516626737,-0.2131725970610036,0.06718866179956559,-0.1026963147913989,0.11218158781946772,0.006978212475124201,-0.008151086929791496
0.23862806120671923,1.8571406594628068,-0.09888734352587392,0.5278737128661036,-4.001678965422769,-0.7560357753702068,-0.5557481825795976,0.06386626020820471,-0.07384294259497015,0.09097119896929659,0.010549778121364595,-0.01073245262884015
0.18306548024073044,1.7708715518648361,0.010704955418872841,0.01010417466594532,-4.199040880978816,1.58011862268653,-0.383998408415816,0.06456820293251653,-0.0880316962806661,0.10029827973471,0.009023796679832441,-0.009895528162913392
0.2203504692960134,1.7178224469509724,-0.02252313395887162,0.18527615574419617,-4.20466716645956,0.632290051838484,-0.29607157448822874,0.041574418965735604,-0.1092694726419784,0.08715885344594212,0.00867001819024904,-0.02334149708431188
0.2838112839967286,1.6228012200445976,-0.035796684339112206,0.32353466136258197,-4.520725956603285,0.8396493106029157,-0.5689472845559784,0.06649793365812612,-0.13734245268114867,0.08859610360889114,0.004158433705987674,-0.03678024360093246
0.11678687553210301,1.9250998385645843,0.09578441367453161,0.06385614783019083,-4.361594077673148,1.728909416974473,-0.6490196913898444,0.08844196448100361,-0.09030981317200676,0.11961772111933916,0.009355441451528113,-0.012513977000883192
0.2883789160902239,1.7452565023860653,-0.0616483726914101,-0.057836641869312116,-4.444421488460415,0.4007179903121079,-0.0929715115462089,0.0358592106712996,-0.14952679436831448,0.08005976518333577,0.006958796996399341,-0.030768075308783616
0.1222718875522927,1.8030038193003,0.07692650534575085,0.328523147339764,-4.173724261450756,0.9549226376312732,-0.6182758972350995,0.052236386936362234,-0.10145183124864499,0.08715412451188115,0.019650069426872974,-0.014850716934501573
0.1547383051329319,1.7027594296664923,0.05293088278950453,0.5519910877397476,-4.267391794189387,0.23175688943549008,-0.7788051555716728,0.0696665016558981,-0.08307185133061035,0.10492686652744124,0.024351663726618344,-0.028107194965883542
0.22103749570587505,1.8689614952342022,-0.005191271994332669,0.2174967426910279,-4.582240841801712,1.4667755111550114,-0.6165972694179187,0.08176011298355651,-0.10995741993859354,0.09815718651186739,0.006933975550982074,0.0006761277643203556
0.13788564856669233,2.164838205574188,0.09856992740330917,0.23461825911113107,-4.84033422947289,0.7543985281855554,-0.506574103990258,0.0542340106291479,-0.1435787215542762,0.10191889110858082,-0.013284642741026809,-0.01930707780602059
0.2237347267709758,1.9850878784002723,-0.033642020501755354,0.39719798691542096,-4.611419794557339,-0.5538813615075027,-0.5229425650165599,0.05136617776924074,-0.09410867751364094,0.12733865040722858,0.024301181746965828,-0.018631085736999564
0.271718543857642,1.3515798424355272,-0.05261529830052303,0.053306959300269546,-4.033445322036258,1.5754696781139195,-0.48238843549669164,0.06115384785995888,-0.08621286033383133,0.11155774767867552,0.03297119090654593,-0.032820841616941654
0.21102698016082777,1.6802578988492232,-0.03081249445943035,0.58396124098142,-4.10690692598706,-0.3916114979834085,-0.5687377400897349,0.043863244825372516,-0.12408494412783344,0.08648477383819375,0.006800717358659725,0.005472479152609289
0.22231121796441414,1.4685504780121978,-0.06376473817574302,0.37020946530043464,-3.7446270816444733,0.00638906569320854,-0.5472240719557436,0.09044057997081142,-0.0918288157131455,0.09796847418912438,0.01717711973007857,-0.0028859955474349053
0.2241407936253122,1.4307694188534053,-0.046744535546622834,0.18641757733504788,-3.7440124343326673,1.3426909922976717,-0.5673005358604328,0.07661295405888799,-0.08994857805539552,0.10118411788191131,0.01909839808110597,-0.015531381042762082
0.24082265541984949,1.7116657427569149,-0.06681186139180872,0.5080622290660182,-4.295370457962764,-0.1769991126900872,-0.5009088881049397,0.03270095875310117,-0.1003981508275415,0.10415384855908075,0.0378833394933471,-0.00384871501894557
0.23688876158317926,1.4433423983141962,-0.0628325601009061,0.1949339445013802,-3.792503214027816,1.4314699510928228,-0.6888725322508917,0.09645649688625557,-0.07557374892621452,0.11669769710773595,0.0021112240255949932,0.0032959882197333146
0.22640919663880435,1.897199254715598,-0.044118256860677496,-0.12064970298612179,-4.5182353703480915,0.371422303156575,-0.02299201465589043,0.06702483706309698,-0.10131463825011561,0.11186330398015892,0.01879131586697902,-0.008384276736386531
0.19716245075322184,1.7972846348414977,0.04347103968869559,-0.42996875043621463,-4.726798003505943,2.9277226840591775,-0.23240518838849045,0.0738423527415295,-0.0912134865467803,0.12876750055176894,0.016828809332248396,-0.008467742787909405
0.3449278417273061,1.5722951652496,-0.15038243166542797,-0.030815567197499824,-4.228477011579533,1.1240499108377222,-0.3460261380398447,0.10216931255541387,-0.07553540651543095,0.11278211406812083,0.0038093114068228906,-0.0114057906664784
0.3229280400978457,1.2701675278796514,-0.13767656440182674,0.10633417812104544,-3.8011504688821582,1.186157367160931,-0.41823609788725735,0.07160013809591298,-0.08867801727871466,0.10659199326353036,0.02646340850044948,-0.012916484701862352
0.172898480986433,1.8051893449291878,0.021825444332341126,0.3179836171253352,-4.221766410346929,0.104025365722733,-0.4704798311298596,0.077245770445031,-0.1101189317435563,0.09653645110486053,0.0007017506164151976,-0.019222470398504776
0.09275757565286225,2.3176666623599598,0.12252041393500113,0.15126041452805614,-4.963367745939256,1.1262249214065916,-0.3925759527603251,0.07052809260520287,-0.1008528305828238,0.09296654053301784,0.005878783931863807,-0.026652010228583323
0.2338368861369527,1.5186258047409629,-0.047478678786836315,-0.024196315527838186,-3.997241241926037,1.368963896045484,-0.26918621075028604,0.04876956647490163,-0.058625603771414014,0.1054630123113974,0.025111843301839465,-0.019514521831958287
0.35354579505749345,1.5515429078892542,-0.13742967845373655,0.38823394019271246,-4.453288028395211,-0.14921708891787314,-0.41573022858885506,0.028258653952901197,-0.10303270685207239,0.10435119813660504,0.03323458254603956,-0.03913909836626378
0.29218444889192385,1.5196292303158205,-0.12678650549369186,0.8675732943780052,-3.949236993429538,-0.8171898320029606,-0.8003081920297599,0.0508336030270202,-0.09819494770174719,0.08249231118668002,0.024087190914167056,-0.007646428552003703
0.29883196180370797,0.9605423960456785,-0.14070916528445226,0.5049132432585423,-3.101168112013902,-1.1497453611634971,-0.5024040779948944,0.044861341664315296,-0.09201856116251689,0.1030331414079746,0.030932021787053704,-0.02879502834901737
0.3229131344022182,1.5295412198496576,-0.1409469988078691,-0.06501206664140943,-4.070101797129193,1.4292743376431263,-0.2182887716865911,0.04087284444905173,-0.07718850109386552,0.10135161130698137,0.02481174676733877,-0.021392494047324795
0.10073547674304963,2.388356330375055,0.1515929630050734,0.03528063549534935,-5.339500733320321,2.0250123191429825,-0.6242049288024581,0.09259784172601171,-0.10273987704507609,0.1244473538491398,0.010009716558530224,-0.021160381300220577
0.17959072666048229,2.3054090888830094,0.06902801538023784,-0.048967510513678425,-5.21624404798869,1.6590098783893426,-0.465286711165978,0.080688968984652,-0.0746199946916758,0.11952937427875904,0.006498785313088007,-0.04152052419946228
0.12102931840769174,2.0721686539010125,0.1017687946780268,0.06999195042317466,-4.790273803180946,1.520658414598826,-0.4964301116643526,0.0633865180448458,-0.09671382678376955,0.10152967766931636,0.025908393532630636,-0.02136143479285446
0.21882226947335665,1.746346730668522,-0.018881710077457092,0.4646154597993601,-4.360909496215792,0.6098145321290068,-0.6719067924940668,0.050145347095912285,-0.07841829833869396,0.1012029745502287,0.016815393205362628,-0.017849541065407815
0.20981764532221278,1.7129152350075336,0.018692478495776932,-0.051257940237349864,-4.465298589473636,2.636505407924112,-0.34780889749654087,0.02756558559237371,-0.10220349990790262,0.08944848284007245,0.020134095738695068,-0.025257462451802937
0.2422528632459591,1.2620267990532785,-0.009051649297821762,-0.2879991873947685,-4.0885795621306675,2.9090803290531366,-0.27196074124393665,0.04967032641439634,-0.093675485238643,0.09953274346471419,0.03869628085583943,-0.0050936721077515235
0.18304979665302223,1.835936701577106,0.05563835645395543,-0.3393559043306609,-4.565485912151074,2.482452357253708,-0.29007194943958375,0.09308608838729637,-0.0764288846988615,0.13821259536239897,0.009150806212879448,-0.033913508662020364
0.1446420902263708,2.2206736983647826,0.07013911238083081,-0.23015992949298333,-5.011671594045504,2.404294970262806,-0.3498058918938367,0.07498371957748562,-0.09646035020004723,0.12267091443967748,0.0014940837032266785,0.01040232499202176
0.12370935630895966,2.074953342177168,0.06643525339615852,0.3054872729840228,-4.421435000080836,0.3808965457827709,-0.6189659416157617,0.08138333027147188,-0.09037788431161992,0.12035459849834901,-0.0019014116209959964,-0.02114001942475796
0.19754357199587275,1.489903381474305,0.009746151999083574,-0.08916773563282812,-3.97466446071991,2.133798771507054,-0.445955322766503,0.08385915366948826,-0.08462471104145425,0.10153863071705199,0.017397304020740634,-0.009253971803910743
0.10197068420587443,2.15151249619504,0.13317707983446336,-0.017432079474414663,-5.012731020975393,1.6711781859241084,-0.39851000600824255,0.0745232183530532,-0.08202325619116779,0.09785501551173847,0.02028455125691564,-0.015807623842690854
0.10375367866297891,2.1945326866282153,0.14233235956185442,-0.12318853106061939,-5.101044231739688,2.295825819982778,-0.3425835462264526,0.054092545012455195,-0.10840737246885623,0.08056876917558559,0.014039083464139512,-0.0005095980555489543
0.19699585461106983,1.7112516944345453,0.0016575230758183457,0.1656989006967137,-4.217294136707912,0.7719208291004921,-0.3808397886333272,0.045262694875213005,-0.09284593267361857,0.08482532586255104,0.009381120500326134,-0.012563721081561452
0.152281477955542,1.9042185330052273,0.08537147188582916,0.10861854828181763,-4.746228612342782,1.3312502862280167,-0.542044848817421,0.06115872512280823,-0.10073727347391748,0.10138121443047707,0.023014393555171098,-0.010310316742646597
0.19951889951682092,1.8676045067182903,0.01564612886544081,0.2738506264920524,-4.6084444950376735,0.3593783263502643,-0.4172446815529608,0.0420770569325013,-0.11498055286043812,0.08252743084377465,0.019151631351856158,-0.012720084107303742
0.1568627442555766,1.7826986456553766,0.030639402126225512,0.20409732524097823,-4.140741580711403,1.3479553490090206,-0.6529944793145297,0.0823373710190482,-0.07724549882616016,0.11886833828886587,0.003642921692733947,-0.007027981408195494
0.2675635711125819,1.477879618588213,-0.021575550985453384,-0.06796992576941459,-4.4504468083856015,1.728182235173568,-0.30426791308954587,0.04453821700540572,-0.11497854756713571,0.09772898527154997,0.028494540248412803,-0.01198002256820302
0.140785631806024,2.1191553053088996,0.055253873537623344,-0.046212133457350785,-4.667003270072543,1.1031304689912291,-0.2713393407113157,0.03857356516739091,-0.08933452841236628,0.10436941012968515,0.024902926418479132,-0.01691502560396152
0.28011471050605957,1.4527487516307087,-0.0732438856199581,-0.019133193880768118,-4.097767199547159,1.5832035366576376,-0.330194290956773,0.06398224734074875,-0.09881753514423747,0.0935424943384055,0.016742182131336436,-0.009169886629403268
0.12349572962319799,1.9471444687979127,0.09591185520984968,-0.0021341494677999118,-4.706748125754588,1.5957086788451835,-0.3092222822403674,0.052082288597619264,-0.08856726630524303,0.10095814316337559,0.03270958662683654,-0.017399370293825878
0.08299882698501646,2.1363593675290247,0.12980267141534751,0.44367138044139703,-4.651539306937541,0.8667604071041769,-0.7618291254223702,0.05347475086543818,-0.09127668387726473,0.09200665607305125,0.007658498376223677,-0.013878683186485441
0.18263445112790014,2.233409999257772,0.00858043192050828,0.1031769863244204,-4.683282043097068,0.28029091231783637,-0.27053426773356803,0.05565447342557461,-0.10201831013431639,0.09956314327220422,-0.002064503127438777,-0.011146030657790074
0.32906048462554316,1.523094332208669,-0.10455526800393478,-0.20407647630063924,-4.302641614512948,1.8671138957886344,-0.25179418921200014,0.05579566715240994,-0.06753253810014759,0.10372051804240329,0.018904872524371008,-0.02943395281835559
0.3651870354230825,1.2450308927211515,-0.20528013469075745,0.18428154314613862,-3.641077731042121,0.7045136568188438,-0.44382097656967245,0.06351936371861955,-0.07614227741314136,0.10895905748094598,0.008611892232042284,0.00300669169262463
0.1766173699843691,1.931458679946134,0.0221841152391824,0.01603006533129364,-4.5258250586156175,1.2888867775086723,-0.3804653169232593,0.08499739124727967,-0.053519978249693345,0.1109002532892927,0.016523131567666938,-0.018388209411733136
0.24243660743381842,1.5232975579146895,-0.068028536977084,0.34710870177147923,-3.863154929789133,0.47197312846680445,-0.6447301706649533,0.056941765203498834,-0.08724062365842569,0.12298711654907946,0.021185718208155846,-0.015246485478809912
0.2549370329810849,1.637809654525881,-0.08193636637501445,0.3102348760001194,-4.020348910623759,0.014590261299339241,-0.594998551406913,0.09131750226738478,-0.0459023365406685,0.12295413706634356,0.0173584684507484,-0.03134548419424227
0.2945477306013576,1.4308082447814927,-0.10617848904211691,-0.16756897670143395,-4.00360462740872,1.8747303287125696,-0.3206006569458172,0.07005079894229585,-0.07256351525471413,0.12283226451433343,0.02946180545444277,-0.019379065802557383
0.1965936443593501,1.7946648907315494,0.06730291099059471,-0.3976667323536784,-4.764672933060816,3.282426943016705,-0.25094219046991717,0.05807286362314584,-0.13422112177659143,0.11525722035443536,-0.00174411977386979,-0.015294800178423329
0.3257463270314984,0.7394333420880818,-0.1679103355434553,0.12669194509042095,-3.0088556210065147,1.567538758735511,-0.4554474043899918,0.05695404811505329,-0.08473818929849466,0.09319452854728563,0.04205879220380296,-0.0025543366979974558
0.17995812967055566,1.9046412832670159,0.02872907643425404,-0.20712578740807946,-4.4165778974009475,1.6330583236462026,-0.2341712596825467,0.07751659156281668,-0.09284581820708626,0.105581092723605,0.009670100667591441,-0.025376189933127513
0.24827732289497784,1.4200305481205355,-0.04895296244689551,0.26664682300889153,-3.947407567282493,0.8587689164356686,-0.60387657802432,0.05427924564609038,-0.09842372222016846,0.10259448852455161,0.019904174297498578,-0.009897695930516648
0.17491807518017563,1.7281709555256706,0.04284768999599653,-0.11580073528589435,-4.38809722614343,1.7993278352110003,-0.3331618255079467,0.08585162165861315,-0.08656078477552864,0.10389253349293368,0.010132268678504475,-0.00876916489794155
0.24490308227075033,1.4512982628802311,-0.031228320853175395,0.19990510237097342,-4.055360193517723,1.2276970629869584,-0.5363114241228637,0.04943078599158812,-0.11153041161317179,0.09117692201459557,0.02185669242394378,-0.014054932356668326
0.12858234749640665,2.041354670452674,0.07956330029484526,0.1359807389220253,-4.504122782336832,0.16897369223587463,-0.3130957723100882,0.05168940720636345,-0.09667426917139443,0.10553839180955843,0.026649929149171747,-0.03891255146229555
0.20484370705012683,1.6137816848328972,0.03312210243350511,-0.0024316860784881905,-4.4737841151215205,1.4939113244077151,-0.29999204634327853,0.024694191765544077,-0.10907200120038785,0.0928155997337663,0.028702314974144327,-0.010888068883075142
0.03859554915716226,2.332022016693401,0.2037891299414385,0.8105048613707087,-4.987622698678788,-0.334294379549775,-0.8545727410522336,0.02830380319498471,-0.1319304401132677,0.07067658026091833,0.005931136303850448,-0.029341527377389598
0.2300924282965795,1.77518407015659,-0.036946813937721035,-0.07872472844253975,-4.372625748174055,1.44614199521646,-0.29220050979948964,0.0801134895366023,-0.08716407081373728,0.11869425606326195,0.008703629934759816,-0.004023486578064284
0.20987624862739104,1.4143454684597248,0.007293567888745689,0.04945416793361879,-4.002420649388275,1.5297284470890595,-0.4073891250321388,0.05967972564009391,-0.09903815882552691,0.0820696530835163,0.02937780545066282,-0.015617840894059376
0.15011132944161565,1.8687792621736907,0.04106283242179254,0.1589222006553404,-4.308386760278994,0.9004826520628343,-0.46782910301948066,0.07438508914362069,-0.08361674722080908,0.09980336373453086,0.009198853547286778,-0.008840864994908437
0.18353229318467612,1.3559560891365738,-0.008453994927896002,0.07661406045059943,-3.4949890724570634,1.2058363306520394,-0.4686121044890173,0.08207912702844206,-0.08667310562333783,0.09714772416955941,0.0242716817162536,-0.018407288780972197
0.18522987595316784,1.9738217143945809,0.014532440197593477,0.4379577493232453,-4.470593721076129,0.9017558943063992,-0.753255721257687,0.06404492672403711,-0.09455460540796518,0.09550974648340582,-1.9611690790344305e-05,-0.009733883993117476
0.24414572770611448,1.3599335048613332,-0.006148257758312181,-0.24166160419742239,-4.001121873837768,2.772716505086484,-0.4024244580615075,0.05844597811457847,-0.09071796798645229,0.10449168382185993,0.02873148265505371,-0.038633915854639544
0.2132301794708959,1.5241695168936669,-0.04767796457111939,0.41190761957387767,-3.740387950704692,-0.017733931694036885,-0.558709397006696,0.0477784620608403,-0.09927365716537007,0.08965197282658094,0.025563573470235246,-0.013576307064310733
0.07877390311278924,1.8510394640062522,0.10976517573780331,0.1875158430257171,-4.102434514797508,1.1897670757738787,-0.5344090238685569,0.06166177200881573,-0.09030953378578199,0.09154307575706677,0.0060609914058434855,-0.007878262552869275
0.18602919989346717,1.9498027526932447,0.06490218397236891,-0.06369727203910783,-4.850963693082138,2.0059880827323315,-0.4051808587971909,0.04418650801397683,-0.12362929553111213,0.09737093121731222,0.022350784718324634,-0.01778918590108647
0.24835976360850745,1.328502949384752,-0.07171691410775649,-0.2511022049553259,-3.837770803953978,1.202703658350731,-0.0059028025022413305,0.08585011872384218,-0.08849526036231892,0.10481197061284529,0.03182000167514337,-0.01083418988378032
0.27679248935198086,1.2895348822995802,-0.08208749477708499,0.07873742941375146,-3.936720833039836,1.6370697981250404,-0.4717752039492056,0.0681126485466689,-0.07427666827142226,0.11149171818324993,0.030440214088160666,-0.00719001360319943
0.23373293418302185,1.6662530305444692,-0.015007009176299158,0.18440266629928578,-4.463999292872503,0.8780308302072606,-0.39764246836779416,0.05167620424334432,-0.09110147453782069,0.08763847970203378,0.029449390521869012,-0.011351937435364001
0.05049072390169835,1.929162093310349,0.10652887323945404,0.5119177271786346,-3.927573267901958,-0.3179855317105426,-0.6176938893933746,0.05527522382369654,-0.08638633486254554,0.09786653980103402,0.009310029300939493,-0.009547372706681156
0.11589759330790211,1.9928002229459372,0.04303042202882201,0.3558399672219865,-4.106361359794023,0.26880111747468244,-0.6106745087729506,0.06839799986251682,-0.07671176538225832,0.09972704589831893,0.010927255853042994,-0.004782078314783722
0.3010734630821656,0.7795769832389396,-0.19853008465793698,0.30288005821340985,-2.4359588567530213,-0.19622595056691602,-0.44570987585742317,0.07463010667807131,-0.06290620991342191,0.09330580884747812,0.04139735541677708,-0.019315869824927306
0.11778131977281499,1.9930438732297286,0.05956710506265428,0.6459358251427361,-4.363617498532276,-0.25703470048440136,-0.7015654355088978,0.07195702711212143,-0.10264445214681123,0.09026761833475164,-0.0034947573075542193,0.002542429791407508
0.14113038016439441,1.8470332727392345,0.09221262280944365,-0.06393903888344785,-4.523230523332527,1.9485367922917596,-0.44038321193548047,0.0783502100430632,-0.0977901842563037,0.10971758790597852,0.014680788594431449,-0.020065751874301707
0.21351835915091394,1.6554844106606814,0.0017976287358734133,0.2678440601848703,-4.251411313171696,0.8771634097362003,-0.4841144310377392,0.05039834341787636,-0.11855820552699864,0.09172356989103403,0.013342778856355764,-0.02287859335834086
0.3817523350216197,1.4551036863759945,-0.16541149639055064,-0.29641817888097943,-4.325139125526595,1.9899442645045964,-0.18257720488281648,0.08395810489699096,-0.08310808492189545,0.11795323389341611,0.003046453983905184,0.003570444940643791
0.1288495995498958,2.2200510983935304,0.057657360982322325,0.6543957574008202,-4.657792034113857,0.07476175922565773,-0.856037093512299,0.050842593109245715,-0.07855217935006092,0.10590296303853769,0.015304996648890179,-0.025462067696962687
0.22931977726772884,1.4785167242354982,-0.06841548770031869,0.015746628332741708,-3.760719103300144,0.8019753185600494,-0.31222009247809657,0.10024898441836805,-0.059173539145766396,0.10656465744996779,0.03298983005118916,-0.03000186362818652
0.054009558204720365,2.8878717719798823,0.2120130876438604,-0.1679585953446961,-6.052180756799324,2.3486353656193404,-0.2119588166253464,0.05683655200508447,-0.14105907709751392,0.10729215626047206,-0.013313583478971935,-0.013764951350891952
0.2490980916481112,1.6339200626339672,-0.07976555836679355,-0.08802856797845787,-3.945697556123319,0.8298652170988754,-0.20801654645221207,0.07647918649382085,-0.08162535757369704,0.11729793664185387,0.01421485216154239,-0.020018742688282132
0.061261667258790294,2.1678248926218027,0.19053843833002215,-0.14280965125940262,-5.103833525422516,2.1067615195745595,-0.2620443410638323,0.031778122856500224,-0.10547990776212396,0.10068139548766014,0.026989979971653755,-0.01206454539688373
0.1534658786300671,1.9063495696566795,0.003693641460950303,0.008534450184346176,-4.0931160194420295,0.40270579432478887,-0.24694069026134782,0.07262354734523924,-0.08528081598139536,0.11759109520783417,0.009769287557700235,-0.011243642840475854
0.27978682191674653,1.117310427820074,-0.10162311686244507,0.010113893393029844,-3.3750794828170108,1.1464199506973118,-0.37580568101786554,0.06657474251795183,-0.09008937701908293,0.10207609552552824,0.02808715042826382,-0.019474989507513918
0.20575136774063194,1.6624129978842725,-0.002555919720488964,0.35489543088598546,-4.208312792843274,0.43596203455484583,-0.4538018514808089,0.037813816798717925,-0.09042665233089114,0.07438363095073583,0.025509171716890933,-0.029320626867580857
0.2764534410211247,1.3063532692245194,-0.07987731952345956,-0.016507000874964817,-3.677226522442989,1.527400441311858,-0.47623330939690955,0.08224832144235522,-0.081960200035469,0.10554391486932224,0.018441486775501004,-0.028550056145493996
0.3103437102871911,1.4709681658685885,-0.1637079418191737,0.4671231223532334,-3.5990874295222253,-0.01498072661442541,-0.5780459693022735,0.05655951524972028,-0.07313329672257884,0.09192116042801285,0.01285223414215314,-0.02609921996983211
0.17007009476036478,1.8593219306289748,0.03650660119663396,0.7619168839703148,-4.3886946739281,0.007432616169097057,-0.973079289099346,0.059855375927024335,-0.09581011098670489,0.09976746167726563,0.0014718166687243128,-0.013493620118094518
0.1018239318106486,2.0723279323298036,0.08009713238179916,0.1472818090307077,-4.373514416569499,0.7448056538858814,-0.4727189099440353,0.058886105395694666,-0.07523187559987621,0.09415312279410404,0.009570460337926967,-0.0019412949677644065
0.22616384433457948,1.5085454065834145,-0.04143699541382273,0.047009689696556306,-3.8545719850395836,1.7037205094592909,-0.5361338316960895,0.10615755516590286,-0.06371966594392253,0.11073416581363638,0.026454608705000993,-0.03258779054298411
0.20548188177086768,1.7739427193516588,0.02193684061735035,0.6286351975629896,-4.434239189778211,1.5822341754760068,-1.0009914962599604,0.035074491816117576,-0.10401891815080488,0.08824397674654733,0.014336838074873404,-0.021287642882932833
0.23584898084394523,1.4959038024563847,-0.046181380521074455,0.17377171705189634,-3.9279219411757813,1.0455319777338912,-0.5620897135305021,0.08365325041140115,-0.09577104209749929,0.1023339446470552,0.017367854575046082,-0.004632712397427463
0.25926198889637736,1.408074960395566,-0.040470761745019734,-0.19688529458471282,-4.0101505763641905,2.5125263903694024,-0.43857897707073623,0.09518093048005369,-0.0976175008681329,0.11696677432517058,0.013456009262562185,-0.025146520003542006
0.027522786830710785,2.653504197041311,0.18072694535084932,0.1515574772356341,-5.36341356050754,1.3119670674141757,-0.5068953013153794,0.07882931592237019,-0.07343588923340433,0.11846947896964133,0.006180355688355621,-0.005068837262064196
0.22169944309595854,2.0370369207976986,0.022657303532875872,0.15103850846213546,-5.013608646511023,2.0180950372338704,-0.5594175429327419,0.03846324680338464,-0.11228280134015955,0.10953188916290674,0.008150588356627742,-0.026911407631115325
0.0977405196790559,2.3147956024010656,0.10285584755909216,0.18991918886238143,-4.930111882500987,0.8193912773138774,-0.38444636340533545,0.05139954830105975,-0.09155414239913606,0.09591721339687381,0.000701203217094104,-0.005231327634964922
0.11945188098394299,1.9196971785743289,0.10566458760883157,0.234723348649768,-4.557076917734146,1.1285490604852986,-0.47547328293233615,0.03160809122584085,-0.13271739338488303,0.08612554786673005,0.01399258136831294,-0.010649807863555405
0.15402526930605684,2.248378269602627,0.03894392658271939,0.6496544765884416,-4.747087346015113,-0.07839630722845047,-0.7803019139368038,0.03300684031040246,-0.07955076013550694,0.1002581917079356,0.01314032906778606,-0.01852836729104146
0.22350976561255428,1.8102603847345122,-0.07557635333939139,0.07623888749740493,-4.025940299099372,0.15912435710543404,-0.3211193377916267,0.09373532740550522,-0.058040422107326184,0.12597049182319242,-0.00391183332132905,-0.0021249836608101536
0.21879761489222604,1.7066145787642917,-0.047195962645293466,0.10257844358426088,-4.054115757729632,0.497027322256016,-0.38206801787186345,0.07491729870426533,-0.06920989224142804,0.10804782902847984,0.009473001076678589,-0.00664029262096566
0.3161050368151814,1.426887739324515,-0.14093589775463566,-0.18098369809427758,-3.8306416033486563,0.5478214652536335,-0.16844102383125276,0.0908095683454998,-0.0842489521954563,0.13177477666842996,0.021327194221512913,-0.030723010510196047
0.1881190341029471,1.8007884822380267,-0.017534608804428142,0.41267421115363534,-4.0031461073525,0.15141902410886368,-0.6009944190047246,0.047633383251015626,-0.09908618973559585,0.08753801617877477,0.019767056180974407,-0.02191480458592321
0.10387014435085914,2.009923600892358,0.08819200134470728,0.3730516401726644,-4.362685428604462,0.18573432038558207,-0.6289116511557038,0.07294874856955041,-0.08770947239836352,0.09657249007391042,0.010014667331958327,-0.01592105482135131
0.08270333526693101,2.327890354701228,0.0968954879592272,0.44454141700877214,-4.656325119890233,-0.3452395469942887,-0.5591005683907884,0.06593180112941133,-0.0918522281173283,0.10105687061847107,-0.008792294078934004,-0.009460017427356693
0.2639847933443008,1.2946808667132508,-0.1342047962657107,0.03669945899235609,-3.1679353217951327,0.401028474460115,-0.33350362679194423,0.08800209513853158,-0.08934132760734101,0.11798175363165994,0.01385195357631458,-0.020249611270582668
0.08696875360444573,2.009073074464544,0.11436506129334445,0.28282547569115785,-4.53331508609521,-0.13813949103006234,-0.4075135741267849,0.07795150526347128,-0.09062304790195785,0.09667818290508223,0.014842226185564522,-0.013662119052248456
0.22804132012553327,1.6079178479280927,-0.05778230171539689,-0.06216988968294618,-3.8511312154391573,1.7310296562923628,-0.40858680808510384,0.10024388530299419,-0.06800038309751472,0.10741281557490776,0.008112877281558961,-0.01564390399136595
0.2689107928031219,1.3399983425391098,-0.10731060572820728,0.07624972618037308,-3.535596451057734,0.9817637230937755,-0.4004287499340216,0.07109278082413939,-0.08058768771753466,0.09890305508734624,0.02151456542646063,-0.011283764193134871
0.2694475274355567,1.4724014195370525,-0.09414335827645448,0.5269910653077128,-4.003348369556661,0.35977485348442073,-0.7231367593707502,0.0529472321169554,-0.08305939835546894,0.10256380562314196,0.020292962756135735,0.00798064796616682
0.091390254422489,2.1467007229178945,0.1049369666797959,0.18360762519768847,-4.677075005178603,0.38314790637274787,-0.31868231590139506,0.05005312947362767,-0.09241457599122083,0.1065754459781103,0.014372636641507563,-0.013029420698920324
0.17259781571680896,2.2186417725283296,0.07351742311407383,0.12185484340049552,-5.15224683190432,0.751497690198996,-0.37860388553682306,0.066665567655316,-0.08273741278960045,0.10286008549709408,0.01337391184142811,-0.04355725972402058
0.16301524866298986,2.0096249340881753,0.024023879470348897,0.13528466236717726,-4.474863972076884,0.5104739274196562,-0.31613830103183915,0.0659987807432893,-0.09601871118539201,0.09674447574651857,0.03227382654084554,-0.02924575246538652
0.22433674725660374,1.6741072629280214,-0.021651706835137507,-0.1145001035318216,-4.220863839440371,1.4722712115824315,-0.24556094105887238,0.05962340239641506,-0.09821472203219239,0.09521484303178793,0.016956775508457533,-0.02180916974587377
0.12208913694194638,1.8699569630509945,0.07563262218281719,-0.02395635583261818,-4.311341188626654,1.0735098491866022,-0.3645793575538442,0.0736351820735145,-0.06949813193652832,0.09702853527796998,0.026023769925886064,-0.014223991758259169
0.3387001412314988,1.212027822888892,-0.14264565009515917,-0.11308445797515518,-3.659345482659564,1.4757081292965057,-0.2540854548725871,0.055899100721739564,-0.1036701627405264,0.09600665832000141,0.013629321988192555,-0.02524774733238827
0.1621665463468137,1.7616427069419196,0.013119807264650785,0.37097721353814184,-4.0772509236958125,0.1218768430455888,-0.511828049881612,0.04831252443992107,-0.09630833142718448,0.09696074817917127,0.015374000441780611,-0.011083526560108359
0.2786459883201073,1.6492276869578268,-0.06734800152996867,-0.49831667150028075,-4.435249322016159,1.872911533388079,0.09915140433461621,0.061020314730503566,-0.08010331047307429,0.10033018678551636,0.03650203807394192,-0.025979375927954407
0.1330994522181929,1.830595114537294,0.026971137493946085,0.5054336974966512,-3.9444569117348065,-1.0372633984395323,-0.4353971808152263,0.030348377224197365,-0.09588820459834752,0.06959728723705078,0.014275925012873891,-0.006798679743849845
0.22710396379281275,1.6254983120153008,-0.0426720937696089,0.6175731137297885,-3.993785061720715,0.3971331877874466,-0.7877294297796585,0.02454207405737399,-0.09879916714757148,0.07790829725061035,0.015824268913113726,-0.006432866482251054
0.31494774996728225,1.6517407606206618,-0.12357890359012913,0.5888808526593885,-4.281047804737604,-0.31839399314573535,-0.5050740274454103,0.029085340770186235,-0.09933449957806245,0.0822367787895216,0.020716797901792816,-0.027460206334449566
0.17312698164876641,1.6646784836706476,0.021144175738692428,0.47042149183846677,-4.160856525635386,0.3644454521649315,-0.6612504958006218,0.04429957030617851,-0.1021992672605978,0.09503020031516357,0.033537583992540365,-0.007734766397938464
0.06432677425485427,2.3642265508137847,0.11741108248077659,0.05822892984195452,-4.769224193175142,1.171557650560271,-0.4440295247887599,0.10456629384149257,-0.06644139314867009,0.10973806650686996,0.01004600171453296,-0.01334659710250985
0.3331689386996546,1.0520035625672133,-0.18600548068832573,0.5517541540295109,-3.2899938867205627,-0.1989271098107217,-0.646377253189894,0.05366689465193128,-0.08510966666908537,0.10147289286799024,0.02762280807731013,-0.002250635476512164
0.1939638506504773,1.6886841439447848,0.00299320305840145,0.3667795764973921,-4.276018556505948,0.0911309907507983,-0.5589767343494937,0.055178913040558164,-0.08240952405299279,0.1110093146157739,0.03106121449461008,-0.013948739967448165
0.19285216331426772,1.5906586541560577,-0.015825368237600057,0.1254288438786726,-4.061009428683301,-0.0677398929931579,-0.2491814253312548,0.04804350357999465,-0.08506070460829279,0.11815064256133104,0.04309347909504635,-0.010412217463109719
0.2037096445612357,2.273992266990118,0.03417740574940553,-0.2481341206433173,-5.346999972915867,2.3171884032224273,-0.14991707668682336,0.040619330626594286,-0.10135203201403592,0.10568767340825386,0.018529748621771813,-0.009393423976084891
0.2893443433630465,1.432025906302579,-0.12536704438857216,0.12867000676595516,-3.704324204949517,0.328707699792277,-0.2533755338968945,0.051110590164662156,-0.06312335573894406,0.07845022990935582,0.01774450557790741,-0.01220195030011878
0.2089914412410992,2.071443613733325,0.04283551661912188,0.40861573035780796,-5.0676657306533315,-0.0575848773575864,-0.39657486920226337,0.020543625259226095,-0.11738023107556828,0.07777212405883716,0.025081375879371315,-0.052026427470627024
0.14134213029020953,2.0618275489378433,0.04595786843915772,0.16966926876424238,-4.4608965409639225,0.2937859518169894,-0.3501979578040997,0.05297634858976169,-0.08702102266927725,0.11190551177004276,0.010577024243489164,-0.027804913096236228
0.015744121459146367,2.547221153877432,0.21021153357907685,0.7970364289514473,-5.18989141499376,0.4000216329517021,-1.0129811321057687,0.055506959905536,-0.08652618120932809,0.09305858725222743,0.011748917360024924,-0.03677454148712478
0.07491564573553516,2.4594709210219388,0.1926400879507797,0.08758611991785056,-5.601151707062101,1.6609238206313415,-0.5044117481067727,0.060810904046462666,-0.09185730920842017,0.12463691346196204,0.021866170588301648,-0.024463832785974415
0.06425376629754904,2.095002223793301,0.1057298091412664,0.6878099424208781,-4.325724302553769,-0.6959674477712906,-0.8032183448868911,0.07749642300695225,-0.07441518173702422,0.0935813774192557,0.011014237172578434,-0.015429789238225466
0.21252031741567898,1.3803458226643284,-0.05860186473456819,0.5616006889787615,-3.388406245771049,-0.7824220248627494,-0.6608201494067237,0.04050329591339302,-0.093412818586607,0.10585435010475486,0.026217017973410528,-0.025762273883337794
0.256575814798177,1.3882756060226669,-0.09129057300203924,-0.010437975244840567,-3.604449320693189,0.5614387177979548,-0.29365535503403245,0.08003716792577914,-0.07263706693159683,0.11471411900081646,0.01292347299780805,-0.01680148950359245
0.2063206019676919,1.8724050171218873,0.04516044205900083,-0.12899249168656615,-4.716091628281425,2.5102291994173296,-0.3586675587809903,0.041191117740580985,-0.11491321334528232,0.09955599178216756,0.014716846051419874,-0.03428324753652501
0.35272944517888977,1.0000926590935002,-0.13575416503790194,-0.05906915357091268,-3.674263843200064,1.604882346250024,-0.4116858536411455,0.07100701359217515,-0.06920633957042563,0.10088442572450317,0.04125324437745148,-0.04012131427299781
0.2510879432067253,1.8196703835521355,-0.01726475886627732,-0.26308872614922874,-4.774039174508454,2.1632466085770634,-0.23591822262791184,0.07640644595379259,-0.10521794800245432,0.12734272528594476,0.008299189614705882,-0.012424603622418706
0.26660390274107054,1.12490607427867,-0.07319258959658492,-0.20202466498149796,-3.7860430733374715,1.8248263520119703,-0.2946608747612157,0.09435661094727602,-0.06568343774562371,0.1260428380001844,0.043669391462174745,-0.006391427456661936
0.04980935512289665,2.576382388565002,0.16732557709094764,0.09697554412534444,-5.186153195403002,0.45498777551051806,-0.2631401942344823,0.044294061135454366,-0.07756222178921834,0.09553148476300627,0.004666277117930884,-0.025757719445809846
0.18920269432035614,1.6287717368206145,-0.007110579399593142,0.5824720389288596,-3.97001025310094,-0.10729575710688982,-0.7337584043301283,0.062359031874063664,-0.08301165579066994,0.10158844538875908,0.009714914705678313,-0.019761348347254626
0.17145481581640312,2.001161201342896,0.025576828667806417,0.16262625074760945,-4.561988396746282,-0.1800356237203353,-0.1776560938283797,0.020049568735377554,-0.09146362604176067,0.07641332871908918,0.03882959075793768,-0.032751497659340156
0.25986182371606986,1.495140385894793,-0.06173624550372259,0.369817452303991,-4.122283079400356,0.27908635473549154,-0.5310252245011646,0.047116798751326294,-0.07870312364538451,0.11099102602425753,0.038075813144291204,-0.036074743928583564
0.26862932310250337,1.7878325823110157,-0.058222661940699694,0.26775392666320963,-4.467919092937119,0.5771313029633899,-0.44778675247300265,0.06415506483869748,-0.09039567428557643,0.10111703862369187,0.01379597259503762,-0.029613883941706276
0.19088693541210455,1.8168663197010366,0.0228364451195896,0.13807028984499167,-4.30582888564784,1.1536138290740277,-0.42113904576833766,0.06391128641290067,-0.11471167337374527,0.09594502318902742,0.002935926556935864,-0.0379913047888043
0.11045321054356232,1.907063803384979,0.09544865343033826,0.05856755724463389,-4.334366507721327,1.4971192602722154,-0.507553932178063,0.08653144946996011,-0.11637093975139173,0.10845949768898913,-0.0026817575316996356,-0.0019919892717301657
0.15994448103688688,1.8011895895059045,0.03312863896503715,-0.1851383969543358,-4.425706107773847,1.89440635206297,-0.3613777193035274,0.12791945006276334,-0.07602951913423706,0.13804892871022106,0.019398683222390578,-0.003835557305761794
0.2705181466082333,0.9590910021721949,-0.07770760100989454,-0.04487457864310525,-3.41844588641784,1.9630003476379356,-0.43045737996253164,0.08683175818483141,-0.07051267289989227,0.10181252712119078,0.03006424277324768,-0.006178829769010907
0.32960767408629066,0.918206727629678,-0.1783583483855437,0.08964676659180405,-2.938249928910204,0.917846162798837,-0.5080785998908588,0.09536269317023696,-0.09029032827705417,0.1218116938448927,0.015403452831914244,-0.026398388255450156
0.264103673199254,1.5291972706140826,-0.04111125317340514,-0.18741588627987082,-4.3878785626724985,2.156363319213512,-0.32606787738589804,0.03955856039195951,-0.10297911733959181,0.11683909215453406,0.037759333110044646,-0.003829119141638193
0.16935009518588173,2.0213750289584858,0.0581176334618585,0.1335165686665822,-4.8482424581075545,1.34376468362159,-0.47991647510512947,0.043631325101229634,-0.084783087811583,0.10573781260335297,0.029000090777718368,-0.017183815417483594
0.17944132762640366,2.26387073211913,0.01941788775893527,0.41583253176201784,-4.897406131617386,0.05909714915208664,-0.45096416234584674,0.0399190044571161,-0.09468287265426667,0.07472787408923837,-0.005015588456598774,-0.008764303618747027
0.11746991933512176,1.943089099375747,0.12446338550163283,0.3231151149085357,-4.796930253582326,1.7289208753972185,-0.7278713347104644,0.06415220083687678,-0.10784642779203579,0.08927990307785133,0.020216262965376486,-0.006703732010137742
0.2940987714441168,1.1618187988722455,-0.12741996984654014,0.7846990471333959,-3.351161118979931,0.3376514933754442,-0.9300867224439491,0.024319080137035792,-0.0947669371657226,0.0799428372768228,0.022351670657788536,-0.02670826931402598
0.16186171551343903,1.5951578707717275,0.03342406156185429,0.21821678844944226,-3.8726611458655955,1.470656447027503,-0.5035234061688925,0.024603778948972754,-0.12012875616237678,0.0779454538300702,0.015229526191601228,-0.014611357149111326
0.2682748163729844,1.5092675983744601,-0.04750524957849411,0.013095461711478892,-4.216442224190399,0.5579129759839232,-0.2704535340289723,0.05363019942215852,-0.09466858679131218,0.09599700559934665,0.030267600523769422,-0.032337334040134114
0.11218243766439219,2.2787038849583627,0.07081426962938897,0.6001486800931474,-4.790474793044152,0.37585655403343965,-0.8142860044202367,0.08043072222949305,-0.06295596634991929,0.11019027178638968,-0.0064538184089820705,-0.009315440539787723
0.1592232667079199,2.07169299808916,0.02271063357777736,0.10704108326990636,-4.480768795815886,1.0327523746467036,-0.4343524860267086,0.09250064073393022,-0.11865145936702132,0.1087850680934268,-0.00846255750558389,0.003090633933792386
0.20307006032887792,1.9866484378975862,0.014707074606746806,-0.0675804514941647,-4.78670330646775,1.8540415546563993,-0.33665597369123,0.07018757566791772,-0.07941783106739919,0.09633156891155792,0.01758499416563375,-0.010707249613360337
0.27426890944642074,1.6829412177967633,-0.0745082652496436,-0.12138984703954166,-4.299058695227774,1.4982938379521886,-0.26204731001790205,0.06559937468332194,-0.08937418825735763,0.11330757669914687,0.007622701731562542,-0.014659274638374353
0.18248103197131232,1.868340669583048,0.03231422808635598,0.1592492958105223,-4.443682291064311,1.039965645673758,-0.33888912451901826,0.036728271446620886,-0.09522345273280686,0.08409832158871572,0.014103856785246172,-0.03247338797392607
0.14509758199397116,1.9688286843141865,0.049953810792938036,0.10827642846241695,-4.517282279133516,1.2207972314888353,-0.47883923915686477,0.07750611994866996,-0.06759802690642369,0.11290213952235206,0.018603323592131127,-0.01047867098666877
0.2677152708676312,1.201667262958319,-0.0835359657738618,0.08740292806367465,-3.6893491004870547,1.3062202687229585,-0.4698384318895348,0.07287759113312772,-0.07461884728272178,0.11180204742291898,0.020958344901361614,0.00107296674500168
0.13205334806625324,2.3470088873395114,0.10222016293493752,0.18023113849166872,-5.23936443118321,0.8264293035550625,-0.3474353700716587,0.031070670672688927,-0.12694348374211917,0.09214251070957374,0.006191219434108719,-0.00896405083347851
0.262708115449313,1.8591274380582188,-0.0562869287079758,0.07026684815809567,-4.508252964999767,0.030436455519482822,-0.21403454289840507,0.061622916129207894,-0.09212779409116112,0.09246584866883734,0.01278377119852947,-0.024168730782607728
0.1945897154031396,1.6076495691529171,-0.008086352538282715,0.03258964411116211,-4.088940866993599,1.2023906334754697,-0.27766453651631207,0.04011752229720547,-0.0813973958271264,0.09304158639162594,0.03526433114330785,-0.00557850448219438
0.1569309369210844,1.5894605357126113,0.05694578866769506,0.08251423696555694,-4.212879717500286,2.045389560573364,-0.5802998742065476,0.069424062946942,-0.09282548682427605,0.1168921776970468,0.023578442626094376,0.0010297126100540233
0.2079849618704238,1.8179306178634749,0.059612640593731614,-0.4152223521421752,-4.891531927373769,3.2891868981312973,-0.22731976296911832,0.03529367171947115,-0.1424030441353451,0.11549366907134162,0.01618256100757587,-0.0017684463118768923
0.08972251151848909,2.1247493407041427,0.1310457569005583,0.25050502356260146,-4.704748347451721,0.7676053421827667,-0.6140452282278059,0.07849615058634296,-0.06862147120482626,0.11575798710544477,0.005082965879911416,-0.02744510020130031
0.24625153484042842,1.5998890662480776,-0.0274561597719456,-0.12452411562452659,-4.2783519375992025,1.4100142181119666,-0.24471165408837697,0.058801122464393146,-0.10439164825337371,0.10746142038967677,0.02031886809432093,-0.02556179709552242
0.20500053189246084,1.7494378944312037,0.008337343155305987,-0.13378393622983883,-4.395722861071491,1.5826322466514187,-0.3785145518511949,0.09975686036537956,-0.0747699846062499,0.12633722474834996,0.011181796231978791,-0.018963762458512168
0.26377272936810425,1.9499427843869972,-0.055692236255395544,-0.04627747188282327,-4.67474707048646,1.5714370789904009,-0.3731717910956347,0.07256993229839054,-0.09567486781024204,0.13090100164486895,-0.005855507955376482,-0.019618171149263786
0.1948005612386711,1.8337243093515916,0.004112983950286586,0.10078956845505754,-4.469603137847223,0.8461958550421098,-0.4394962184139931,0.0904148702522353,-0.09235753152707293,0.12743456065849215,0.018429885417685643,-0.015632310798240345
0.2949736361684973,1.457460501435909,-0.14595627980615544,0.10591942501041529,-3.6940151156021415,0.07563041765606618,-0.2413396820007599,0.05716248997812548,-0.061784605325457376,0.1096577994044341,0.013650850581601204,-0.010708125480808572
0.1354272632463116,1.7217201315123143,0.02206769290892141,-0.03489939610046494,-3.9324881797021063,1.982327542668143,-0.46101936387692344,0.07067680934872739,-0.07837837957126009,0.12214210233006711,0.02971918304188531,0.009506116061667624
0.1600784082209609,1.9254834556250253,0.037288612479766226,0.3493576879293768,-4.470300386877856,0.7205862038656432,-0.5783073855062908,0.06244010938198635,-0.11101599558732617,0.0893459141007582,0.012652587903696277,-0.0099111512832738
0.18498209239272262,1.6030518138933965,0.00962899978727172,0.1567026276026951,-4.187698088809423,0.9643304309189688,-0.45615225573630647,0.0714664089800566,-0.07540004727761873,0.11480531009406394,0.024233132506748523,-0.006208797644434494
0.1803483419732852,1.930994997406562,0.01800468888108031,0.6367577183112921,-4.545335930876597,-0.6391872371641332,-0.6032340163272705,0.053197671703267,-0.11098532075398365,0.07040902542380917,0.015279292841763548,-0.010049345117737918
0.24305773900148817,1.410067702631509,-0.10066235570102722,-0.1460576229176925,-3.5295243919376866,0.917469985185947,-0.16268344219121816,0.09472414778923666,-0.07243583719287436,0.10954375108893344,0.019389770785829097,-0.013001076092555408
0.17771659746631277,2.1040072677564674,0.0548799269718645,0.08835169298298115,-4.920220721986052,1.041687757776122,-0.14034338825193285,0.016501147646624914,-0.1370898591856594,0.04398074587938633,0.019215457003476488,-0.01498447274172221
0.3114869648519637,1.580498168310835,-0.10006433047984209,0.0685193999339991,-4.283799679528989,0.6513288553163621,-0.1374085476663442,0.023942911678523804,-0.11694957735945491,0.08008418253475935,0.026912080179888664,-0.0351499802979407
0.22256521127320267,1.7574920522874657,-0.02178578770955697,0.0070865163982379575,-4.525076230579464,0.7256551302873742,-0.22191506653790408,0.06317017603030262,-0.08861615342856038,0.11200420996865446,0.02463523896690878,-0.00873666271113882
0.3051578890470641,1.467284750162209,-0.09075797843244193,0.18725761568181837,-4.158442006152393,2.0299633441979505,-0.631550999728915,0.06180623399990867,-0.09153110989687013,0.09759140004847422,0.01722324837094935,-0.017321699040316496
0.008804004355511865,2.393352989479776,0.20125255869240322,0.542632891728114,-4.911677300607592,-0.03264124171618786,-0.5934192717449738,0.03581192408057898,-0.1168641002382722,0.08134229543357513,-0.0025533121737543185,-0.00474218336345722
0.2400488675489939,1.623275294854904,-0.020179458456451638,0.058651072485844336,-4.399998483591822,1.9847063651388661,-0.6028196000689,0.09466965734246918,-0.08264401966741897,0.13422221473041837,0.02199505367180915,-0.030426504134280496
0.01916255281981752,2.8419179658064126,0.2038911245338766,0.4016166124291539,-5.52667871180246,0.43187231549761,-0.5431141521476501,0.03454511765236751,-0.088070645702091,0.09846911925840396,-0.0022386300085699418,-0.02836938838192893
0.21687990766157034,1.6528360204885826,-0.02502071303173148,0.1725157583772772,-4.061155963164336,0.6587451195842946,-0.4091884051174122,0.045961065174779936,-0.1089726514730569,0.09278960599194808,0.010471698044014432,-0.01151981846987915
0.2174412577713779,1.523372119078145,-0.016465408648816626,0.24926871737784523,-4.039414278158724,1.0285195520516865,-0.5923093147145684,0.054676016034501285,-0.09290344950779272,0.0872910887338969,0.021948235245940695,-0.00890483574038159
0.16012492596273353,1.9134250119818115,0.07488994762002732,-0.1673530067003838,-4.821069426815603,1.9453221955267908,-0.2600087033122203,0.05639821727497096,-0.10301332391224183,0.11094163657527806,0.03360717932688362,-0.006333071182699546
0.12527167948884596,2.27481207066736,0.09884477939361469,0.022491835849826197,-5.1017490175435745,1.4648801573916304,-0.3987740220380416,0.07139012172129289,-0.09443465628051845,0.10451492819742797,0.0025108720309157118,-0.003963612209137546
0.24507571724377172,2.152139824494101,0.005226241490990491,0.20106885588366474,-5.072565617075377,1.5540282365122084,-0.6806224658796732,0.07816101794189834,-0.06743916945772527,0.11209991825950955,-0.002392993159126555,-0.04324722182710705
0.28973256716527096,1.4655513539332792,-0.10816892513539489,0.14077469984947072,-3.937532274775225,0.25733949086907465,-0.36284678327947406,0.08372275322535677,-0.0920419866698913,0.11635975389132865,0.012380546793598957,-0.018623010160719378
0.29337824291588793,1.334649632715144,-0.10122855782186913,0.06600064871504593,-3.9476711070941057,1.5617161912792272,-0.5224582282351512,0.0750541333908474,-0.077840066122811,0.12672540665527826,0.030802229440881124,-0.01211732846914304
0.30957913618844435,1.4355998504846097,-0.13209277922043916,0.482174233320109,-3.8010346155866133,-0.05724907870527545,-0.6603690588167563,0.07710862896198997,-0.09265671545715543,0.10908798178835619,0.008240921962768155,-0.02378067476732737
0.12556041958106326,2.24670879662947,0.05700224359727457,0.6554552268361172,-4.630866753359389,-0.03772213226462387,-0.7348849960770022,0.05927499703434419,-0.07329967688887251,0.09301017080753202,0.008901916952569255,-0.028357750633144496
0.24337709976297475,1.7378722118758585,-0.025538961413507977,-0.07892835535426956,-4.38809501989996,1.4418208901641294,-0.24961075480642794,0.06005061951317425,-0.09988966346759659,0.08783616735727826,0.018593244302798406,-0.033917381755100395
0.19567872197375627,1.387607357342349,-0.0008869499810458814,0.34446733671201435,-3.7201831317567127,0.7207005388853074,-0.7294842814773445,0.0672594845727015,-0.08953948916277815,0.11141069064761339,0.009311575626108959,-0.014892773625305389
0.09413687418595097,2.5645178708258114,0.1425438082220818,0.19009458632972304,-5.424566388728266,1.2349427298688966,-0.5455147021590481,0.0926007867878415,-0.056650478807023286,0.10682523738547506,0.004735479701829082,-0.03718620357188718
0.20733300939754437,1.6022067200236594,0.006971790090017582,0.13600260652229154,-4.265179048580347,0.8768364953984444,-0.35084941904020617,0.043978082679805686,-0.10672037414689794,0.09157063271066071,0.023995908947042677,-0.011079487892283302
0.1873431092819839,1.7117473686440499,-0.0011814603451864025,0.08811812152972237,-4.044154271689115,0.3355508443378276,-0.23953026694749371,0.06528959561098518,-0.08775213144708244,0.08477379881217659,0.009530571285331968,-0.025270827163575316
0.249928159682611,1.835724277641785,-0.02804601875103996,-0.3832691073226061,-4.594061777178375,2.198430287179578,-0.0660273636073315,0.07565134079264241,-0.0672150889738572,0.10409869025393034,0.004776468725776084,-0.014370182861508707
0.24364703524210324,1.9351854745653465,-0.019038265676684984,0.009716481844139896,-4.848617698871877,1.166097019577136,-0.22852232254694144,0.035433595571788656,-0.07145612649423289,0.10720324462292921,0.018915294957806528,-0.02221513880488335
0.2791615722344957,1.4121535294618728,-0.08654169494482578,0.27096648713506405,-3.9286063639670687,-0.047140019215007184,-0.3523056686122419,0.04470399753098206,-0.08720557513887955,0.0777058871114426,0.02962985994239603,-0.023342984946056022
0.21939705251608002,1.825322439234614,-0.02153731450183205,0.38744144896238697,-4.293901329148125,-0.6651072857110789,-0.4369909257667203,0.040892711672217696,-0.11426222762990373,0.09922046327910539,0.009487324949727483,-0.027127894201010472
0.06537645995388158,2.1886554609973268,0.1712023913138918,0.18503839229331925,-4.9023067937733735,1.9821001683922286,-0.7265129806080973,0.06818430131476994,-0.08427026219480627,0.1036624262151346,0.02228508916128813,-0.025211757718566763
0.2737307340878781,1.3528500955463028,-0.10432692447245828,0.004269198544061936,-3.6537783030305255,0.6108078811318152,-0.28195050902964613,0.07569839360651051,-0.08171177116053108,0.11417841441413096,0.016244115168632278,-0.01769599764952756
0.12825612845474235,1.3211701313441429,0.061494687577595464,0.3117416999135958,-3.5130348630690085,0.3650559255714248,-0.4844979481495221,0.034374745839947374,-0.09730927835957864,0.07876252885955226,0.02918738241007207,-0.01053638725188405
0.14705099048139994,2.2001659392817716,0.07364272326351684,0.2146560008525067,-4.986517641918014,0.4291444749214289,-0.4580963533230888,0.0351638211090079,-0.08765811088954967,0.10224080463968155,0.030214316934090046,-0.01957596465711242
0.09623428030598964,2.577309809097995,0.10922856682025994,0.21437890042940316,-5.081261213930304,0.20036427375236032,-0.43750546918778405,0.05918023674357731,-0.07883221754586023,0.11466082638085068,-0.007526607413714581,-0.028314433181800713
0.16511817796120107,1.7736532010635573,0.1032638860682199,0.02777742133016936,-4.849685515527697,1.4293896390296688,-0.2770121088803041,0.058547838803065216,-0.1287401592584973,0.09693972587805813,0.025899327990905996,-0.03374891244772693
0.1507475765448243,2.0100304557939057,0.0358888341501018,0.3042695814713615,-4.377657635914955,0.2338357371125257,-0.5280727559441079,0.06208070637582819,-0.08761885715339296,0.10304577669024512,0.010650649084171127,-0.014574103097678481
0.16271854835357263,2.357749128674808,0.041782866737488655,-0.43643610484918904,-5.0967948099514,1.5823008789402506,0.1277864376645761,0.05187050102805718,-0.06659962582604045,0.11265856018410902,0.0028037313155602206,-0.00905577334183405
0.07682680666154604,2.5979811609927244,0.1782533494613714,-0.08664420258162972,-5.735058013195033,2.3000836336361,-0.3794004511206862,0.0692836347412914,-0.09261665331672958,0.11336853543694336,0.01128732134653676,-0.0029561432908030705
0.0709705824036986,2.3998126993301447,0.15524982186475889,0.18241275923891054,-4.996758380710977,1.9064732277991403,-0.685542549615876,0.08423402150601256,-0.08066645044783266,0.11652739185689986,-0.006707587725320208,-0.01722799023366406
0.3125779186345625,1.3264861427566048,-0.07650500815232275,0.21766764264347435,-4.223273945375341,1.4323945873294956,-0.544357338270029,0.037548324077660455,-0.09949800466272374,0.10299115143292575,0.02157195864990602,-0.020942532079160914
0.1820778744777217,1.7846903995956886,-0.010299026266257783,0.18210503275976328,-4.183453629814394,0.8537011632451385,-0.48446131330266884,0.08263694795431031,-0.07560916207937879,0.10530696094768088,0.012184536559114445,0.000530270182848791
0.23437597271344707,1.4965715482088662,-0.03489359184147656,0.2920435726557207,-3.995404929943094,0.6830025925358546,-0.4869126007439122,0.05177086366669664,-0.09495904404601185,0.0814910941420694,0.016704632791013474,-0.02075904184221955
0.34070777903784566,1.3711640104326988,-0.1648931445064813,0.08849024050665379,-3.730351503236603,0.6267280811246392,-0.38629178251420926,0.06622906738857917,-0.09633705712171184,0.10450270861621508,0.01498574666084157,-0.02798857147966355
0.1903691282001821,2.198996291675723,0.014473777047481873,0.6681384103303036,-4.890062902512079,-0.2979994857721652,-0.7040055765665698,0.029020090439679347,-0.09121270959521932,0.09279687925454799,0.017030739672147077,-0.029565654575291367
0.15141912364063037,2.2193041080577047,0.09874798569423304,-0.34004448872614396,-5.098603634319162,2.2246558911830863,-0.17587820074475288,0.06517678840931429,-0.10731226725719145,0.10535426667877928,0.016629260716618743,-0.029633617041010973
0.23361040858829857,1.7580276768499952,-0.016026926873666025,0.238368940042752,-4.556410236276945,1.2200900132388277,-0.6408522055867787,0.06925013908118438,-0.10261851019838286,0.11754368371636392,0.016604308849413107,-0.006339364000757741
0.2202604157886642,1.7150954461005543,0.027742639155086235,-0.2564492673168847,-4.63099910342879,2.315381621458094,-0.2393069911728231,0.06252095621398446,-0.1179341246436651,0.12827544515165812,0.014392965114973566,-0.0275394634704077
0.17771204796057588,1.3547999294731021,-0.013508575337700668,0.21412055180217585,-3.522212648714835,0.7952893629446124,-0.49841571348233005,0.07222918833983144,-0.08383012398237721,0.09990227801267801,0.019111823445003673,-0.005106798794161482
0.22080975424009394,1.7446825643808905,-0.024047827048813808,-0.03964851553076573,-4.241662514446705,0.9266457606019538,-0.36163370995311905,0.10044546975133972,-0.08279819031443425,0.12172186748132002,0.006341111283953316,-0.018157839916848495
0.1475553221389852,1.9113302282923808,0.023567038848686384,0.2733069764148821,-4.176111610630963,0.6014466327376775,-0.5259286444820258,0.07204549288280276,-0.09246222696602763,0.08505979022771865,0.006342114013021427,0.006479116505858862
0.24650329806577898,1.2750786176300997,-0.08851766065097821,0.23123133621429465,-3.507546199508507,-0.018089838915785368,-0.4914796957447263,0.10673487407360631,-0.07923505552620541,0.11546735011235292,0.023048549592407097,-0.016303095670640866
0.2315928431271366,1.5999362395423813,-0.011534919663960697,0.3155612704467007,-4.192382131370952,1.234702829385129,-0.5778286355326948,0.05718816888043626,-0.10639085260505876,0.05557438170483581,0.027372314552612687,-0.02205028209259141
0.2208301355129578,1.673816224673344,-0.012469643975774658,-0.27281880540555836,-4.362670077705081,1.7989331674309128,-0.2598945376678997,0.11127783883449754,-0.05738140965020716,0.14569645913737142,0.005133370376934843,-0.01422146206384256
0.10897513176653749,2.2965932734888646,0.10174215839565637,0.6739802004534452,-4.903155417196567,-0.5161094606594087,-0.6469645832413097,0.036715719565209914,-0.12496374323350196,0.08056716830406063,0.01192431842913566,-0.022340897377604918
0.2288493353708164,1.742397398108398,-0.04656325796047378,0.31146009355124793,-4.15081633850886,-0.2871567492559684,-0.3486987957649025,0.032115408377823174,-0.1012178020543748,0.09651493221239957,0.02304456522567111,-0.020414207664127604
0.06978923184804103,2.1626567081013928,0.10044578903898516,0.3300719853860302,-4.449544057169049,-0.22396851164748788,-0.4384558356099304,0.06629854926469503,-0.09003572616480571,0.10897157630092447,0.009297072843417964,-0.0029471888917411704
0.14531106660041498,1.7291373015148819,0.0521360933463062,0.3942140804758782,-4.110763673373506,0.8514212696143568,-0.7381251217931702,0.05316192673743558,-0.08887725572679606,0.0870538979040282,0.02207066879780839,-0.01188578783808536
0.1669740121391027,2.488416603737232,0.10535722719494878,0.2097250971972876,-5.770244404341163,1.638243004374282,-0.5182081235134572,0.02412366746023359,-0.10431404154671053,0.08750703915106067,0.008846097457318791,-0.019450407219819277
0.23897399083586068,1.701587230167276,-0.04434007939103701,0.3336373227226491,-4.295850782541685,0.06609413224472235,-0.3665085740940407,0.029240829316810102,-0.10159808484634486,0.08849208390775246,0.03140273997498555,-0.01670591031686719
0.13449109879232107,2.0804511075383423,0.045579933815581564,0.33745576749905376,-4.324297763280722,0.2511450013337727,-0.5378190709616626,0.0751518661158172,-0.08832317430737269,0.09784076489466265,-2.0775294317099124e-05,-0.029742227214358596
0.10017496803499255,2.061634477725919,0.07613296553176219,0.013395678261848176,-4.464922003101767,1.205893721508539,-0.3724797242191205,0.08645508006070013,-0.0784464147686662,0.1152985128368944,0.012651684803065888,0.008561448958305573
0.09197118867506908,2.2127478298315864,0.1572500662249363,-0.040060663498435733,-5.00197144880605,3.257382058457141,-0.6312988221734254,0.05209766727983545,-0.15287801407786605,0.09846460683546099,-0.008893089703752355,0.0013185853628215893
0.3731244586767591,1.1867019019038212,-0.225566114882498,0.267491639224649,-3.5946486263678707,0.3221264442683687,-0.3836705676617184,0.057836834511984736,-0.09206104518286073,0.10409216931906548,0.026363923327728356,0.010131839392391095
0.27927667579040366,1.367652865117196,-0.1254676565260533,0.22378821101080185,-3.6700621670749722,0.15870223802925276,-0.4432002622525969,0.05833198106367904,-0.07356517050328196,0.1138285708139738,0.03330464689021989,-0.00893064888043582
0.17764923356616702,1.7928726953431038,-0.0020080189069555665,0.3083121561880672,-4.1280276134521365,-0.11385471643585107,-0.4116086748719652,0.06124035196084804,-0.09991147142336226,0.09429598760557423,0.01625448094700599,-0.013821970445743625
0.2142978829656434,1.354084894140618,-0.038077012194466686,0.09475583242896753,-3.485007322991637,1.5901032379484854,-0.6100872584333488,0.10258716987634317,-0.0639217785312064,0.10325449043400826,0.012392833976076267,-0.01768919981128869
0.21981984781399894,2.248395462116549,-0.017196623479208695,0.2590499396220352,-4.88324017407294,0.3988495295091562,-0.39591525449270026,0.05048024004119317,-0.10865808131683413,0.0971260278383052,-0.0037217770912401082,-0.021339974041660104
0.3610462101889504,1.1439130576785763,-0.18929253123006495,0.19472342991244196,-3.368926756075777,-0.21209082936617152,-0.34635869642760736,0.07804404192793782,-0.07794900184516992,0.11259740977994045,0.01779755670933425,-0.05777551318285026
0.15927244346512803,1.5516757533696872,0.029119385520651075,-0.0681801693947065,-3.952435177434805,1.59208415377215,-0.379425569044181,0.08876132603141684,-0.10442908481634766,0.11571165628846616,-0.00048237811338563974,0.015462347136109722
0.4298668575506125,1.4018938249800423,-0.2028215453435792,-0.38633200605013907,-4.277706671107795,2.0085758563689953,-0.13022467946553268,0.10078047781469454,-0.10030385505019304,0.11788594552931442,0.002600242688824861,-0.03081697790088095
0.20819272454456964,1.5520294454093273,0.010031281583740115,0.6071861916667152,-4.176614819783463,0.29811545485123664,-0.8139127568508961,0.03716859169986886,-0.09259958164854015,0.08781306500810396,0.0318753259845429,-0.031395796825514966
0.22210526409165968,1.5617893754308518,-0.04908370584712418,0.21452926486010923,-3.918512855669329,0.7184834302004469,-0.460633041581864,0.07589836058042429,-0.06728322667023046,0.11564053204119742,0.02814439704019589,-0.024277929398862752
0.020476147986601433,2.415157190392672,0.1890228796415394,0.46237337411762985,-4.893863604414088,0.34457622719548214,-0.6137867563316668,0.039437703023874005,-0.11547453045644213,0.09641895687821689,0.0021585813333369064,-0.010211744229341901
0.11640995397334068,2.25013847389705,0.04526395822795326,0.49495988516216377,-4.43437821777689,-0.3833815505758418,-0.6446023997062206,0.07954521160462275,-0.05496063303928356,0.11989617350639559,-0.0033734122449943227,-0.019484914935841924
0.1574315821904377,1.8628875988313975,0.07810810518352895,-0.08493744972201203,-4.590814416360306,1.447744086787991,-0.29138953949834845,0.0632188175601125,-0.10828718982347596,0.09396513764237435,0.0158704269008324,-0.019179364633572615
0.09683729943982704,2.3014016859613005,0.13561975332673182,0.8879062378664153,-5.027264193430372,-0.057083235228357,-1.0501496372782049,0.04947657207001355,-0.10895050406337004,0.07997586841677917,0.011807994974350922,-0.0338082590623201
0.22867581245199142,1.4349288776867766,-0.036330942424825485,0.05828365458039672,-3.735477216963386,0.8447697684347155,-0.3291128605262539,0.06075051586752253,-0.12409022300111278,0.08743887871584691,0.011876767775557961,-0.019931070282336538
0.23593605761754644,1.4092305464062904,-0.06393954755634046,-0.03354235479282151,-3.689174093535227,0.7653368641626658,-0.3204462566313805,0.06738282616060742,-0.06755090767149327,0.11785569166120388,0.015716252878188786,-0.004296449868711583
0.1619985246883321,1.6598047754370562,-0.028056212727778584,0.5517938080274519,-3.587509328940199,-0.42241091889644217,-0.7912171690378756,0.09244264703537058,-0.06434795130408727,0.12229074847218613,0.004690091941170649,-0.012176821027069296
0.22393776682700556,1.385805259361088,-0.04404663079239601,0.48746978545314923,-3.6469387808533824,0.12697212982802877,-0.6640486268002186,0.05082617731414191,-0.0902480984826492,0.08034073096527536,0.029865387298584345,-0.027136377197395922
0.23158887260807534,1.6349072252053627,-0.07056020077426539,0.525539825467549,-3.8246627225611762,-0.21483182560571407,-0.6114875936796123,0.049093954173614895,-0.074709205042017,0.10240889139885101,0.01159806494162624,-0.026703388910370385
0.06392229495678924,2.5725145702832197,0.2046343094152443,0.32091365245244285,-5.6244974264098,2.511805891371216,-0.7926159503550645,0.056393866400722636,-0.0821365918099275,0.09860887756638892,0.0029221742464488054,-0.03245775269759332
0.11842155662560003,1.9130684470967478,0.09916632112905943,0.16947768111113193,-4.508590974157408,1.7508030901398466,-0.6260141323878824,0.07871866142275152,-0.09532160935601897,0.11648189540629514,0.01267688090288821,-0.01858201850556418
0.14079403645236566,2.0644357947987526,0.005272296309540847,0.058239499427224145,-4.163466859588256,-0.6763801120114621,-0.1775498712093309,0.09475831823897718,-0.09144974789798932,0.12039462672270002,-0.004463877492714374,-0.004428742653586393
0.23957164117830834,1.8692318376426724,0.00790381945620533,0.0468240881432786,-4.9244788302433165,1.6624377870074492,-0.40728998761530627,0.05209265474135061,-0.11379505059040296,0.08878093759049349,0.020898204613089888,-0.01278946323982666
0.3132104692385255,1.201381326429002,-0.20152719816336395,-0.254314748455017,-3.157191800266858,0.8728519453775173,-0.046075421322180454,0.08785328821084962,-0.06847629858149448,0.11009004604487257,0.007979819707242986,0.008895531712767524
0.26205642511326727,1.3461262490626156,-0.09104185412371013,0.22650644660794353,-3.5070465203112327,0.8273895941970285,-0.5581301538350445,0.07404741937526615,-0.08922939382246861,0.0968262793820314,-0.0013408094826339312,-0.009070461121508833
0.10922251691573412,2.023522207837531,0.06217681768919414,0.040819487659064124,-4.247023267529906,0.2587551307198229,-0.17137497587995787,0.060901051106572346,-0.08604500353370975,0.08796802410097962,0.013506415086771861,-0.013319362969768656
0.18235329093467417,1.8922852847692293,0.04102498935530652,-0.08776645326146898,-4.670372432401932,1.254866775596911,-0.20340800988120716,0.05200271032493542,-0.10570770045590056,0.09786129108717065,0.008962402531686897,-0.004972216374300453
0.23228811176445,1.4534255317419702,-0.015194594672659711,-0.2556655786523392,-4.113023794958013,2.37681093519438,-0.21561566859702525,0.06317439114328371,-0.09427527984564607,0.0954695294666249,0.021797633980367048,-0.02072297009258567
0.3701699935299702,1.5198722695315487,-0.15946528137110272,-0.14428002802006681,-4.32454749447658,1.525355748227948,-0.24200971985285585,0.07486950122553307,-0.047418472357489444,0.12232506678438143,0.0052140710382967415,-0.03281066894168444
0.22839511852414646,2.3107082143111395,0.03387743620025274,0.13398743661508394,-5.383716534646118,1.3575438083057425,-0.4857097815968522,0.057985568892988004,-0.08613979304856983,0.11033989125137877,0.00045215143578369865,-0.041818038038746286
0.22715944805994653,1.8241437578065554,-0.003877550996764567,0.05934028715699116,-4.684822432265341,0.9589244524754876,-0.34699670887918904,0.05855817480380987,-0.11444510064832275,0.10829214939312848,0.003361542963887687,-0.004477982938421721
0.11429549193727379,2.244445637718614,0.11524196027076505,-0.3745927894450526,-5.053316384193199,2.3847820577259498,-0.1612129459440759,0.07797155654595322,-0.09073364965488351,0.11366787497427633,0.01138564587459745,-0.005939759768836761
0.16583667106760538,2.1219222655045145,-0.007407483284776362,-0.013020928396469345,-4.390458335043265,0.03401280262771615,-0.15702861506246257,0.0808887181471814,-0.07691735404000605,0.12034403671977328,0.006536022131123587,-0.02492550087300549
0.3367926002882225,1.1733562484137658,-0.15286147889995105,-0.0705706510789438,-3.712681966623265,0.9334188292798545,-0.23531412284015885,0.06489662572798618,-0.09118538220935943,0.09839840947825,0.03390200690037776,-0.00652114212145638
0.10095412682561491,2.010108376772446,0.12228887844893599,0.06868539703172094,-4.586693415072077,1.04370242250859,-0.40962294265316707,0.04420797862404119,-0.09928131763259529,0.11068164589165613,0.01990072999919401,-0.015318967136114914
0.14701224184582104,1.8955293734111165,0.07744434478959683,0.5751007578801742,-4.518812239178641,0.2926630153224235,-0.7625370645739459,0.058261671508928636,-0.10926608124003945,0.0706383204213657,0.021110255585337634,-0.02484329267717522
0.29537962273116747,1.084527318595388,-0.1671704168170972,0.19759757143009646,-3.078209190072501,0.22626792750573874,-0.4054621243002337,0.07356167478083589,-0.07641413478572565,0.10515320876542077,0.02654183516566208,-0.00839288138058808
0.222695770709408,1.6110772232569581,0.01686463331602639,-0.18068361776352787,-4.442188256757081,2.28805505078654,-0.3031378989134123,0.05365500247503474,-0.09691926884048935,0.10014835303909425,0.01965552723111119,-0.024344522907674637
0.22940355542818727,1.7484246137688295,0.011721687367357347,0.2943266391575946,-4.684628860770162,1.1891421964576712,-0.5082245594857537,0.03319194209721865,-0.1119077270931732,0.07179533719470094,0.02842669170844281,-0.023500772316468188
0.2116321768726981,2.0717111869695266,0.0020913341308896882,0.17729696759911917,-4.788188502368476,1.1613646472140533,-0.41973194026617927,0.054783580020639766,-0.12393908862284897,0.08369722179521172,0.007468284205624398,-0.013115442701287505
0.117917530835486,1.9869529165594064,0.07927493468679359,0.02274623207387033,-4.523937734864695,0.458443038699881,-0.13450881370430548,0.06132805094804611,-0.10767498765711625,0.08607801472739154,0.011539989441619158,-0.0030101870755329108
0.13091552886185254,2.1908602959517522,0.08981134903691834,0.28946684325120015,-4.802363702617404,0.7561215123874214,-0.5478260248693625,0.05311772452069591,-0.14241080287945646,0.09037420391429596,-0.00015450930742022528,-0.020866785193699333
0.2798548127660708,1.3611563741105648,-0.03769676409080713,-0.11906764972511232,-4.286372202847486,2.8105132341021393,-0.39452480608307394,0.0689079831271124,-0.10928245164567382,0.08286587834912829,0.029721377958786932,-0.026598748198652433
0.2998277420654783,2.002890295350947,-0.09889061244196862,0.11847068663581656,-4.797268290971354,0.1579541229122201,-0.2379752330997773,0.044220657522560214,-0.08588449959976607,0.10435998638999833,0.014237326469453415,-0.024573811671280144
0.15128482437362864,1.9626677831499597,0.02583066669707601,0.12105553879796642,-4.2823817824497,1.397975619756896,-0.4097095558115648,0.05403074163909305,-0.07707435771430182,0.09369900696779593,0.005324532206910648,-0.014671863029701582
0.17823974236371654,1.5606277100967605,-0.020061765456293124,0.7739853210584238,-3.6474513588779507,-0.4327809574593575,-0.8546679922697695,0.05371662786580664,-0.08900071537678805,0.09075477101051754,0.025376594993798185,-0.02629005322738942
0.15563975276838646,2.100508736612906,0.062487415325393814,0.0654393186848386,-4.8249073372582885,1.2561434141238,-0.39931340828705386,0.04815146147538968,-0.08213351470085528,0.09178761413883607,0.029282522157250912,-0.028039923697757985
0.19427399206565985,2.275677163984247,0.1103236889008472,-0.3515155822592728,-5.710384567833221,2.8978984835532677,-0.253063763222525,0.03971177473524573,-0.097353611638194,0.09992457514948289,0.019747478665731344,-0.044235798963236705
0.1454560412342722,1.8490054455529377,0.05236041144161252,0.37963170969028803,-4.291436795472554,0.9938764686136777,-0.6626804584137986,0.055630755195733905,-0.09001944343037943,0.09549942552166413,0.009053600808506923,-0.012712856415599605
0.26190873741175713,1.5299359660135479,-0.07450429837751271,-0.1327290260830169,-3.9962504933589496,1.0110903724543132,-0.24458961020254585,0.0985940366510864,-0.0788531615249207,0.11480065562711458,0.006900430063988883,-0.011525640642807367
0.07113283741768642,2.1135926609418187,0.15640590512309127,0.07254124783686448,-4.7312051646480455,1.1502033120434527,-0.37042236585515054,0.049626519288281046,-0.09785582876559168,0.06630289544403956,0.023461430556268814,-0.0171681461428721
0.08434058350417561,2.3718198201380165,0.19121256653601204,0.09195594107714676,-5.498028808701002,1.991077884359846,-0.5270892935585618,0.04933151108403938,-0.0901162744183786,0.09230433379294273,0.017874240383879858,-0.027844055256836864
0.10497944345171725,1.9725336927293897,0.10572522677156959,-0.11859802616035761,-4.647376126138574,2.2975698667923976,-0.4247674079112889,0.05437439768852148,-0.06587771197016279,0.13325981528623976,0.0345825766775838,-0.013824698791261913
0.06124763989606148,2.617519464951702,0.19032874236552466,0.1418523068726651,-5.6545598068650325,1.8809965634744144,-0.5696950914679512,0.06331081297093416,-0.09905968029060364,0.11301456697771711,0.00011013777320156848,-0.008769071229904557
0.20740484327979108,1.666048935363115,-0.02116707816122032,0.31540495310371147,-4.0314799974329985,0.32797366846568493,-0.5436508163117442,0.06854688994902769,-0.0715988913356736,0.09754750574363738,0.013913935507620434,-0.02535731102960792
0.09141903421191547,2.3746955549254114,0.1957245671719674,-0.3586740222860456,-5.706520541131896,2.964528029518543,-0.17954967887667858,0.04492943872278676,-0.10651523139251018,0.08546861800297717,0.03129588229136149,-0.015754828152966027
0.25478923375231033,1.6520577485383647,-0.03441930078949784,0.22402837103695547,-4.447282543383652,1.1633870870514647,-0.5774522937535969,0.062126645040217754,-0.10148774826144658,0.1011936798816756,0.006591861770290364,0.003309879645409408
0.2513397778390373,1.5402240476164977,-0.0886122695099395,0.2735514927149622,-3.803658262904407,0.2527395282709797,-0.4966367823073702,0.06789834602729752,-0.07138588116872469,0.0975644201706918,0.0052078454545005926,-0.006194528006557065
0.22583431184499608,1.3520338212152196,-0.08324630231744756,0.33549931526302174,-3.3343981479481584,0.7734189044049623,-0.6952304671193041,0.10119704191803447,-0.07704985973048417,0.10353351202835931,0.004885510367825363,-0.010057785675702646
0.3095099767831888,1.389029529063714,-0.12689924964066435,0.08282552796164826,-3.9455009220934154,0.9093330626741271,-0.416292378052982,0.07380311455774541,-0.082726387717763,0.11097751456337782,0.025535958877163034,-0.008938833609826113
0.23987887065876015,1.2880216331547727,-0.0789906068729791,0.08863880262360758,-3.4615434723783975,0.45363762834391713,-0.34287586987904445,0.07581191329026787,-0.07762060286440414,0.10158782482545789,0.02228897939018193,-0.017007555007078567
0.13190850335314735,1.69226419331106,0.05038899419600806,0.4738285249821857,-3.95895745262862,-0.3263671447718674,-0.5475929196295477,0.05315446049007663,-0.10095905344241174,0.07289754023748193,0.020508684174192604,-0.004442058839897789
0.1555784056641348,2.3074324400304342,0.0706904051160937,-0.25243237605708646,-5.068688385285,1.7135682989976968,-0.12935865790307685,0.06691061989880487,-0.08939644648357531,0.11212670185296741,-0.0008315895722430522,-0.025605199180985694
0.17354521700030925,1.754637137036854,0.02664516192147115,-0.08974419714241752,-4.195048166516711,2.0309828182956475,-0.37523745692122523,0.050926185103289445,-0.10369559659245059,0.09481319934082916,0.01662118676598362,-0.012763033772543397
0.3509885878061228,1.359877709137848,-0.16573828528711532,0.32411076224137686,-3.8384394536382667,0.08028979572895109,-0.4887926962687014,0.07277152880421905,-0.08619387105511961,0.09739239113118761,0.0072638758428962835,-0.028721251849193608
0.21448048129180092,1.623363959894918,-0.016247273304175747,-0.20495233386902867,-4.183767877754352,1.905599080206035,-0.26146285360482063,0.0711785958592665,-0.06555242224121444,0.10726766124266299,0.0222611212653252,-0.021822847983921312
0.1250247062939637,2.2980758098991,0.11186977466644099,0.16641095215931156,-5.06681592032,0.9853857522819714,-0.49232665291075417,0.05166818296791098,-0.1326172976995122,0.10100767691664392,-0.0010635849586274615,-0.00807125109953255
0.31801201744780583,1.0504205573123213,-0.17759760799114377,0.019161075246372915,-3.210359558600548,0.7139688588443203,-0.24580554898146162,0.07710429443363442,-0.06066324220734973,0.09895919284559743,0.03836060771372951,-0.011194694133266125
0.22934102101614143,1.1121326156083136,-0.09795820980672143,0.4560856826180351,-2.988856661726573,0.60747520505209,-0.765863400677665,0.08481807549399611,-0.05459595363002093,0.10661429304687753,0.01752166814673528,-0.020367511116644588
0.12001500309235341,1.723254448281286,0.043227833854210695,0.27579631235871027,-4.056192507247692,1.5844794555314696,-0.7806929431926106,0.09271693939363965,-0.062076952568330235,0.13295186698208677,0.02663307952433369,0.00540154640086421
0.22010960804946886,1.6182217027444337,-0.034618176944019696,0.01208245194591294,-4.116096505349906,1.2700606160578745,-0.32160324329526724,0.056167768635298154,-0.0918236798437535,0.09777878848594407,0.028990796241423034,-0.006555327622411511
0.04364596586529228,2.955426409782034,0.22502308513322666,0.01632856209662739,-6.019799896916677,2.2317324659059428,-0.4650940474978107,0.04695887176248814,-0.13293451178138976,0.10331469375642177,-0.019128910890844564,-0.005572433096765028
0.20530512787968108,1.7694760793872284,0.006711349879353512,0.4150096038216449,-4.584174408005396,0.47344847138683693,-0.5864174816361214,0.054499922009603186,-0.09598136442102673,0.08629863428269868,0.028827800168134576,-0.015276820276080016
0.44699525885975494,0.752923139396117,-0.2764216687733281,-0.1893194034742366,-3.2659761532547478,1.7483804636861742,-0.19192250253074417,0.06107750796118547,-0.07490225804128248,0.11394179739928029,0.04002119556676151,-0.021573325329561993
0.23874216199372328,1.5229713403366827,-0.05232498395213081,0.3494157494191477,-3.958481949811723,0.22928797436305656,-0.5069654260094053,0.04722858468478219,-0.09332856286949354,0.1032847172413768,0.02646513190455957,-0.02438288212143458
0.40255541456927163,1.3339719038465714,-0.1869136026894085,-0.10976719933500317,-4.154216003167277,1.6397542923613073,-0.2553550573439425,0.06795259890888432,-0.115001858003598,0.11168554815113274,0.007434491916558594,-0.019765910579127577
0.12186600078894057,2.2793755321122746,0.08590043069134468,0.2180687289678689,-4.90689010726238,1.2112337034921559,-0.4978663126570114,0.05395852213392405,-0.09705443864251195,0.09483103620526578,0.014632740931286414,-0.022017521049479183
0.10794818504347725,2.1886531403371694,0.09521868468782424,0.6120253664913162,-4.721367151124024,-0.051683630591263414,-0.7504098081622278,0.06070101472232259,-0.10711958075581518,0.08856182554985065,0.007134485845478822,-0.020647405025296717
0.19332048819802658,1.4480612051468045,-0.026780921470334285,-0.050431684796538825,-3.640770493475895,0.9559940231762899,-0.24112065407484867,0.06700520023281434,-0.07921078410100207,0.08196884616937611,0.021190084715819957,-0.00894666787208559
0.2700101217961484,1.6197669141370339,-0.09201326831150847,0.09019077181766172,-4.211319358031451,0.6778170787755452,-0.32259383506217343,0.06319128497531326,-0.09325690621481508,0.12150119985821856,0.030399575872978146,-0.006443934738567747
0.03137535114490207,2.8162593150218824,0.20110843455437943,-0.1086388320095015,-5.692414487497716,1.3584942919770995,-0.27282036649247987,0.06923301612829891,-0.06358116265673824,0.11994509501247036,0.010653027320169484,-0.02676751029845026
0.29618392637105845,1.3483695334915733,-0.10937707592338664,0.3232157730082745,-3.8428579926706328,0.3213323622336495,-0.3310795460527393,0.030736106311518796,-0.09476201078549154,0.06424217230047002,0.029326903947649474,-0.027394460261030207
0.12469662878299421,2.1648330168234615,0.07349184567892708,0.4290789937515691,-4.612854827159994,1.3137424434726486,-0.8311870597709108,0.08075714649960819,-0.07203747692294771,0.10132434393331524,-0.01149370177277298,-0.004578243781158897
0.2801132499264634,1.214817110595033,-0.0964124605713571,0.12821613448057076,-3.733802460945929,1.485790447835018,-0.4800496326641209,0.07643686277356435,-0.07493739313520287,0.08175475519650699,0.05830730264974532,-0.02297704218093838
0.122455099489617,2.158384478056675,0.11913229520607316,-0.3053192140316099,-5.062735196827399,2.314090037810186,-0.35904224965068765,0.08757199624394102,-0.07804189591419147,0.133537171627425,0.008401936897949547,-0.002244803049053834
0.11270182008643802,2.312216837057308,0.12192828553785984,-0.04557373251774696,-5.127952358713696,1.597827951217828,-0.31037160132466945,0.06842833636350659,-0.10628316395807552,0.10827777196154742,-0.0010194257247660987,-0.01658717015369926
-0.04253552763370616,2.9334950527650836,0.25341754488006285,0.5628193997153419,-5.4632794380188,0.3884202884949402,-0.8105556555684248,0.046793692797210795,-0.05585598371177802,0.09218476715854562,-0.008726713319544332,-0.011138840478047252
0.22824154267319988,1.5432699627251236,-0.06572223502637542,0.5483433432204448,-3.7797597800682574,-0.3878739600127398,-0.6107621609313343,0.06084601555325572,-0.07087558158732638,0.08562384938453005,0.012073610386903466,-0.00801280685368233
0.21269387457749797,1.3942969888421926,-0.0522167715591757,0.11984131655948504,-3.5329743305651418,0.5858467338272406,-0.3977423548466876,0.07567232957300529,-0.07339040052929846,0.11078484248383547,0.026253415040230987,-0.029998785030634745
0.15399029226678132,2.16822417056623,0.07292084398497822,-0.3681868096399693,-4.824406428715809,1.2480762489491073,-0.08930075325905909,0.09354776452559216,-0.07319028129415356,0.12053974594444028,0.008443474546585117,-0.042834226713684864
0.24226824553602214,2.191418337780804,-0.017042409245031642,0.15801155621322857,-5.137271510396628,0.8710069701252225,-0.3530649996082694,0.036574638163113515,-0.0820672939812721,0.10674216683932394,0.01872076717561677,-0.04166794729886936
0.25330188876347515,1.5670894656456966,0.027502306471194782,-0.07228590213731745,-4.657217141994414,2.7018863900824,-0.5066023232130275,0.058468476919994794,-0.09846866490230494,0.0935351501747686,0.0227669182105944,-0.037912140877703115
0.0913283383686905,2.299576966971229,0.15780172001657022,0.23726282220271647,-5.220093964743851,1.4657873002252697,-0.5820760547299718,0.044657890305406955,-0.10750096131857279,0.12420255318820633,0.0025122838252717994,-0.03178020417501459
0.23341566407639483,1.5388110887020094,0.009515514481328813,0.2073119929961425,-4.330194732411028,1.6328233873006741,-0.6076406326957086,0.05639109899432759,-0.10267067556212794,0.08637928605738387,0.0185559599388197,-0.02568594125327517
-0.13721323547554526,3.3174504855741644,0.36028429132165884,0.4668911452756768,-6.076109771680223,0.9666550366925302,-0.7815488066333185,0.06765382992347091,-0.0656226615671458,0.12749147595192145,-0.012493788718883847,-0.013667261873443026
0.12964536051985287,1.865426485598357,0.09483145459684672,0.12095444630617683,-4.530332568444207,1.1401888958203128,-0.37555030545356727,0.04981443044428219,-0.11586287948463703,0.09839623901036126,0.015595125635157081,-0.015763515593882116
0.09291260414270858,2.23588115366037,0.1380471291079317,0.28501338293756256,-4.985793358398086,1.7271549770912147,-0.8183133802891538,0.11153208719550745,-0.0749861253476033,0.10379219751914037,0.01635611873264442,-0.014447355844135257
0.2189680079699253,2.1899755079186316,-0.011041863018356635,-0.11668260190432742,-4.942845833557994,1.0752488299149146,-0.11036542192303458,0.07730937637150198,-0.0857319309158629,0.11495687577098246,0.007112416589983295,-0.03716639037928715
0.2617497931875367,1.531063967345651,-0.06631264378408064,-0.15723326375396202,-4.183880007199357,0.6370954081218911,-0.07562818739476325,0.07385431237079687,-0.10709518913792937,0.11413084875873375,0.021744313792470327,-0.0033295563457661492
0.21676246364246962,1.533422157269779,-0.02978050162914092,0.352135964860879,-3.975889855069943,0.4100283894078144,-0.5894242310238992,0.06470907086147412,-0.08444491417910877,0.09569549428502264,0.021537955292048494,-0.007539368586545359
0.26285183315468613,1.8888571570360444,-0.06122226234645556,0.1332282340312915,-4.468039021994897,0.9452185549549492,-0.3826317799225972,0.04016795049892424,-0.06793050990882726,0.0988040127524745,0.01128642853270967,-0.03114683871141466
0.35345192794429703,1.3093668791335176,-0.1324047502978185,0.13876814315606806,-3.886204836953186,0.45435620888545614,-0.25572337012925483,0.029704451130013992,-0.12276064406796458,0.08015447173997316,0.03235817896150156,-0.054717867421844923
0.2200837199017008,1.9633104510753343,-0.007442621545188155,0.27432305787334826,-4.700041081056052,0.11396037225497138,-0.5491741456252826,0.08762425391937695,-0.06665244849369284,0.11666656840025838,0.003704163388562165,-0.020836259456398998
0.2007844585959701,1.4751266804112706,-0.023678303189139882,0.2225573985824153,-3.7521152431839546,0.12139515231643663,-0.33667381315806094,0.04769393234956276,-0.10572169657830338,0.08973515071990984,0.01713231128661108,-0.00688048433015398
0.2859750998590924,1.2971165168786134,-0.11628623981590969,0.14895864160111083,-3.6118465589871387,0.41558510957448525,-0.4155578305468131,0.08661170166887147,-0.06637757814184467,0.12403788827240536,0.02366082189577834,-0.030997193098014852
0.3108734681206655,1.0856505683958861,-0.17897741767426312,-0.3194536162543082,-3.1463721400562252,0.2795044016374518,0.07797837873749242,0.09398339188102958,-0.08999021764156631,0.11919841298792569,0.031541615756719044,-0.01209919755359895
0.14157292541280997,1.956533618371396,0.10248627628512108,0.005617001392174276,-4.9123575784812425,1.3631543095058012,-0.48431303351826804,0.09098050117574599,-0.08751156477219207,0.12845908321315958,0.02282788851786377,-0.025710574348782433
0.20808956263952133,1.3857794968449486,0.03619412009181522,0.1318016065401078,-4.137170753377448,1.808334581741501,-0.5623508794878982,0.04414786487849795,-0.12758498883208524,0.08569575013825023,0.01937233061283644,-0.010591181790928883
0.02830625274658736,2.520911102915225,0.2242779703177573,0.06496184279736883,-5.360212100933832,1.4218615201353926,-0.4464773357899381,0.054450499424870735,-0.08818426778529886,0.09139236601321243,0.013770807805243424,-0.03462595227715337
0.25588635644343455,1.538261063839305,-0.04537878731202727,-0.2595905685217557,-4.224595377739635,1.5402385071377538,-0.14169966452004085,0.08565763699417533,-0.09803880309364355,0.1169115749030736,0.015369492023266096,-0.00761368564680609
0.20755157807047667,1.6928709241789623,3.828044674658582e-05,0.4601530152433659,-4.352425741044525,-0.24808462049600857,-0.5290871179961214,0.027689986638212122,-0.09224371484963217,0.09458325382434898,0.03528397385567106,-0.02829716340571864
0.08484387862871276,2.2887321448141305,0.17717263378361192,0.23560703303466435,-5.249994451822035,1.2115424288799348,-0.4820712642769772,0.022565964764500568,-0.13484994526717753,0.0732618944936177,0.01127039864698931,-0.01926608856046741
0.2664388531500868,1.8052007678195987,-0.0885894149252936,0.5019734974353659,-4.171809635887148,-1.2281612834224924,-0.43687675008004145,0.06399321387838386,-0.07919932685663311,0.09989835511268585,0.0027754672028368343,-0.04630934822431221
0.10993159323275717,2.0621505812670775,0.08902163841809974,0.16401711121451806,-4.4762172374419285,0.43939757675821506,-0.4267028310169963,0.0759923874348779,-0.0845877492125583,0.10532948639135753,0.006469082742407317,-0.026667703037790313
0.12252118921037894,2.1595621654519714,0.08866032922019862,-0.05703761998644577,-4.762734929087469,1.5703210255696667,-0.2903281509051193,0.058683648329889315,-0.0748583876951675,0.10474034526996656,0.01285173444057941,-0.028022236025453062
0.03745629183463176,2.707499561111104,0.1976919386862499,0.3189319573210743,-5.524183494915363,0.7673546441783172,-0.5847516099151109,0.04589513382970589,-0.1152878221201672,0.08816740908998694,0.0024455279978199407,-0.01081988341848239
0.28410700926726595,1.023382409139136,-0.12339494009028357,-0.2861789866490626,-3.147440129737113,1.6197729452268383,-0.3052819005456221,0.13818121745820913,-0.06421543467565705,0.14095065959804115,0.010078658630873483,-0.012843882762098191
0.11590682270061407,2.2542224678436167,0.07363752110442756,0.6692499296628626,-4.726767888069022,0.14497845151067176,-0.9083116267626702,0.07414430492037427,-0.09405959227843336,0.10951591097951152,0.006123689063727733,-0.010086154036222816
0.1704103126531355,1.8693879893571361,0.02894697675121849,0.3235614095407129,-4.339706928951039,0.8690063206483193,-0.5952407424377902,0.0694343234921207,-0.07866573022939033,0.10349082253551406,0.02050041847275008,-0.029937168383586066
0.09397232725350323,1.9368001363135472,0.08537444526079696,0.6516146028137555,-4.128807112022041,-0.49734033785372245,-0.6652311659477631,0.04458911705235885,-0.10022887046612666,0.07024626164280168,0.010961667595465241,-0.019823930272126367
0.19763994843068863,1.9155137709774723,0.00483106781278253,0.04429195556011298,-4.539761328500737,0.9186299848668757,-0.31316364141876274,0.053178728364909555,-0.08997460801934187,0.10741000547116986,0.02536403755495431,-0.020855402187219596
0.2872317350865073,1.992574008515108,-0.07517239051307767,0.09595267962663082,-4.648022616479169,0.1797802513064872,-0.3357118086104992,0.08187317382345069,-0.10662524290168285,0.10873649504813335,-0.003664389332597162,-0.04019702288747162
0.285078467824702,1.722236070127759,-0.0521287408852249,0.13214302516674625,-4.529758693325211,1.7999155394816864,-0.5273186794711472,0.08708473288212948,-0.10764980776969049,0.10093088067044886,0.009618570964271322,-0.04631217079922567
0.23138632221862884,1.591686010392818,-0.06658304588205344,0.5445721525019246,-3.782863012340514,0.10353518642697815,-0.7656513920713721,0.08357622744829357,-0.11375412792882245,0.10139371138984771,-0.006149771999569287,-0.01157378509730067
0.23041675147384397,1.450793493900505,-0.003920323574205353,0.061904534309084686,-4.223864304413613,1.7367932254658573,-0.4480986747839013,0.05386417433765742,-0.10687838524775967,0.10256241081928974,0.020006514619068716,-0.007157574932551869
0.1399726704395597,1.9109761548940267,0.028156800551580208,0.011800439439464516,-4.072452718477522,0.7217957371231071,-0.40370701539640175,0.0943048202882597,-0.05346647787361436,0.11987937874203933,0.005175106098172955,-0.017504679491089248
0.2962678705943691,1.5932725632934235,-0.07608779296053392,0.06716973447217756,-4.351127505302003,1.7369664751010332,-0.32761913116283253,0.020921109512475583,-0.11446471923649304,0.07705646748210024,0.022321045704506104,-0.023732358299539236
0.2835787894853802,1.2313210791900178,-0.12435792488217068,0.34206218193589627,-3.404175023410136,0.06552748923570466,-0.5147890880475363,0.06502805275507115,-0.09270286253348237,0.09609554699150827,0.024313149207849494,-0.01855141959267792
0.2017722000994636,1.7012384820067616,0.022003355710674688,0.5534694738819157,-4.233345728783087,0.6424230697711483,-0.7994352821895051,0.05626996415631805,-0.11760864450021596,0.0845396099495,0.01761309408852163,-0.0372826011454217
0.18462984795348655,1.638360792478008,-0.0026915871528345736,0.19959541173503792,-4.085811173168772,1.018248542299873,-0.41239245328086965,0.04020806382210612,-0.08396921549329356,0.09371531678513756,0.0321730790627861,-0.01651703915480096
0.29708059034942685,1.3430005189468368,-0.0694953006305361,-0.19647100732245706,-4.120787876802019,1.6591365420478201,-0.19666665926538743,0.0590447529278518,-0.1279798095050568,0.1128068356151102,0.008575355711318122,-0.01686539047805391
0.1703010753645116,2.1447797747003996,0.0224144792240919,0.7088734162401058,-4.691967846272251,-0.6237510838993866,-0.7066486959717436,0.032851032479737696,-0.1073950522871771,0.10658364003039572,0.013806464365988091,-0.025110158338211175
0.30159864300033146,1.9535752153476669,-0.11357983465675892,0.1963164253638909,-4.4769393890225295,0.3793439139136089,-0.3849052378574134,0.05787206152519159,-0.06876399345505621,0.10528269439393448,-0.017901378260053336,-0.01252214133635654
0.24836356749482555,1.5357894528797464,-0.08067735763993844,0.21009428022218068,-3.9612448211531683,0.462983922181042,-0.4634398068608787,0.05244463759809212,-0.07068090161124901,0.11372052728253507,0.024890165581679558,-0.006860316213387452
0.18000651637841597,2.2190820550990744,0.08202847561896975,0.10668213749466796,-5.335347011021124,1.4603921776747475,-0.47147054794073806,0.06383441494760989,-0.1420804304164931,0.11778531065573639,0.0068731622069825304,-0.03112017629525554
0.17956016819508344,1.6477425452674075,-0.01938139261577143,0.1621698558154753,-3.860319403067738,0.2502056132907707,-0.3785288516626955,0.07320253676595867,-0.09406351539885244,0.11353855175824157,0.013539770858502831,-0.004962658348144688
0.23092800496001165,1.54442224805816,-0.033056690844330494,0.2807884791524413,-4.1411621739532025,0.3543152481137309,-0.525819373027702,0.0734738648413629,-0.0858747584438514,0.10732554662822269,0.020770125395575545,-0.010605014010231839
0.37521068934372864,1.1858536438275626,-0.208841483046038,0.3094833516879938,-3.5247046714909644,-0.25381400122388614,-0.337546921729426,0.04544216876480599,-0.09791368061282918,0.07777352771919407,0.02221284289534947,-0.009775727383871724
0.17000297607621473,1.876178367587478,0.02308128335249582,0.0456828647766335,-4.378508117352126,0.9025384470313716,-0.3978100523725938,0.09120915497521853,-0.07798727674213823,0.10160117099480209,0.028256135881383093,-0.024162085091726793
0.1251472833771124,2.2169032439032423,0.09989533302482623,0.2577173728935389,-4.773103181510875,1.7101058837334795,-0.6389277724674176,0.06497824251197815,-0.08232224836662422,0.08722941980566329,-0.006945691236923235,-0.03338582589816563
0.11589403785288228,1.9864910866998704,0.10587143745313887,-0.2188877966842211,-4.709375866463015,1.7067994140510383,-0.2909574856980155,0.08057704453861053,-0.08518666213324327,0.1147906552059513,0.0259997971557393,-0.006868483962218952
0.08012963280888252,2.4276319534679653,0.10126298719330329,0.27426433986392684,-4.785636800308067,-0.0630406479784717,-0.44529189348381193,0.07736837915283634,-0.0838698296861507,0.11135056159578144,-0.0035962098567712264,-0.014157909196252705
0.27977831332179043,1.4500416238384188,-0.056227210375417225,0.2437725780520194,-4.259216847011758,1.3262884214027633,-0.560099325272645,0.041718980684073814,-0.09771609512456106,0.09180958778241723,0.026281242989463827,-0.018137121148154356
0.1806408112194513,1.8808292212391824,0.021445406066780137,0.4807845465298489,-4.396872558463947,0.14578484721992993,-0.662818639588461,0.07041333055085724,-0.12039631644840121,0.09291322482075687,-0.0009628256574681915,-0.019386565247510368
0.2513380084158812,1.8025136068792607,-0.06999986024420612,0.4689198617880037,-4.285011483502447,-0.9812162412693678,-0.4084473347875244,0.05122352014667625,-0.09726369943609359,0.08853666016490574,0.022913943979015805,-0.026087590969680385
0.24776847084254597,1.4112421360842955,-0.04059730973277109,0.22756752141246286,-3.919368742025353,0.9765381007206078,-0.6762312224080878,0.0797187613681068,-0.07826495906036132,0.11416495727938852,0.004772390867397891,-0.016900129543442277
0.18144101772192345,1.6970775180626365,0.03289294129271114,0.4745493377450722,-4.28957738466098,1.9220748818244824,-1.0038156482557161,0.08802067460185331,-0.08124333355227592,0.11053688047135113,0.019886396768202586,-0.009147165065051976
0.20443784968728745,1.7394557789301548,-0.018145223856486647,0.371361172723154,-4.150902604780033,0.15948479235262797,-0.5102864154805175,0.05012998587098383,-0.1079673022858651,0.08722786030078933,0.013036876868115166,-0.015231125188244654
0.08321534434768098,2.17345494826689,0.14675146315478105,-0.026856660687322398,-4.903212706178158,2.040885542126495,-0.5441600164772501,0.08529677351312004,-0.08596337834649886,0.12660138816338612,0.015660936416309612,-0.016107049663576345
0.17917073397181127,1.6276626310737652,0.03757746196698719,0.1696264983578873,-4.0991854024838785,0.6123670198024429,-0.38640392514426436,0.05924198037680789,-0.14099634590009796,0.09348035325358306,-0.004594243930164721,-0.012530821718765406
0.10708695881993444,2.3799439653798378,0.07780255751794862,0.32609272908766274,-4.841827197335967,0.2885350648694244,-0.5458701649484494,0.07892436092576571,-0.0812826223094471,0.10102023970663587,-0.008968786516399097,0.0011073548412909862
0.1578801487044276,1.8873621223736274,0.05750065306026597,0.003868156778373405,-4.638755793557137,1.8525327224100372,-0.35965693095273615,0.04333326327064929,-0.09179444011959448,0.10189181954047122,0.025304960234326268,-0.0018946841885120191
0.38741384736638373,1.223424317028133,-0.21442949674984424,-0.3104511648174441,-3.7866272064183075,1.3434308152833783,0.01386607984662476,0.06427996060739638,-0.07461942374682456,0.09597289558204358,0.028738098698919967,-0.0007828068529655563
0.1744157861926656,1.6875722844461492,0.02540868283235953,-0.20093821693870656,-4.172503716765436,1.1200773835915625,-0.1889228493241526,0.08105374635669077,-0.09558927559608299,0.1187418991815744,0.015424446459296193,-0.009418540233197326
0.1876290539928488,2.046439307889346,-0.0006170174504505077,0.4594854888136891,-4.503363707681805,-0.3776217755496904,-0.438315891009022,0.055017562092805394,-0.13113012997359436,0.08733797355741002,-0.011477611811492205,-0.012239454411046902
0.12107753520152789,2.0886006176415197,0.055356663673611806,0.5292593905181938,-4.406562294535159,-0.09728964654490209,-0.7195739414855428,0.07144631456495648,-0.08155299940434024,0.09586267809131424,0.0008732787869615288,-0.010552548080890123
0.21296059149310576,2.0216513022381943,0.029366031072793897,-0.1759678138609775,-4.873815648975261,2.048843932830673,-0.4278121704992466,0.10749280625093482,-0.061055568904122115,0.12995542665280077,0.004014065879930917,-0.04225838395522241
0.19062837510277145,2.002118401283557,-0.027225448725808343,0.11024132970265682,-4.255602269987111,0.3266305334460189,-0.31864890755996206,0.07233998724969048,-0.09284029083841266,0.1103655340695775,0.0005646722217140798,-0.015760701259829424
0.10808978161500196,2.5499596450007393,0.10961480547750435,0.11360634402626593,-5.304439609856894,0.5693552295680916,-0.37298486953309506,0.05342207073638755,-0.06200132195319202,0.12871126384856424,0.005075512448672548,-0.022737070706345675
0.23081727934866916,1.3793178523995508,-0.09105536112604917,0.5859904963785042,-3.5428901375768307,-1.0152120843451398,-0.6989413648498972,0.06250485190223634,-0.0771083464478739,0.1322526626890865,0.03528197086616386,-0.001333971748718188
0.09612272940606348,2.3721544845317197,0.16112685131448545,0.41562012761254086,-5.342797127008702,1.4381358871250547,-0.726171451609577,0.05460448789756095,-0.09771449242022284,0.07045503003889142,0.02398412621785584,-0.03406603284996246
0.2176551532783907,1.6380011743397733,-0.015702149291489387,0.3322659917780076,-4.161738363184577,1.093286169139096,-0.6373311697137198,0.05589618439574473,-0.11376806823653052,0.0856941949441718,0.0215302007518835,-0.008534099422978336
0.2726485306669755,1.7195557477334442,-0.10864013987403265,0.06291334532784493,-4.056940432785212,0.09380167472807512,-0.20786269714563946,0.06552333277857936,-0.07408183084115699,0.10222199058112881,0.017572832147149886,-0.022643932598916616
0.2155867169170637,1.734036567769506,0.007531133404241386,0.24375949406312053,-4.407893027537042,0.9989199237574818,-0.6335507869498488,0.07134013492876659,-0.11929764496219442,0.11766998596106537,0.004281139686061697,-0.02056056645211779
0.11186804583135646,1.872854135989346,0.0721550912434652,0.2584027974786538,-4.239192466103052,0.47099831933389286,-0.607125845524127,0.1025859452950082,-0.07899627051500235,0.1155637583039269,0.011848906029719997,-0.0038733815922342707
0.041762210045478816,2.5517503401413126,0.2206639574728133,0.05004549609634587,-5.421224247068468,1.3942179070269216,-0.31266687446580166,0.04186607679986831,-0.11079581925389365,0.08017723402087984,0.0031702753429132535,-0.041801622129045146
-0.04961362191082269,2.5958696085818227,0.25123130523384907,0.6216340501448258,-4.921039756615588,0.06400376407892897,-0.8250869058008047,0.06383068521672475,-0.08601067548439317,0.08766760056689354,-0.0010025674570856014,-0.020474901841613047
0.168984810663893,1.916556737648418,0.08204964037153029,-0.1334556419222849,-4.855728170888569,2.3241494061808856,-0.39982919920387927,0.05576061403870952,-0.10807293096018877,0.11056327073289235,0.016889284854928355,-0.015211997848262326
0.1196152090993867,2.2493609626812194,0.14370542442834577,0.16057025973304184,-5.297189095595437,1.301303746487193,-0.4374401857940279,0.02550656476692653,-0.12055106853523151,0.08603618167686894,0.01641502258102079,-0.018909478023895088
0.3815689537609346,1.0538811863373858,-0.1634011435230553,-0.18980828476639472,-3.7781095894537957,2.1519039020934714,-0.37161949613064205,0.09399359645440263,-0.09948970553505429,0.13791487963122942,0.014882398848730993,-0.029313545439490607
0.3109447719307835,1.6513430664863085,-0.07423809633131995,-0.2010960385280346,-4.655693547649878,1.478020864368988,-0.09904356102321521,0.04004156048365615,-0.11569343925334857,0.09507054091182843,0.03280325146795027,-0.029119219593022605
0.17892239946472946,2.1489296861638674,0.012704393315905671,0.543168677327432,-4.829227308052958,-0.28187821797132173,-0.5842309243285874,0.05375624441675314,-0.0858391863524623,0.10431147827441167,0.014252393312744638,-0.01621979219837666
0.22088317673549332,1.5638242210043876,-0.04685371943112415,0.45428139058997824,-3.9192573896046756,0.2488084642591835,-0.6874129381846371,0.06630936346249827,-0.09454872340411918,0.11367214570892589,0.022130642248961052,-0.012271489369599653
0.34565458205465915,0.8622543792906059,-0.1854808284577762,0.40249878916497844,-3.133266858173257,-0.16182274610820796,-0.5438951464697508,0.051649229727655274,-0.09272893962213566,0.09503487758111703,0.04705497174911294,-0.00676257800919261
0.18233028100071486,1.9748327610747038,0.04443706325633734,0.026719106545897542,-4.874364502643454,1.3176047251309726,-0.30408247081705686,0.05188811199223348,-0.10172893019176638,0.10601611261645599,0.023839233214907662,-0.010442831552346488
0.22174086346907138,1.6707058025625194,-0.037231790843643364,0.26197897490321354,-4.07832722827747,0.957832213205412,-0.6496462838496571,0.06551045170774028,-0.0682784030020176,0.10359390434529211,0.016208291329415037,-0.012942804292979226
0.11493763244916319,2.010941192362676,0.14465227716258977,-0.2718016901680337,-4.870768793420839,3.588229128484774,-0.44252181247676314,0.05958829608053268,-0.09836602077049367,0.09726553230025625,0.01717338818562575,-0.020772289053543447
0.1644508726158401,1.9224261200797566,0.07051300531343219,0.07573306467955276,-4.754811083482859,1.0786974518350765,-0.21047215298914493,0.01486239186461391,-0.10546737519056315,0.05196682433659239,0.02872992092912874,-0.012722033687441736
0.2633720655152602,1.0991738289479613,-0.07231819206555445,0.6113769518274504,-3.4380153669701246,-0.5932553028104031,-0.711123773232286,0.049246585069883275,-0.09587646342153286,0.09216144414706921,0.030573814340640992,-0.020883745258855224
0.21029685011595145,1.4954279368825565,-0.03508137164233238,0.5484064104687076,-3.615648963804558,-0.6162796102423995,-0.6461058350632689,0.05159473194628911,-0.11250164132211762,0.08911109494937822,0.0028271341832006858,-0.027035614179412915
0.24189952412285287,1.5257851604878963,-0.0362828416505121,-0.1428762415825521,-4.124211881638442,2.224819023279368,-0.37712887201622364,0.06364696028275185,-0.09635001185824191,0.11565964151046088,0.025361788034382826,-0.014968170859342156
0.22345707727795114,1.9035212645617647,-0.06474913713822139,0.42229508865698284,-4.2510513148684845,0.04644098283752057,-0.5078343571191292,0.05490002460412946,-0.08628649578692649,0.10693076360830375,0.008221550723006565,-0.00998919586842506
0.2798556581291676,1.1976481426741898,-0.10103180325500127,0.3842296970813413,-3.3417757732075026,0.4137624573715779,-0.6572378267721428,0.06441022211745345,-0.11644904306409129,0.09665501303141737,0.0053580369756713875,-0.026537179623066842
0.235073747670395,1.710564114853758,-0.02268781361923944,-0.40809972409935924,-4.440717141730265,2.5370668178242006,-0.1567151302739231,0.09140027546314627,-0.0685488207027597,0.11313600904041338,0.023156220489745416,-0.0165547689052008
0.2797199718738383,1.8438317501539372,-0.07628041173673816,-0.020982310307316315,-4.384004972301236,0.7399525439152442,-0.3174192878347911,0.08985835877570286,-0.06301086228352973,0.10566532504439843,-0.0008383320490890078,-0.030464049588249553
0.20176308277209562,2.049454092416304,0.011769978818767735,0.29624183318949204,-4.761105749516571,1.0999498819852196,-0.6031072139242692,0.07491879831373838,-0.10393030328174546,0.09887158624282688,0.0053747189090027625,-0.023339896262432047
0.13316881401864478,2.2161869038686133,0.1003633122347154,0.24477194354067044,-5.122866574041916,1.1942805675214894,-0.5531677021612651,0.03780758993738714,-0.07529096373090838,0.08671442389669748,0.02364565793513773,-0.011863225448125014
0.01089475567979572,2.7794085270936546,0.21033851937664938,0.601754485037269,-5.529364889336665,-0.10010342706334925,-0.7466187085586771,0.049327282660617366,-0.0819415554966646,0.1085361808928702,0.004594868639871796,-0.016316619940062838
0.10379018153671482,1.855741773703714,0.1499071238733668,-0.3854786744223761,-4.850592779343024,2.7079980370036334,-0.20924734107884607,0.059421487027854686,-0.0978730097052447,0.11486072934969907,0.028597642309936555,-0.009931752456832754
0.3210207824367945,1.4549306897066607,-0.12203292616010031,-0.3420768789665879,-4.210889167257677,1.6132707548393865,0.019893501405303923,0.05973475044992499,-0.09068205006046726,0.1114705755862378,0.024145258147021342,-0.007535662794957709
0.1649841006383029,1.7741943574067547,0.010958814509215431,-0.156258332773852,-4.0214526702370295,1.7434680932369435,-0.4038879488574347,0.08919702954891834,-0.08760566117445362,0.11628918200344632,0.002912740234464639,0.0035990424392822185
0.0941682873140636,2.165647506194353,0.10646874552017338,0.25014110577115545,-4.749369726534127,1.1229723145364658,-0.6172955054913563,0.049866049164253023,-0.07157368720951435,0.11572895364844171,0.022077403160336684,-0.01072294440171706
0.2528716953406336,1.8156433326496564,-0.05473871885342785,-0.4335386653188451,-4.4609322131360605,1.7405333264427127,0.029384431589582954,0.06976344067294427,-0.12138451112965137,0.12759785347080937,0.003523215011925318,-0.009613323752323377
0.24473728850839951,1.7350660781304292,-0.03755587915433589,0.1913064134396895,-4.297863744099612,1.007741306463131,-0.5413424425875463,0.06436000302934741,-0.11960310361947171,0.1130310698519506,0.009157764730462148,-0.0288200666710684
0.19852062537983756,1.9194099396769762,0.00016594665679936504,0.08899851442347985,-4.564907735455377,0.9777326665119869,-0.31928180200106077,0.08661447805793429,-0.07398465509327379,0.08716428514803312,0.032515663017444685,-0.029485650638381378
0.21336944465402416,1.7460399806465965,-0.026404132716127404,0.006677706262315036,-4.29423321635878,1.2014436120730831,-0.37819896141009124,0.08544139028422348,-0.07863808661133903,0.12175547409039594,0.020615525237157595,-0.006795563035176144
0.13469836101755514,2.3165512476866983,0.10333872585890291,0.1654865747951438,-5.286611538785686,1.1419693049327704,-0.42644380643165125,0.05840812642601462,-0.11226949407859665,0.09188357251109941,0.009024000093948548,-0.002655323436909107
0.04898459008322,3.024516984815572,0.20661455368504633,0.08272223927808611,-5.968452877002128,2.5210312121453207,-0.6848101175696972,0.07977094813451391,-0.061169025256998855,0.12110540760499122,-0.013535146010519972,-0.03482781545601621
0.14060393685519842,2.204022347868613,0.07573953512568288,0.04815093321502295,-4.755915659831441,0.24991049076556332,-0.26956092894503436,0.060922410622981094,-0.12122762185685287,0.11632493222171292,-0.013845089165627988,-0.022469563686841387
0.30304688822475295,1.417447873053199,-0.11937476280351156,0.5119924595500162,-3.866622716267111,-0.17725800870663524,-0.5630025097550853,0.060667851957797614,-0.11283088648579226,0.08065621347448348,0.021440627286561598,-0.02533485712937117
0.22971934973516,1.1830288334493166,-0.058767352028233466,-0.005204102802296509,-3.2059266033966796,1.0287361101333607,-0.3870077165569792,0.07576914935965484,-0.08595531677319623,0.10306144683986684,0.013435949470019248,-0.02517263826610555
0.20054204928839478,1.9058887604499006,0.06684697478743451,-0.268544386832017,-4.949339157484736,3.1405108271894115,-0.3922639197242328,0.06624200416399983,-0.11478709620895422,0.1220260838672862,0.002217649003204758,-0.02793621977108951
0.10377284164827795,2.334661563084735,0.14031934257906453,0.45688154545446047,-5.319143315739502,0.636081434601498,-0.5603081712537084,0.028374529973980045,-0.10126707262272433,0.07792596681173142,0.017496316183177596,-0.013894076093940999
0.07328801518866557,2.106024974326442,0.11234744800168373,0.521457699363747,-4.389941141241621,-0.5127290529891294,-0.5347357922152665,0.030164758722489526,-0.0959003768324499,0.08503585735901997,0.027912529163265698,-0.0304392117361173
0.25214153784180215,1.3488049886620814,-0.03457803731960318,-0.2484113143276166,-4.125597046379999,2.282771546997527,-0.22191784682434096,0.06806538969200915,-0.08403399164791317,0.08566105828088026,0.0319362878002058,-0.0005247717157749188
0.28327624007556806,1.4578125502475259,-0.10247326445465166,0.3031543487913157,-3.852735921763674,0.4415093356372155,-0.544121671700269,0.07022819880063225,-0.09749080662139584,0.10133354386264501,0.008524081082899426,-0.00883384819723343
0.14696801883106955,1.9798045646935951,0.047010834212872554,0.14145611507011546,-4.4848010853215134,0.34204742827066387,-0.32782075046980375,0.05532336094031559,-0.10079463857667303,0.11631071316193517,0.01449945121499574,-0.009499923439680535
0.2626605790377225,1.9134885288684043,-0.02165355869350427,0.2584281152152892,-4.780057307499313,1.1670030121825883,-0.5608447627333252,0.06302306046620254,-0.13088756740488353,0.09285247529467389,0.005289885808305028,-0.03322280326190896
0.056028766172793384,2.1738663699386707,0.1346915938900506,0.14422187891514732,-4.477365205191163,0.8054941790904828,-0.4489820033369214,0.0630739501686643,-0.08906736466001519,0.10191749837359382,0.012164827281125334,-0.01687680335834041
0.22185522777381605,1.5865250274756078,-0.057694568672165825,0.17950534897399356,-3.8750422758712264,0.6532766724042394,-0.47642141726934717,0.0919623313188449,-0.05977569911850866,0.12079601634779003,0.019602696490097382,-0.031015467276972686
0.2632849140952344,1.9905669277703195,-0.08823741114087325,0.3052173592623604,-4.549873708260498,-0.2515417865660968,-0.32077301327962604,0.05641940932962192,-0.11069491358034045,0.09712601787857161,0.004180281750404857,-0.009646329343576898
0.2822217556688594,1.5180436293146982,-0.11889847689275379,-0.1707741196936289,-3.8639867461870017,0.650382573183377,-0.08279989549696455,0.07492806053601964,-0.05582986394595141,0.11759734004821681,0.030847438762602875,-0.030819899684229046
0.2234675605736096,1.6195350044481152,-0.08517346028810724,-0.12353200099069667,-3.8458525503591634,0.3965287384785987,-0.03192622676551199,0.07390883925422925,-0.06525068546161039,0.10746496662012911,0.018364880213059376,0.009733238657324228
0.25531435305901534,1.3340214619760595,-0.07951235456118266,0.02582512853964207,-3.6910435238479926,0.8862341872233729,-0.3534698721089907,0.0935084911869472,-0.0607702155069674,0.11781690821671043,0.02082291064672359,-0.01870360586422487
0.14253206010239133,1.7504698523742426,0.06789697305719622,-0.15025027063835897,-4.328880571008734,1.8357876983437948,-0.39065832612159,0.08175755148300184,-0.08541020970305385,0.1118782334378623,0.019516823626549606,0.0025093758474525885
0.1813440954849704,2.5925993459051044,0.07113423900759375,-0.08886220156933428,-5.527744943890623,0.5642742478547422,-0.22388993836754115,0.06746640451454483,-0.09330197337113344,0.11790282365368515,0.0008739240631301382,-0.04367880863733664
0.11680806174847104,2.3335773657136976,0.09851309690671584,0.18392766263243143,-5.018422311612091,0.8444412099396122,-0.4785366819003847,0.06673357411511571,-0.11110637421059316,0.09674294735094352,-0.0022903976145812743,-0.011970264260080521
0.25698253880382343,1.6674861629015547,-0.06798842923191062,-0.14952623834940082,-4.2398277225745,0.8890574636535696,-0.045080700144483246,0.05894261368179718,-0.07276060597538192,0.09070740962321813,0.0193126421908576,-0.022391885042997828
0.2671395443651417,1.4211610116969744,-0.13509682723828542,-0.039548621575703505,-3.550563870673043,0.9875362566780037,-0.19748944988068715,0.08061604470907632,-0.06593431595799662,0.104602087999035,0.029258772232613528,-0.002453982774816843
0.1884856316849483,1.5563464156810811,0.013809185523691259,-0.08706900276236654,-4.037905729695788,1.231488101505533,-0.25642699915492506,0.07468854447097736,-0.09624232362089508,0.10458854705674786,0.029115429172875462,-0.0187057838662138
0.2998912317666855,1.6494494423942927,-0.06352104339706244,-0.24302841157939667,-4.716074619446346,1.8798316311617416,-0.23214866467048165,0.062297309954009006,-0.06579217753641359,0.1305806922283769,0.029476140693573516,-0.028310221097192168
0.10515984798513159,2.216678722330313,0.12517457803190668,0.26721676665396654,-4.968394956615821,2.017393169506999,-0.7183518137050872,0.052328913518608244,-0.08471387456827667,0.09534844046290974,0.004138559029896127,-0.007044414927041109
0.3344690452636225,1.0301222509229837,-0.1716914290519,0.3205557924081145,-3.192512870731433,0.1814675705970079,-0.5714788031080185,0.06338262362965226,-0.0888528164983336,0.10092580506073415,0.027506833434154998,-0.028432328062853063
0.331713289099966,1.299347133772474,-0.1321590610440626,-0.16865641690725636,-3.9532253563339363,1.4497264463721353,-0.2230649570363295,0.06690643157434861,-0.0910691468951206,0.11719439628029599,0.026520006392996565,-0.016467084653982278
0.20566871710680237,1.4023424867061276,-0.02892213995405135,0.6496585651249941,-3.7615373123725715,0.17645121734608368,-0.7555360904262751,0.030556677605705768,-0.08819294464711863,0.08683686517164421,0.03352050116749161,-0.012365195165737863
0.18408362173152562,1.83028746991709,0.022921425743613666,0.4808339580939064,-4.390214795503681,1.2198133478061814,-0.8099677475659884,0.057212776650348934,-0.08659310263599357,0.08815927025743614,0.016598091110217927,-0.031179306884658975
0.2103787499869965,1.7160558657389875,-0.02686320724365232,0.5759969739975476,-4.098132567208714,-0.5265387527406308,-0.6107300603804895,0.0512415182383866,-0.1082987735898151,0.07973464548088302,0.013849288044392893,-0.017807539694116636
0.08299563348721307,2.315046877535614,0.10790307225335871,0.3226547069003074,-4.690844752796076,0.4683142265441612,-0.5378472069602231,0.07047783186345086,-0.08732206063029757,0.09487577821433352,0.004404348308899131,-0.029385171237895746
0.17117977314447386,1.7275099101407374,0.039907842257525195,0.08462052253265402,-4.296832743512765,0.9240957052432925,-0.3075370863934222,0.042337326412321435,-0.09454065070534318,0.10618327811605838,0.027804434549963064,-0.03779751826676958
0.24267129318462202,1.7734958467403927,-0.041835537600844463,-0.034495240199993754,-4.422871971121697,0.9943453602638523,-0.30720312765162533,0.09735587751601227,-0.08551736027808232,0.12003312784510298,0.021910266855121763,-0.027231979723608357
0.1391366548938255,2.1680728358546326,0.09918959681741324,0.27018441182459596,-4.914034295546937,1.2091864840920046,-0.6515982458549732,0.07775974224115972,-0.11838627963017123,0.10342425571592329,-0.011727937869870475,-0.019548058513676914
0.2113108276920487,2.045687083327909,-0.009302001309716035,0.14809586588196183,-4.515026307286658,1.0224046537814133,-0.5108499812139013,0.082866729451332,-0.06347423375197425,0.11382336264540552,-0.006027058708516386,-0.033466220326066165
0.19372595778355978,1.7340846620122725,-0.014150456910618336,0.43792571100501837,-4.18606338917312,0.16920664788386885,-0.566296928005857,0.076490143722977,-0.08339833471904817,0.08021305982455695,0.026046246545455287,-0.015533621028871791
0.23256275132669993,2.2201516826984333,-0.010629279868384911,-0.1681253773264369,-5.142717960686073,1.3670366230594566,-0.06711601533551775,0.052677938691365694,-0.05776645827388249,0.09818962530436831,0.001273182755802016,-0.012761841812199859
0.07161276084204893,2.390682519105704,0.2161456716916148,-0.14476514887057257,-5.580144350922254,1.9366555963069363,-0.24590902571711384,0.03989953415928821,-0.13056964754425127,0.09188202458455447,0.008450083475161851,-0.01917194724266502
0.41043589241407896,1.0741669723190648,-0.16756933567664611,0.021119706118147105,-4.092896799119545,1.5157029793536443,-0.32998024262136955,0.037651434228134856,-0.11703763206787476,0.09908169521068022,0.027650310627786168,-0.028908137034969417
0.11490491913633454,1.9991068881348513,0.09622086714979527,0.3249763005864249,-4.590145105486484,0.03322936305746683,-0.46715568354905135,0.061384664937308375,-0.10429536930581113,0.10298402720885519,0.0077194521049862574,-0.020550177112938384
0.06999570520520201,2.43308926051761,0.15815032010334296,0.45479738460280417,-5.0779821481382506,0.17893733913535512,-0.5709118061082856,0.03574882930000822,-0.1106270194314023,0.07401651413700533,0.009722067044613758,-0.01958582461277758
0.053389041150089876,2.3648712498202396,0.1720606192295533,0.2261736537204606,-5.054510862561741,1.1451108973939352,-0.5937607460917416,0.05516847519040513,-0.11149714901481528,0.10563133631786448,-0.004576381054191114,-0.0010972089666857476
0.1881882787885497,2.1412231949025124,0.023667284563824165,0.06987444546004118,-4.75797149489531,0.6897616041200343,-0.25434723400425524,0.047135868829645655,-0.11275166501189676,0.09027882862677195,-0.002709590696389319,-0.016299203619639102
0.3278809937963821,1.0239699533991902,-0.14832263613924118,-0.08625685406585917,-3.4290687712485464,1.7389747639442767,-0.32613926806874804,0.04503024756518585,-0.11346843301678433,0.11744900867988017,0.026266741741219124,-0.013086503720142695
0.22137165066634423,1.3738818181901797,0.009929767822106306,-0.2856680031537835,-4.119164054003194,3.138939762069507,-0.3805371287756777,0.06066805190462346,-0.08339852699247999,0.10772354643587143,0.02683065360094783,-0.007841515163336421
0.12208301405506967,1.8791892478405967,0.12271754998442608,0.030899104546567885,-4.701733596505226,1.9189641193401845,-0.49020844848333633,0.06806330168309993,-0.10420094470873009,0.10541688933492471,0.008514023128638026,-0.014225658588735257
0.24216590697883356,1.8120271821074136,-0.03125806896348848,-0.27653556233942894,-4.451122897214931,1.2773268262951685,-0.2005020024164471,0.08535407813820403,-0.0843507083895765,0.137760094482461,0.009497060535998636,-0.02497653646568765
0.05957472673397303,2.049985636905175,0.16328131201135654,-0.1500105598514978,-4.783443520915892,2.7294386526647303,-0.4640916406379674,0.08583650523569919,-0.08756433347597242,0.11320836284288305,0.02878394032831577,0.0025145805579791514
0.27565836900300006,1.7141759115238757,-0.10841346451139589,0.5053909225405935,-3.982714344101325,-0.5793832273818471,-0.4797714015867488,0.03433882560560236,-0.0918361673967929,0.07534992381684544,0.004661186299284803,-0.0246599870966574
0.30624772268449524,1.3074759169026424,-0.13590982720200773,-0.06228086823752184,-3.6313118570024914,1.6444099392145155,-0.3816800763647542,0.0855086379453323,-0.07902334530284444,0.09883824043596298,0.01267835367969522,0.0016037270669295722
0.08888769271700538,2.0048569397073246,0.0857801120114281,0.3551537221263651,-4.37585376353978,0.10473692125444864,-0.5190028401261573,0.053758995494582934,-0.09687737639465377,0.10307482841534721,0.016375010641020427,0.007500365523169017
0.16831763835372493,2.1534500428071253,0.023008177704094024,0.5328550118195934,-4.666410633467082,-0.3171555935108334,-0.6103454740312616,0.05967476821165957,-0.07677247457156172,0.1071601153472469,0.0014085420135936388,-0.034106138813532305
0.2071405354950158,2.055996002696016,0.0175093428606079,-0.26268270380540665,-4.836692688403853,1.9617791100641113,-0.20539390465482418,0.05703478769365583,-0.06936127483443966,0.11847841378778184,0.013985265367128963,-0.02688147203525504
0.20616479631154036,1.7660949939825654,-0.002891530584368418,-0.11576376789461626,-4.3279544122579265,1.535362114206209,-0.2896544476275391,0.07086449065856232,-0.12387226610799498,0.10943561971896087,0.014678722684803303,-0.014437275606227762
0.1794243238123226,1.7069963543775368,0.03552348537476446,-0.3787798188389184,-4.387509432801355,2.4919365747448197,-0.10297501588830044,0.0635508566398201,-0.07594243277715002,0.09441544067597599,0.040866888381142275,-0.023242555807072796
0.03730554854650217,2.2396456698268645,0.16363278263494196,0.32109037939847573,-4.630360910870995,0.5148902009832064,-0.6234757359353508,0.07898013856383196,-0.07515052870849476,0.11917281877608488,0.01435711738665102,-0.03900654061684439
0.3605924717515687,1.0978177452701003,-0.16690009971055808,-0.1547500637514202,-3.698148566701105,1.2074687231973382,-0.24905281007046276,0.11295537574394099,-0.09249754102010008,0.12014757738089304,0.022921485558653143,-0.021721045630971714
0.1555040292049161,2.240484063197268,0.10183928591548375,-0.05884077321156009,-5.239378530772889,1.7980436623629479,-0.4064170893822713,0.08023475968072824,-0.09396052006457006,0.10984477155481387,0.023581373900738556,-0.05778722587512142
0.15944337186620594,1.985948693530719,0.050336990049533625,0.2918827967614315,-4.572462859593184,1.6440115812092326,-0.6745288746354595,0.042414062098705574,-0.09311790345163468,0.10220219431099553,0.016393050983464108,-0.023167835071326248
0.09129007167453412,2.1039200897163624,0.11154913039800496,0.25417360206861883,-4.486088643690909,0.3945762394624357,-0.39691724526147654,0.04045736055929833,-0.12719213938061635,0.08656580766104172,0.0017217356571957998,-0.026398673541469186
0.1876525308324358,1.7982202937096212,0.005623035281647315,0.3122948983788576,-4.210308913201379,0.46034998738356175,-0.4594415717399054,0.043527587412373836,-0.0971654205307389,0.07904171771343182,0.016380390865317285,-0.026079571637081966
0.26898789519027544,1.4841404462477528,-0.08116904354836718,-0.2562329095056757,-3.9583570473722616,2.1259394658120465,-0.2620715426853708,0.07948040710292226,-0.07822097944621104,0.11862667583597275,0.014764010117592541,-0.010326737943640196
-0.02909232098148925,2.6731835050904214,0.24550942268241105,-0.11921564718596289,-5.161572895845668,2.242269471187125,-0.45259329882343535,0.08561998012346167,-0.08753478224973776,0.1164583725896875,-0.0043727000075337585,-0.022763441077078284
0.25283962396435655,1.4756280722971427,-0.08320937654135041,-0.17015120923636434,-3.8422542669620934,0.48046349699729224,-0.07788731568587344,0.06480240763587689,-0.06191355525218928,0.1315808600085419,0.03459464005711943,-0.026629839081645734
0.20194457861500162,1.6861819514027845,-0.02054067544793592,0.03768528738950713,-4.1231427264307765,2.159899095867961,-0.4990344276579892,0.07988412737495859,-0.07870079740748614,0.10455724876780353,0.02180958275853584,-0.013831050617313267
0.10684398983998976,2.1990922372418638,0.11256527987988196,0.6422003599861952,-4.901488848795508,0.6409810243469395,-0.7697209629185182,0.02983526516733015,-0.08031471297529547,0.07267598350186066,0.021049437733634435,-0.025806248189909065
0.24461329075489072,1.1417217408504108,-0.08085867926553814,0.3168883520680032,-3.3045012760672674,0.4981676413510376,-0.5611210631712917,0.07056875869195217,-0.09124438662869092,0.09404892389220787,0.019767178823668463,-0.0048968337391781525
0.16375691041251914,1.925906842700858,0.035809704410391774,0.06754073384442738,-4.360451251842168,1.4636967775331946,-0.5080976623988003,0.08054012935519772,-0.08973666105609107,0.10973119617618426,0.0028709817781761293,-0.01864391651479136
0.1709014632229244,1.9787120377379186,0.07058655760475085,0.2419765228997186,-4.914173885105247,1.4627044486804213,-0.6607042647542878,0.04489641074175271,-0.08709728958944524,0.11797587302943174,0.02402795285960213,-0.02622434219300751
0.30079330239516644,1.173834432360524,-0.12815577940362943,0.5423762907315485,-3.498585168011406,0.16198759781275882,-0.7815042032149282,0.0460943496914409,-0.10095557413502565,0.10459928684816791,0.02777790984953843,-0.00921578123670519
0.232745835128283,1.8891450711723328,-0.012313737232565236,-0.06359444179433552,-4.683039161558105,1.3633593156262862,-0.3269280559153822,0.05514918222395915,-0.11029893774454314,0.1171873686990455,0.021808805998430936,-0.022501633843489466
0.2552762634216982,1.2034510970539412,-0.06712012690728208,-0.16323772852942844,-3.7615051001848454,2.005056856499585,-0.35147023559611495,0.0949227141382959,-0.06572927778092602,0.12517835657400495,0.03453174382078428,-0.01566292025424243
0.20151399338596535,1.5879467919893169,-0.032277712636165745,0.6942153961627382,-3.8600273924777015,-0.26820949380963316,-0.8302919811353688,0.07401471395135958,-0.07948466415641225,0.08562534749454051,0.014278402055294404,-0.015973774979059274
0.05376771702433592,2.201567413737169,0.1727266828606202,-0.1784439678883415,-4.91950582908909,2.1223347609435077,-0.36441353489681616,0.08400618777308261,-0.061856208751753405,0.12575497860387197,0.012504611186942904,-0.018025338808093205
0.33046500887821384,1.2936576361028724,-0.15530403424508543,0.7475766341065907,-3.6994215760407227,0.164175601621753,-0.9354677595546494,0.05465634132286186,-0.10891027578500351,0.09333355098826168,0.012601509717012627,-0.012152837649913206
0.2482070258942515,1.3412511259801998,-0.04022238653502941,0.27942073338991846,-3.996922557472036,1.5695220709973092,-0.6250070646542205,0.05239072562640161,-0.10422941955118203,0.0972714664584701,0.024526720745353947,0.000970044803945691
0.28595993650396045,1.3741989440914018,-0.13048513515557303,0.06915455617429617,-3.615941557016806,0.7400723137314449,-0.3512251465879872,0.09608213365895338,-0.09355829027342866,0.10251404403230946,0.028905799528317677,-0.020640396544606532
0.10045444048469136,2.470257642281218,0.12923654918158944,0.3723828198988578,-5.204621829059869,0.3447278678932024,-0.5749893083870279,0.035205742230476345,-0.14905559101320393,0.10330131885529537,-0.0024708747107452522,-0.006562795666355203
0.24219277581317253,1.8629608604828414,-0.04356220686087675,-0.056917007961212684,-4.435181483969268,0.669187806804455,-0.1396338655972587,0.0565565517510172,-0.09946248367009064,0.09204335706046973,0.00903663895818363,-0.014221762542460437
0.2645829603568981,1.4223150141691832,-0.05608949656294293,0.1611004443844487,-3.997451790919294,0.4818193734935769,-0.4140373592913956,0.05741928283140077,-0.10867276281459604,0.10212591379473818,0.02591705081477158,-0.02629324271424005
0.06520081936363242,2.5532018727664347,0.22249750703882265,0.3453506088025336,-5.898176971442309,0.9194738094924997,-0.5971508030912693,0.024043807320896393,-0.1091622389275978,0.07869790380476993,0.03789229958575091,-0.03003254320501536
0.27007258235694337,1.2773276469920836,-0.07809257996417573,0.26495424636592824,-3.7150803614874066,0.02816908628340875,-0.44452154117841014,0.050186814294719606,-0.09144166036076151,0.0853792123581662,0.02790776545093021,-0.021978242070721632
0.2115878585673904,1.6250691594255613,-0.033126503656691786,0.24556304617354663,-3.9036190306274734,1.2884379566743875,-0.589407340728349,0.06846405974585418,-0.09236685404373135,0.09275571041926467,0.015419626049330448,-0.015996686789582104
0.12794810774074034,1.984493475455368,0.053897259453690616,0.4139483256396077,-4.427380541314712,-0.3295782733808223,-0.4600063855440244,0.050929261355790845,-0.09820086586868787,0.08883697846290564,0.008735900368876948,0.0020811512546347055
0.35948686703015387,1.0560415358382198,-0.15064576419704356,-0.22960044420127193,-3.7301120224084396,2.0334643756237827,-0.2409240631909288,0.04709623940520957,-0.08712245785044706,0.10529885924190995,0.03352637370346323,-0.02470579247014293
0.22349749975954425,1.874599950154989,-0.0020870273787381155,0.014759504847426691,-4.681092282197696,0.9933238782176137,-0.24388952412129028,0.05041435532398675,-0.0992559129271019,0.0908646846455824,0.03245749875874926,-0.02721296453488764
0.24832764535301638,1.9885838867140766,-0.04574835999558813,-0.09504421781059819,-4.728548070245082,1.3076298742928423,-0.2117645753386763,0.07318586773627173,-0.10996360035176386,0.11941038270898768,-0.0003702676582592046,-0.009820351815552741
0.3158578483640457,1.313664478358549,-0.20880493238023656,0.11746123513411791,-3.1700406900716596,-0.05142045634244757,-0.2706201394272635,0.0831172266141347,-0.06562390345708369,0.10012528533885516,0.010265616119391252,-0.009819957002216162
0.2603529652779366,1.4598328203179216,-0.08832643818950991,0.19690458434321148,-3.8287978217277283,0.44947723494038666,-0.37810962435805906,0.03439027740003531,-0.08196054241834921,0.09207300760565987,0.026329741186573274,-0.004174164629260679
0.2809552447659728,1.5829026376541253,-0.0879026160643307,0.09289490345801826,-4.155871295922842,0.46272267525591015,-0.2639939724470144,0.05186100441702876,-0.0987344909724327,0.09711539914905623,0.017757357063460488,-0.023922910905187222
0.21291654619057576,1.6148815488730621,-0.06547655837250932,0.6038836843402465,-3.6240946645077843,-0.8760158298624963,-0.6634672452897582,0.07097593552932857,-0.07596522384776361,0.09772165702839755,0.008020250969501208,-0.02809170088281787
0.24283516056704121,1.5858795936628285,-0.0615576926465512,0.581386987507245,-4.033428893256525,-0.1086808687625028,-0.7268723107485985,0.06993397846404187,-0.0653884976478783,0.0861140021354638,0.016491150541580124,-0.01451378885252863
0.10844712905175934,2.137724059507727,0.04812468371205836,0.19718800023624172,-4.240897810714034,0.5018574677278713,-0.4986046793574133,0.07124342440964015,-0.06974397028121287,0.11239363951733561,0.004906093830840175,-0.006830015077857743
0.24794102638033358,1.83058367476665,-0.0872520064007627,0.02073795620163771,-4.24025503403433,0.4736935801964215,-0.2509122565937776,0.0903038098586734,-0.07219972980871367,0.12016073213434558,-0.0014689119703705789,-0.0019191029028949869
0.15236305646470477,1.7070970101781293,0.044104255766526324,0.194909711617776,-4.127135410089711,1.3325635687073532,-0.6949756530891776,0.10339170994253785,-0.0586925545309217,0.11869127619595127,0.006483972405336269,-0.003178797867441574
0.1315552339338277,2.0350480294917745,0.02130679216586384,0.23244552704667112,-4.10955653980843,-0.6955837676750168,-0.2908596189805732,0.06366432701503211,-0.0884142125528431,0.09241544282377928,0.015612905767555918,-0.02099191710800774
0.18990924186411098,1.8893403469247259,-0.004985412349247431,0.33130093174891034,-4.338046073846679,0.03805450465661163,-0.5117339340528894,0.07351298389327227,-0.07540455789443451,0.10078561421240867,0.019605731147670058,-0.028672867429363702
0.12046844750916842,2.0088143221906094,0.1138922300015679,0.007109611410462596,-4.726377774179732,1.6191178619718254,-0.3991817348562978,0.07362110462951149,-0.13882361990769182,0.09502393855812535,-0.008462747556302608,0.0017814397015080141
0.029602155632517398,2.2373127278680593,0.1645858669528144,0.48317176374024823,-4.626699545972019,-0.43156372971447354,-0.48354824091028803,0.02645598559391832,-0.0914649353211544,0.07728771752741756,0.02583964751514234,-0.01666867584077447
0.05065804775752138,2.1735220540937346,0.10601663816634277,0.703987493571534,-4.323635909965163,-0.4029275225044898,-0.7858537904704049,0.0665366287211625,-0.0817597581714043,0.09310865474263319,0.0043190989631627374,-0.00038250672309181333
0.17986390555847384,1.983726694289962,0.03505404733315198,-0.06562155467450043,-4.563934605419519,1.3477702658073887,-0.34819188564384795,0.07658622107909713,-0.12239918932706695,0.11470464338932304,-0.01863003593014012,-0.008464727103806746
0.3107644059685236,1.5140816253609235,-0.10881279355931983,0.21039930368143692,-4.111208206689507,0.4151449456690326,-0.4762843494267961,0.08576754968641243,-0.09292484294862335,0.09331100271131251,0.0055388233376395535,-0.013539792195002454
0.18040217676085438,2.307407758111691,0.06372297060211252,0.17370898071649127,-5.342418717515576,0.16613747833280768,-0.22884616535061134,0.03655011102206113,-0.12545798081054294,0.08859148164704983,0.013925817881538682,-0.024298251379512692
0.19058135876149726,1.94174311677351,-0.021752122415690467,0.5364696930191036,-4.21248672603527,-0.25600266827621965,-0.6631044087543775,0.05617757379910743,-0.0692938403533675,0.09987020163434257,0.012623776082978821,-0.026236861033893444
0.263390340571618,1.4922284060606168,-0.06537427643273686,-0.05597682635104809,-4.050877493792467,1.0170089460567031,-0.22484646854543588,0.06708567225068346,-0.08584860136880601,0.09322219152577951,0.02614239811383079,-0.025715254613119964
0.1888725017942753,1.927075479789047,0.030183902134018226,-0.15875806459181593,-4.589317773832642,0.8418343985197985,-0.12013759969852583,0.049811323966729215,-0.08425381993849779,0.09373716520756964,0.02279603970804689,-0.026620928502570473
0.09301686429473069,1.8544831156345964,0.1368133132305115,-0.1806452013158559,-4.3952192199719695,1.2862325276684434,-0.32752394992590583,0.08561913309079416,-0.09794482950008482,0.11706649497757451,0.015579599775006225,-0.019743022964563206
0.06392486399195386,2.1464054400792683,0.15132060811911852,0.28651899737602354,-4.725582216906135,0.8052448293664062,-0.5228845660229119,0.05295984481212995,-0.09364388360586268,0.06038622074280048,0.026850303710940215,-0.01348795486978327
0.1347305766282547,1.997644195256731,0.07310885787053278,-0.12757387196432776,-4.754364748940135,2.100878583192133,-0.3129647468540744,0.0494455808670648,-0.0896173448377034,0.11569765278248234,0.023937778669767873,0.016205074707235645
0.27794921942153644,1.590442358276217,-0.08311871768118051,-0.03835707804479656,-4.117562587825198,1.0239255899755357,-0.24990538076903454,0.05790326704193502,-0.10443670464942173,0.1021138612090994,0.005490153380606988,-0.02136711814617631
0.1701760622710327,2.004651027727897,0.028858394939519805,0.03355601691113361,-4.495424474817682,0.38027158451593623,-0.20512671282938316,0.06069923534234056,-0.10189219166565883,0.09571958613602616,0.015571934604927895,-0.028872895979553115
0.2333808237492305,1.7414137864098709,0.002319628521360362,0.011514452969807298,-4.541752642716645,1.2274363173981198,-0.3701712116513199,0.055962835394083504,-0.09392041198645618,0.08689524017027514,0.0215695182611908,-0.017747360514953292
0.31000452690045516,1.7377695742444237,-0.12998659148569103,-0.12549369600362997,-4.206683459429263,0.5893875909206318,-0.17820216373778613,0.0840172594332031,-0.059662703220732305,0.12618775168256963,0.004463175641279737,-0.026393440167480242
0.3391707698472159,1.420649473359504,-0.1440158851604454,-0.16828783075742876,-4.250154213735909,1.5742694271939888,-0.10706682293011427,0.06543207826812789,-0.07722018930700053,0.11109055907660803,0.023911781140884714,-0.009627864055044566
0.2684447422284447,1.5180302765736164,-0.05343048857225141,-0.1565608804428773,-4.299648934840295,1.5010333610335687,-0.26046017740703875,0.06654779842525352,-0.09223714082871956,0.13001631899597174,0.013442942327502927,-0.011809717354755167
0.045642129585201,2.7241203028197485,0.13661670814446425,0.40410836124228444,-5.140488365806218,-0.5108622843434458,-0.5476656519454781,0.06990929310393257,-0.06061076697344492,0.10069583702225954,-0.0003294066926113892,-0.00988292685301806
0.2170870024175539,1.158250080298424,-0.09108846278326233,0.5032380543493674,-2.9566600821610054,-1.1274616395131754,-0.5260687553334326,0.053743337782277606,-0.0757074754302379,0.09338112419742593,0.018239419685523117,-0.0014924934458471206
0.20231910041666676,1.8962520364621878,-0.012198798648604292,0.36511908327737475,-4.3707924285381035,0.33655254152623404,-0.5249657867889087,0.049423094175306326,-0.08920753352286664,0.09915717869063434,0.01798577247067923,-0.040893134873140724
0.1311960525819429,1.9232273746599378,0.07541102423583168,0.10572729405686107,-4.5659406170011465,1.6406633902285208,-0.45915309827707973,0.06339885382778898,-0.09709782738561146,0.1031787595454054,0.01704966339426839,-0.004061425668998364
0.26885733809762885,1.8014918513424325,-0.05905795560140459,0.00984929583919976,-4.5320030328351875,1.38841674670561,-0.37557845930469624,0.06698226295921872,-0.09091486271630317,0.11014133563746764,0.014127350462880828,-0.020014861805930817
0.30967690172991097,1.9205942805796372,-0.12919698844245975,-0.01422813930998236,-4.562627108196377,0.7017818713789897,-0.25410900232291156,0.08778712044110243,-0.07706227900913856,0.1336871212760547,0.012489415708390794,-0.02850239003084387
0.3266220999711405,1.3869223507558055,-0.12022390044539011,-0.22624233462104026,-4.246479456101689,1.7151113399548514,-0.17618026833287947,0.06363531627156796,-0.07935278943687116,0.1341470890534518,0.03573383085399262,-0.02605909157776537
0.17113383532875903,1.64264045907843,0.016505487981352207,0.41486443524621996,-3.9368594158575654,-0.18868367102070271,-0.4400261748963188,0.024607980225066134,-0.1142095366923746,0.07441835988877715,0.019080970985953072,-0.01597116066929838
0.28387394561292856,0.8506908116778349,-0.13946487102954364,0.08341965853209965,-2.9665736911113894,0.9336395520783153,-0.41279894254689126,0.07979532721945487,-0.05995744873880135,0.09633399312764086,0.03192614061519103,0.00640681955970096
0.2017036296687745,1.7347958646698598,-0.02869394577780482,0.012535999037383588,-4.035414680219087,0.5259839167377591,-0.3033945953085494,0.09103531562036021,-0.08161519861087835,0.09938173500601316,0.013087261499516889,-0.017463219737970492
0.14925679113292992,1.7155293353636,0.053021181109053406,0.5106242075436569,-4.159933412715464,0.5425164855138593,-0.6976255904809491,0.034876187618346544,-0.0885940311170405,0.06884825817786441,0.039187908194325494,-0.029830745456372765
0.03040781706856596,2.428871777562379,0.20086353155151615,-0.023599656808042352,-5.1270367568039426,2.1996531946815883,-0.49521115802574556,0.0769865605497389,-0.10503716097624,0.10381071006301412,0.01256628340058108,-0.006857606472510325
0.27651515972842416,1.3515111959299115,-0.10139652981525338,0.13281866690548333,-3.7727577765388105,0.6097124449497365,-0.35151136730830834,0.05564373441002732,-0.09104796693819672,0.10227898045634687,0.029079200844453257,-0.0023297961152800584
0.12957218134686938,2.0905549003415356,0.060994065448382484,0.1711680113144103,-4.411295776767648,1.1352831456883636,-0.4849981406750927,0.047082008866776326,-0.08872733260332472,0.08598290638083333,0.002976885593912848,-0.0164827286830187
0.18769908006230565,1.693331416148755,0.08471783508063657,-0.3258915894126913,-4.7488012782749776,2.709404835181694,-0.27780857255520924,0.02927567154555194,-0.10856802149429368,0.09115058195345624,0.04070280068455412,-0.0166829989990796
0.20805903622475985,1.7622693929009994,-0.03364758594054884,0.7369178244613116,-3.9731358935026995,0.16429984296776223,-0.9035660133871748,0.06570473667849602,-0.10472704661791218,0.09202163099519473,-0.0019122874108350452,-0.023228946963897545
0.23324005065494344,1.7217821309097945,-0.05141203924282578,-0.029146844802786592,-4.1520895874406145,1.4908567623392674,-0.33586636540140935,0.05065222807480518,-0.07916831331538499,0.09202686801614307,0.02755408603722531,-0.016096504252976984
0.20639792735488197,1.6132646082589772,0.01734394643535342,0.027425185738119362,-4.185271543851692,1.5431542969704843,-0.5883257924678899,0.07546284040709861,-0.12217215367743942,0.12131982381377288,0.005524976398250447,-0.014782113822084941
0.21844939832065924,2.264269084697033,0.0038621251159274284,0.17709862507590562,-5.129005388929374,-0.00209414032377616,-0.2550989705403534,0.047855239606021116,-0.08428629961032746,0.08826255380033737,0.01251210453565077,-0.024637865803848635
0.35845233202166493,1.4390690879396626,-0.1483553776907235,0.3896920866908149,-4.258946497850985,0.4383592500190974,-0.5241205016048802,0.0369124537717611,-0.09803386928865987,0.09950305283992864,0.016099923402452143,-0.02735201235433038
0.23776111450718163,1.6906249076122133,-0.052271982541171824,0.2271805251334621,-4.135596676937425,0.5915510178767724,-0.545754572385684,0.07201527722595263,-0.07032611998930882,0.11558113839678025,0.030674128183365346,-0.04401621062962369
0.26528623341562657,1.5805257949451377,-0.08194461848209245,0.07184675576473486,-4.129718216064786,0.2624794098506862,-0.2652312527345145,0.0766762708740868,-0.09749115366733263,0.12763235365512243,0.03649617678276135,-0.035099606319277665
0.2827155770588552,1.5504905339149522,-0.1262708205201164,0.09941825944748403,-3.9326520407605927,0.3286350726306629,-0.31262412303077125,0.09380092532297635,-0.0868546581751643,0.11854641108321706,0.02786211346883294,-0.013878944888681133
0.15056282063562834,1.796504402913679,0.04833308641091394,0.1499272812219671,-4.189671835738969,0.8747962484323325,-0.4762605056676938,0.06487129850026024,-0.08509073386855875,0.09834662361658808,0.01441699083839365,-0.02821461035057571
0.1694020184073958,1.9612731707193214,0.02454078725993658,-0.24709702895428484,-4.405460744873062,1.067597885038343,-0.13018339505648438,0.08006999405384096,-0.11900220109985041,0.12587607099989584,-0.003726585518155634,-0.012411630687903519
0.30647283056551616,1.414973805080019,-0.1413367785303149,0.12566494687864538,-3.828432396904293,1.371856749562264,-0.5830989968977187,0.07052299779088717,-0.07563387522052764,0.13170280229173636,0.019147828425562174,0.0020339888430135344
0.21893408801359013,1.5851439160129743,-0.034681935707694955,0.4212750786387618,-4.076386450708856,-0.1907812330066518,-0.37341973116304306,0.049458936810136384,-0.11088686391267144,0.08587671069360264,0.024821144297895392,-0.014340064499736016
0.1975460203937132,1.9542778855824479,0.02167489544774326,0.2539573819405838,-4.735392544111792,0.9039027985614186,-0.49374435934159955,0.0626437892154531,-0.11122594534389424,0.09295895121266878,0.019487015886688996,-0.02303460182104511
0.15536774381957835,1.8832753452109339,0.03142622204092871,0.5107481004851281,-4.246265877483319,0.3511934588476173,-0.7362710812741282,0.07060183888429877,-0.088122903121787,0.1021436330096778,0.014983861679425448,-0.02007351565611326
0.11824338745710312,1.9557923840133404,0.09441450673546004,0.2577619787847081,-4.458693158440208,1.27424624328069,-0.6565791562288146,0.0711550512803471,-0.09090749725148634,0.09819438817599976,0.0236318585028511,-0.029766606921425853
0.17117291023003647,2.229061582255372,0.03388073918668777,0.1661140758737431,-4.662115553006856,1.2526719752349615,-0.4131098929032404,0.04149628409946865,-0.10721172144811958,0.07238676628600788,0.0015031551937874088,-0.026478603338587203
0.22175941627083057,1.7048039154359205,-0.003404665878956381,-0.46437563922284014,-4.474425765228699,2.324591884152167,-0.09831288077265204,0.09400019363369189,-0.09532958750973286,0.1302447998476171,0.0036586857531430983,0.0016538017238182379
0.13652244001519914,1.9790800485588613,0.08836892086945691,-0.05754503752055501,-4.737550186961077,2.1566239212938516,-0.5032087398713712,0.07903128382034458,-0.08227502021395011,0.12024311652507136,0.019082462860423033,-0.010630840780019746
0.20234407005221594,1.6655300355981009,0.04971545999890159,0.14979237757250774,-4.705292128017402,2.388137933305264,-0.5832690498965586,0.04926800125035971,-0.10708720169729047,0.09818324211529383,0.030053234521572048,-0.017530826609048367
0.2563323699373407,1.3514336448520294,-0.08480149437567797,-0.03377287132037732,-3.5914301398301705,1.950987076425834,-0.5192797219282085,0.08807444816047369,-0.06817303321753987,0.1157134926747733,0.019249814516606012,-0.02519066308143192
0.37140076504221364,1.0318635220682542,-0.17917184819916526,-0.051016948602013425,-3.5090510127443606,1.0043867800058677,-0.23023115208736994,0.06528888481621199,-0.08248384581874837,0.09837746685472851,0.028401801718913766,-0.0415645613305643
0.13380400293825023,2.2101665838646887,0.08545825628720971,0.16126947614937923,-4.905800541088482,0.7756985385947537,-0.37262100278186727,0.06115943466371143,-0.09492839204415704,0.08410947224019294,0.0048731808389771425,-0.012301617244906637
0.12207231730877093,2.328812436895252,0.13649158051725507,-0.08561026103299482,-5.215666141386958,1.3082195840187698,-0.34767911517332517,0.06322800489376879,-0.10260610049092045,0.10707875900136377,0.011707164936954562,-0.044525671030415714
0.12976328131472745,2.11557838208473,0.06639761227700247,0.12610707556005488,-4.6346313036322515,0.8409943822984652,-0.43758897960738863,0.0634792328332931,-0.11534269506912576,0.09459121448746344,0.00929251105553841,-0.00522166179911987
0.26307177996488645,1.451337204430905,-0.06781051622315892,0.30720900689745434,-3.9324858107643186,0.9771039088607495,-0.5125918175884293,0.05115029254268594,-0.1100832824786947,0.08380503128587408,0.014698728883614065,-0.01684849033199043
0.15822473488892097,1.9367088237866183,0.05999869302947691,0.12980219230932494,-4.734076211162855,1.2211865948063947,-0.3163141330575099,0.04201472825641317,-0.08739235177494736,0.09318986423365,0.04103756923352275,-0.029226987365261747
0.1517952680409798,1.966174925609788,0.012815819890735769,0.05572725919877505,-4.267877543496475,0.4320434431460771,-0.30729487589220533,0.07302256643010924,-0.0763670822160557,0.10808312512928714,0.011511074026046564,0.004805154348269891
0.16523121542794098,1.5885695376481528,0.0355198150571463,0.5052947141533858,-4.086682261724833,1.3615121819309446,-0.8301584021385751,0.054066990762710765,-0.10028487810863479,0.09141783943919657,0.02435974837890026,-0.011477314316308496
0.1883121521969996,1.9502208669625227,0.012539749630829267,-0.058842277581417635,-4.527644206761223,1.5711171527687549,-0.2638418605235434,0.05595034530500223,-0.07864091909451743,0.09998573848420039,0.005435857149408085,-0.013156233585495114
0.19733377493383245,1.7427763040759365,0.023172274776633084,0.3606793637667076,-4.423147923831991,0.8559150233250225,-0.5959604407875687,0.039288086299146235,-0.10320815255377846,0.08948025545661259,0.021042615856652125,-0.013767057835647134
0.08479515031204324,2.1914518093691737,0.11916413194785092,0.33741106685143746,-4.720349122317344,0.8788920013327899,-0.6252693297640124,0.059977107126731155,-0.09771298412734836,0.09767446273660407,0.011074162141489374,-0.011494626976441769
0.18735658705275543,1.62776344167413,0.032090626929752064,0.0028628414017980164,-4.147955040026349,1.5175300777338427,-0.41434397812326956,0.05438519530165098,-0.08558846272995718,0.08209307022804724,0.025093006419595,-0.026113230039653268
0.12196110009405403,2.209707851899798,0.09019431760129737,0.5752594238055526,-4.851409774576629,0.2668370362239978,-0.7729929299610453,0.039361544440857266,-0.08982099614490163,0.09452716997352523,0.01355796350241556,-0.011011855722489639
0.18563300682195213,2.143162197904692,0.09159351831426599,-0.12987737566177787,-5.354422189476017,2.2475112457791844,-0.2581167317615014,0.028764650279759607,-0.1259493260153723,0.0893865087963493,0.009409519764085217,-0.01033465011739243
0.24519143331959173,1.6779900090875532,-0.05435724764589456,0.27355339982119736,-4.149123319318146,0.32966798000060826,-0.4617434529327128,0.05999094716571546,-0.12689359625136434,0.1028882896420027,0.004928819444660171,-0.02633500349193585
0.3021819181629512,0.9793698440293196,-0.10934352000029718,0.05069403129221675,-3.3963888956911137,1.5299340895010838,-0.5408813696767727,0.09717617730137273,-0.09140713474114961,0.11243918877451103,0.017216872100614233,-0.009755598537671328
0.025152114695777703,2.52583967062222,0.22798223042245258,0.22369470986194723,-5.500198771443931,1.0407693839777048,-0.460728744702182,0.025279849734764825,-0.10981108840995457,0.08341796520948452,0.025954332156817195,-0.022417514411767092
0.2184306871203692,1.7372776277523005,-0.00707782633703824,-0.02396260751756374,-4.464149450563055,1.578673471830366,-0.4213465001063824,0.060961581813773646,-0.05585426754104128,0.12040202744554412,0.01704301977007905,-0.006342671273122269
0.14358173502910188,2.0232026311695273,0.07666980393935185,-0.002656497587137513,-4.641736610141053,1.8652702855781278,-0.49441288739613,0.051550232816567065,-0.12684767802282687,0.10102272289054692,0.004382430289759931,-0.006935875291101845
0.0699089962515061,2.5573377614772803,0.1464418827029701,0.26669381014384796,-5.325933568353765,0.859877590069079,-0.5203536113491547,0.059354835201402334,-0.10171770315214762,0.10857745651853934,0.004345010159468199,-0.006694051737257012
0.3239417344304126,1.6985307231186142,-0.11808230376210571,0.39349546288645665,-4.370601741879763,0.5829377169216623,-0.6562539104383422,0.06617228951336329,-0.0942099247111712,0.10596778817933253,0.0051333808903955,-0.02264749258197485
0.27328975751281964,1.4307358320492403,-0.11387584872890821,0.39787335828257636,-3.6820869849975337,0.5997217394010583,-0.6873947701217645,0.0783666025326169,-0.06551256311441869,0.10503954174511984,0.014813359711124297,-0.020734227892362622
0.1497890035465331,2.005667762162349,0.04030325581214811,0.6157555732359428,-4.39732023069584,0.29749425911441146,-0.8554012169226861,0.05404649836876668,-0.09159319698829771,0.10519300725946668,0.01399044187881493,-0.027663549513472274
0.26477780219247926,1.375966825309278,-0.05926503612808032,0.2284807094910249,-4.05817237813962,1.0789307371375432,-0.49274724917400764,0.06700089535888695,-0.0919732558139493,0.07803939183631553,0.032245510482926065,-0.011864774736800865
0.3808950538412271,1.3484067661286545,-0.13424804729561535,-0.40261945513402647,-4.320713170280625,2.0023514562987033,-0.09760433529347018,0.042977547346735034,-0.1121264734057481,0.10998968763771594,0.02100539572329252,-0.02164730039970253
0.28817045682103115,1.8242261272969855,-0.07032058898681603,-0.17914120246903376,-4.766408583259778,1.8648104205747793,-0.2529466769372582,0.07870298467082185,-0.08060690831515926,0.13271223089981837,0.02229897107079082,-0.012928964150276112
0.24339806821250964,1.4625445799042307,-0.06733729019622436,-0.02389431398816777,-3.796105019310686,0.7740028618652014,-0.3098863348972656,0.05710967457628097,-0.06765580393710535,0.10964333848202913,0.021654897574379772,-0.005434501410682191
0.17601119988048905,1.961573168815962,0.03792362405041505,-0.04944797715877555,-4.631138317194389,1.8447391769236396,-0.4088982985066091,0.08315520014774846,-0.08625100504105976,0.10823590139445755,0.006533609095801252,-0.007331527907943447
0.16672748255247222,1.9126206164144037,0.03870831990655188,0.21541202374516427,-4.525902919794273,0.9884008976966219,-0.4827230537639806,0.05150941422934219,-0.08457502232961606,0.0997370449886173,0.02017863181390378,-0.015548874047752737
0.2695996995091104,1.6001323098912474,0.00982722961289062,-0.5626005720856597,-4.8926784404441745,3.1983404597948106,-0.05504256288505799,0.06928952633259475,-0.11740226427652456,0.12142568586163727,0.018265837027811704,-0.016574327144580292
0.08385246591497313,2.0841816307809795,0.1062579794267351,0.7854676961785123,-4.501607558336705,-0.2066953827921083,-0.8962167883348013,0.050374611937867575,-0.10115917522908502,0.10193243009787295,0.005478980369429509,-0.0102207902069259
0.21087054520509857,1.6151658839869267,-0.026570726152105983,-0.04298433422608078,-4.034464592263157,1.7204254710363196,-0.4472222224056459,0.08481021024587476,-0.09982071863626413,0.11916045915525303,0.0026044547652513406,-0.002324011036331841
0.1321631565102429,1.738486997274626,0.007576188803767536,0.45925755441898386,-3.708294830592689,-0.7497530235936651,-0.5333310117738843,0.07584269005893851,-0.08964621680361734,0.10131815789445572,0.002357847020840187,0.0016472838661957256
0.18686005428307723,2.205843122158375,0.004972887480832799,0.19154384019402676,-4.802794431266979,-0.20691510364399604,-0.293042452928872,0.06328015931581277,-0.09761339570327576,0.1031362986301676,0.0034840071906472314,-0.016684318139208676
0.16447904097148555,2.0328106590729287,0.0457047564519919,0.08212373299395637,-4.559625897821247,0.8680070117552372,-0.2877420071850687,0.03993932593225891,-0.10295195093293125,0.07619182654142043,0.008920162124914977,-0.018850378938612966
0.12105958027041075,2.0083426544416394,0.0892995065600144,0.25570889868808044,-4.49158458214019,0.8111637904609249,-0.5366606634608895,0.05724560730485506,-0.10442296023581532,0.09895011582837909,0.003346759207846106,-0.027983097756287045
0.15825729769970107,1.546458360817172,0.03439001183287804,0.5402531336275262,-3.8951758407492147,-0.0871595520608771,-0.6272486440026082,0.0356629003666544,-0.09968367678830592,0.06862534343949239,0.029017331146192094,-0.013307082566252126
0.18100898450861055,1.575620630851295,0.04817446889390398,0.21539835486830836,-4.17561249243991,1.2136619353815077,-0.5391934157431848,0.0342048415432287,-0.11645300139488451,0.08018768955670846,0.02645217465897881,-0.010630695465019047
0.25020085330371183,1.6493323073113102,-0.0487320979187037,-0.1660163959562031,-4.22710190618229,1.7016972647649424,-0.302401299714215,0.08956110504156237,-0.08211925426085914,0.11525488294001068,0.024946908131542322,-0.021071142879379057
0.21834344267048647,1.5531514313739812,-0.037056888078307204,-0.20356155801517606,-3.99056699912226,1.7533422307490787,-0.32672800704432275,0.10106781973504736,-0.07313853748369431,0.12667229496492863,0.019624015953843055,-0.00028891554738486036
0.17481283102788492,2.268178144221355,0.09473684907682811,0.09497859415410911,-5.318294392019345,1.3529020233410614,-0.29589159259712083,0.030500564018928478,-0.13549600444515636,0.08801498526742013,0.0002807162644993255,-0.04217494043565262
0.13331538995438702,2.3177017955241124,0.055578694904893755,0.05966823064924759,-4.831733686002097,0.935288114013667,-0.27016600063544616,0.04791444508726489,-0.08345089844763415,0.09480727920646642,0.0026504007280658826,-0.008063895392347309
-0.02646387968682416,2.7649853444506634,0.24842416003080148,0.27657053947908894,-5.40216079269289,0.5588036702167918,-0.5605329458502466,0.04688700919908495,-0.08171860158773558,0.10918823151257784,0.00685057982437165,-0.015313967514732019
0.2789498781828169,1.5625161390664144,-0.06294521594675151,0.03194632110930179,-4.349499820690919,2.792006057425192,-0.5492372654823082,0.06414881316625004,-0.06331224595223389,0.10281154772267315,0.022834677457734376,-0.012534757597950197
0.1383633532610938,1.972284069513821,0.05869039963145961,0.29436555581887236,-4.408305523914042,0.5177017833411874,-0.5911578735911183,0.07169186122274546,-0.08152550140526055,0.09126558294880688,-0.0014285724008381573,-0.007322018324726898
0.26170789118887317,1.620305454165879,-0.06229928208283819,-0.2406748727201176,-4.3983005070633885,2.1043567953017033,-0.23366529220027304,0.08945114498720269,-0.07070354420869429,0.12932746050350308,0.027250955227285045,-0.00719152744969459
0.16621655812021346,1.7264726182868435,0.029273299648793216,-0.11273300807578285,-4.25464881088503,2.601486047545029,-0.42338853716780106,0.07543923110850398,-0.07728586946201255,0.10055881184144336,0.028340623921879304,-0.013545326104815958
0.20692894443318252,1.600153140113296,-0.02137705165600401,0.12610629537857004,-4.022806065961524,0.6040430218564821,-0.34656731635092264,0.0375761679590447,-0.10511411549608507,0.0917445655576945,0.030064325054163565,-0.014003857596236347
0.3186804384626175,1.5243861178842977,-0.11100221549206257,-0.2325959192930595,-4.210386194651264,1.3078732776961968,-0.1574660631760264,0.0936714994947074,-0.0682635388310305,0.11971206071197962,0.01220193786755075,-0.02969069459335527
0.295762144463224,1.2263338658506733,-0.11410435491604598,-0.08947996963814359,-3.6543624976722358,1.2784147329394664,-0.2589417236763386,0.05990141859390957,-0.07675852419016913,0.1190371964401315,0.023515533527049826,-0.009482569382851413
0.013707023558094996,2.4381708926466885,0.2336843942965139,0.2529061989001118,-5.30037975508631,2.0280338021944395,-0.6590301270099574,0.04666883969707197,-0.09377756024981387,0.09813853885962193,0.02212345977103125,-0.024523143375903
0.14933987838665322,2.013958392983056,0.06826104253971366,0.10104435370373593,-4.660607376913828,0.18301864628355605,-0.29020054590476674,0.03998076519776517,-0.1189235858734769,0.09592106145785095,0.016991181670932942,-0.015374417440744526
0.24172872233236253,1.5779703910009835,-0.0373510074644845,0.0358429202443348,-4.11878596741596,1.562004104781937,-0.450357003359818,0.06063275460721296,-0.11864698242623828,0.11013702605718906,0.0218617784364033,-0.023675423413869856
0.130362305368634,2.182145076152559,0.1107167308114887,0.07053422868053405,-5.068062820274978,2.0600928337820483,-0.5436757195595094,0.058657149382679685,-0.08482744118565283,0.09958887260287197,0.024395183182059466,-0.031290510084377554
0.33890504890833645,0.908305919645578,-0.14650810834291011,-0.047065698963686294,-3.3454932758294382,1.112749265577989,-0.25203666203956515,0.05697990596231245,-0.09731189226725742,0.10500719749850357,0.030633699165676737,-0.0273988939094352
0.15611082899567186,1.9135810753064622,0.07394960571848197,0.014097674657981923,-4.706709657089965,1.4448245269966509,-0.3539645490867525,0.05379676749981227,-0.09560346373922524,0.10772141348351849,0.03062577480824158,-0.025383437366711004
0.09120128249754282,2.462588605326356,0.1588224548114603,-0.1759603953327233,-5.481895040339839,1.6857101895808255,-0.2071396857196448,0.06477712973347965,-0.09974428727224832,0.11614735664214643,0.008116504398997582,-0.013299648796282204
0.16583438765879996,1.9025390271188076,0.03820248395277659,0.6864531566125867,-4.470807537155409,-0.6767922390465428,-0.6638990059015946,0.03656152194516604,-0.11269370673797291,0.09406577704124489,0.019831405053337248,-0.02920591784257176
0.10868558992644735,1.9644606745086646,0.09299571990500688,0.511951992936335,-4.494829441808815,0.35180894566085535,-0.7352743653620564,0.04948553063389388,-0.0777809919615079,0.09136359710901554,0.01629553778029791,-0.003670473022474252
0.1848883741650129,2.029929570788085,0.05830873524367153,0.05756219741248256,-4.967174311461762,0.6673633624758589,-0.24738268173600347,0.05623600337633161,-0.12792002473802322,0.09750563612273011,0.01823593667786194,-0.025258963179353833
0.24470422752749793,1.6041976127980688,-0.04870906731255609,0.054057324486092864,-4.042396869010279,0.09954409873863439,-0.21615829566862538,0.054404872514949465,-0.09196512584798078,0.09883582939320656,0.02308708525373271,-0.03648621520281076
0.15809673041858158,1.8441418362681954,-0.001465987133540736,0.32216981069571177,-3.8929289034290324,0.020461871310077002,-0.5450297982909169,0.10367650197555411,-0.0650286584582701,0.10725058660081976,0.012115408713050058,-0.03519400735636247
0.2952744459995118,0.990567813342473,-0.13260744436775895,0.4669450653154357,-3.137475167600466,-0.2173843267006384,-0.6006152995255903,0.042347778779678324,-0.0800698048898345,0.07873491257538634,0.03386317138089123,-0.009870315600028212
0.3363963020758207,1.4294056765414276,-0.1665491162783398,0.18376598454953613,-3.845597636709146,0.36188382516771317,-0.3730201869570543,0.056543534418054625,-0.0915128228077072,0.11267960371392843,0.02856251916558722,-0.028799005940303823
0.07234317651651091,2.126152261369735,0.1537947554250616,0.09173717850199646,-4.8449044551799645,1.5094160892249597,-0.3803064664784179,0.03971407074982608,-0.1032150477020819,0.08025123090854897,0.025677010826039237,-0.012664748302886442
0.18431011451920812,1.724150628285152,0.015461473376777835,0.17359098739547146,-4.261964946567979,0.8834095861651471,-0.47470598646370765,0.07261196124449362,-0.09919747941758128,0.11499950792427427,0.01039053741453666,-0.01572536401442781
0.2810293586129845,1.5174635069304312,-0.06763977342261773,0.2402151871936276,-4.182697025371707,1.1498528141318816,-0.5991829102842509,0.07693369053578747,-0.09903080378169915,0.10977047295393888,0.011399869293343246,-0.024395782562351198
0.14006421091906973,2.3483845488777555,0.09606938375732654,0.3444020250423572,-5.374997966699638,0.6789383282712255,-0.5639491665862563,0.04825420450407075,-0.0974405753348141,0.11140189847375132,0.01613330498103227,-0.01582514690950987
0.1186691308947503,1.9229213267965117,0.07413482743577537,0.40342374608833903,-4.253468713168846,1.0732138232825708,-0.8175660005511984,0.07269692201366618,-0.07289536696747834,0.09934587457816063,0.012695414214187739,-0.016534999454403065
0.13112841651458917,2.020080157511637,0.11285821231922699,-0.1782514317745579,-4.730505404099151,2.6504398436440333,-0.4668141634793411,0.07806670894819501,-0.08725436300831418,0.12219856724401917,0.010550867091260518,-0.03398445279213835
0.2087323063734387,1.4036190631147898,-0.05022713842608084,0.431224010881696,-3.531697874624315,-0.13337548595617843,-0.5493692667785808,0.055861969392466404,-0.10472340586739154,0.07994274509820787,0.00697547662736081,0.0016743554927463045
0.26038010214626733,1.5142668277685383,-0.03110920148290741,-0.06307401653283155,-4.278430491047032,1.4949412435368181,-0.3554184073799084,0.06345719301101557,-0.11284835111245711,0.0925730402446901,0.021659735820406256,-0.014425685742242345
0.31386568711413254,1.3053185698555834,-0.15496036512993905,-0.06632599488539835,-3.7895024783642435,0.9219930256622846,-0.20834462010685428,0.07138693795840384,-0.07156782794510105,0.12096189944941316,0.03836984220228895,-0.008084047433462416
0.13927568844112612,1.909026914290968,0.05661890669535774,0.2552498056418699,-4.296457629939212,1.2893295322229321,-0.6879926052554262,0.0958756274672837,-0.07210798290556841,0.1050735992790302,-8.02696299706529e-05,-0.020469319373136008
0.12396997194171265,2.576044775705198,0.0966364076900621,0.4814997215023027,-5.325793423430997,0.2734780204917001,-0.6423196621466425,0.07748584642585654,-0.09372251427387562,0.09838321149067036,-0.00014142573617892396,-0.025780473697447626
0.15391800869632485,1.7050195675713342,0.028507297098033346,0.25583877383789844,-4.023110894494055,0.3849578648712332,-0.39771592978563897,0.04426547868914643,-0.09749993219655062,0.07480283099666366,0.014820721735252618,0.0008615388134983748
0.28772417419227236,1.4063442838335014,-0.0901649928582644,0.1354847954372816,-4.021009303599258,1.4220986323689442,-0.46161839310373576,0.061409703522040865,-0.09547020470591644,0.08334816046787788,0.024616163491789023,-0.016795947818948886
0.10057948508268919,2.35974830060227,0.09232090919177982,0.11565274179322318,-4.914565174929156,0.8557754178101192,-0.3424065503798601,0.0554640453007732,-0.08657436658723544,0.10644014844619426,0.01920442580780568,-0.01220224815665194
0.4053110802021924,1.001327193177746,-0.19772865042215998,-0.16012688470597056,-3.644550265774409,1.72083672632182,-0.367779120455546,0.08934400852179283,-0.10187040628328624,0.13220205846198024,0.014468606852934301,-0.025813355356322953
0.1587045932731049,2.1043668038444316,0.02777075569652898,0.3210242567939431,-4.465407700095174,0.4776876717404126,-0.5698154971219889,0.07499542897760725,-0.07758324840333763,0.10845972591400455,-0.004710482636122615,-0.0242236289913903
0.08575858896773984,1.853007001332223,0.11022310036815419,0.3054526182933284,-4.274523557990888,1.0453765857711548,-0.6401189740496642,0.06204354795142897,-0.08770285899498392,0.09702518012557293,0.018960589441421316,-0.007881396142279229
0.1475151062874644,1.9815980760822764,0.0749838849410327,0.3146754423438557,-4.629727916548473,0.8362879936805423,-0.5538074216733416,0.03717414307454431,-0.0971865689362102,0.08032100310010065,0.011167589269375555,-0.0117140921934491
0.24279719994545634,1.8370477158244791,-0.007917934274048521,-0.4185969273989538,-4.629856517535447,2.278476976424147,-0.13715041952706197,0.0793013182099554,-0.1192007488629857,0.11765150135026575,0.00809717132088783,-0.024209666545837893
0.1900396439167426,1.899876311815609,0.013166669970252842,0.2512915760953174,-4.56170502955611,0.5416985432823476,-0.4968554098035882,0.05985250948009119,-0.09624576753409253,0.10464972009724982,0.022711129055764667,-0.0069860059904643945
0.131379210360323,1.9171469812114565,0.05326998304944586,0.2633464738833334,-4.167026739562815,0.03924994596417271,-0.41784654386723663,0.04656989208465501,-0.0903152357479633,0.10715415129815034,0.012547356500488549,-0.03259112813466447
0.11421126406598833,2.2599091588135267,0.13396978533408244,-0.13668433484919623,-5.151478448507283,1.693745750042774,-0.2326672476939186,0.050975606190477585,-0.09848654255878975,0.10280068906354017,0.017721505830152084,-0.02998068220258565
0.40310374947101607,1.3091518162969251,-0.21001547302686352,-0.3373369682640235,-4.092765049378376,2.6850640233400718,-0.20045486704088922,0.057231541670977326,-0.08822304771357659,0.1267005793299377,0.015639121149523594,-0.0002438618329428932
0.1293224836110648,2.0658190893264483,0.10060266970937848,-0.23080520762993254,-4.849211106645717,2.0507228332739302,-0.17070718206165716,0.04002104790038091,-0.10310978558750727,0.08687127069447054,0.019284300523394027,-0.0037196626482114414
0.25643327621287354,1.46721022461853,-0.06088929685002442,-0.3737046231726615,-4.123501403573962,2.1331761441948767,-0.09800401978791555,0.06790215437555625,-0.08829166658955787,0.12067511544833645,0.017731072289254135,0.008926634903130282
0.258598285488255,1.6812880685928564,-0.03941794757329464,0.08862302316999424,-4.432242389747895,1.084597163470515,-0.40977287200351936,0.056721572307549595,-0.09503094733212486,0.09610542413936443,0.012705388826786068,-0.009802939581859849
0.10095985986663741,2.3779199295073723,0.09898471830755717,0.0988131156791382,-4.94216440265275,0.6335801636941564,-0.3641828927294545,0.06241404825869856,-0.058009614498088946,0.10673483752727603,-0.00014306004761388547,-0.012529477139265444
0.14346312675758113,2.166594325276633,0.06629481767760903,0.5068838938519968,-4.687396611894632,0.14092523174408325,-0.670185623931886,0.028279545908356074,-0.12354338902736511,0.08914678787952934,0.0075046968998715435,-0.01973873182912067
0.232966900575915,1.5664237344209622,0.01096434334840557,0.048397325622310874,-4.517827541347562,1.836014217991806,-0.45198341986795,0.060272688811034925,-0.10463009056637129,0.10168594637635947,0.03255846854621669,-0.01880699930536711
0.22766560077267278,1.7715986607314025,-0.03556027102570514,0.35531721718336795,-4.251130558965933,0.31600528116573007,-0.7329082205185905,0.10499747922109548,-0.059074254037013385,0.1410342697316061,0.006658084022094446,-0.03233258257872307
0.10214037490739386,1.942670846295802,0.04124121509560785,0.21742743417685054,-4.027281318451902,0.5588145897014606,-0.4090876001491026,0.06815501418557401,-0.06904161536094272,0.10629992614988071,0.02317353398594768,-0.006210381325635006
0.1720142141837694,1.9387638239690175,0.016077693443187657,0.39495247913088016,-4.400790265052992,0.11282971777591512,-0.5647272734619604,0.062250671186692474,-0.10477504526450415,0.07433114245041417,0.014195590504996303,-0.007106843891066861
0.20310475745264572,1.7430018318970655,0.02546303392174598,-0.06353970034517356,-4.40941800250123,1.6276300333588096,-0.3818194123035401,0.0713095215308403,-0.0951310747412708,0.09918480631146975,0.015038918982701821,-0.020187627422071808
0.309530117862952,1.3422788714636922,-0.12957877256590078,0.12066355804942468,-3.796051022400009,1.1547053089486259,-0.48967930741707977,0.09173913453054314,-0.07086135402566507,0.10657263335774336,0.023100218563777697,-0.02649113622893734
0.18574606721117323,1.655113016325941,-0.020556660104877666,0.17701611930082495,-3.792900880847022,0.5477227810208866,-0.4714332184597455,0.08636197423443895,-0.06545382499542657,0.1014079260895101,0.008406981236923627,-0.02429947344318617
0.2414009349851655,1.9058007093320375,-0.07666536720837014,0.2898222540954686,-4.3272869604005,0.14334466106044969,-0.3517866872569392,0.03569388988136327,-0.08737836914522418,0.09498573506871472,0.01575800729187027,-0.006767787055086849
0.3046388350095431,1.477414361643631,-0.12089006489243848,-0.20904388955195574,-4.11204819410605,1.4942895948619201,-0.2026180992249786,0.07544725630098112,-0.07017258420169173,0.12748726628054452,0.02879226544627783,-0.008716066025248326
0.20209484282020987,2.133976900660153,0.010567517283282424,0.1013959365165968,-4.864475480525094,0.1472647243447573,-0.260302245901335,0.024322108589115765,-0.09841212008686334,0.11025427810744048,0.02410903804474851,-0.021729767739134487
0.2986081623477792,1.372821842291574,-0.1264934609548245,0.21507548236642743,-3.734126285294808,0.22075866331061325,-0.427102011563677,0.07066918016441015,-0.08665034541712005,0.10210073510662812,0.0180704653777653,-0.016738892532148997
0.12161873885212006,2.2936540203765303,0.07819924170997727,0.4431524645652173,-4.973595480443465,0.2659552162017408,-0.6221150722284616,0.05474550687150237,-0.0648232914052832,0.10483361909554084,0.02447919887540395,-0.028222971144075126
0.11616560066029283,2.2164318934825804,0.13521256105489066,-0.10407148930557547,-5.032823601527126,1.8249556232020503,-0.2841538327960626,0.04532899683292324,-0.12105695379655412,0.1025955501907117,-0.0019839657797973143,-0.021485561836812717
0.07274865321383939,1.9083453311624363,0.13277042633865666,0.4997290974136164,-4.351026988595298,0.44699948696898417,-0.7725632611101101,0.061975817451047466,-0.10046450220142589,0.09254900397133037,0.010832880129719502,0.0012986938321631891
0.19988324317683892,1.9886103920080296,-0.01727028857438606,0.19997938956872052,-4.3814069105955324,0.46761236711752263,-0.39750431112983253,0.0522790104107857,-0.04233632341288701,0.10402589902599471,-0.002890605476695285,-0.013462685711335909
0.15021082269842367,1.931282106517719,0.05358687082286018,0.2700747006054372,-4.592062314593434,0.5719717752044823,-0.47347929094481134,0.03448541399628774,-0.10956591976615593,0.09570176224896221,0.01837830529859552,0.004066861687922474
0.14588769507138813,2.0459389907775045,0.07429518117039935,-0.08790419999199114,-4.710645800837812,2.203339145573826,-0.3836125426697051,0.04141771067558525,-0.10013409372713844,0.11096346148824304,0.010528093554487583,-0.008768406722396427
0.29276314690893934,1.1952078176041592,-0.10334778261201161,-0.14862256561783044,-3.6291191061234467,1.8307799436520675,-0.3315876485920674,0.0705897363040106,-0.12016235125145502,0.10958150316766363,0.00938339639420821,-0.00227018524224204
0.13430215624097105,2.3147783454890867,0.07354036082807425,0.6650055061906872,-4.998030300617579,-0.34245477050813355,-0.6264728913086829,0.02465748989841965,-0.10809678187545901,0.06564863466664317,0.0170363157121024,-0.0037504974842020866
0.24778821375260535,1.7127154371046625,-0.06774201321699747,0.08041651740079707,-4.360016457605672,1.0298337091027883,-0.42515750821123804,0.08301912200989323,-0.07566473815155589,0.13255898846083564,0.019810722479042142,0.0035679114454515437
0.11077396421482545,2.023168729844787,0.1542776462281923,0.1472839811985416,-4.9771842569812055,0.72374796421974,-0.38217807263566556,0.038960065672481226,-0.12249754092302823,0.09502876237956104,0.014230102071326134,-0.01919851975151532
0.1261202097677644,1.9856774313626882,0.09865833930558887,-0.715087498220685,-4.710997962873925,3.2034490460056873,-0.026336785212659447,0.08850511154981955,-0.09151991628519818,0.13068597047630573,0.018774936312615065,0.003676093497465449
0.2717118853725841,1.4922567148860146,-0.0809455569244717,0.11022146677647592,-4.1215680501041065,1.0267850388136928,-0.35653153989381875,0.05241126047337377,-0.09109990439128685,0.1060401885821132,0.022231079041338087,0.0012578322367404193
0.15798601275106566,1.652699342034349,0.03806808282258933,0.10570977326500597,-3.9563905479529677,1.1722856688585674,-0.5772628833161786,0.10379884811096901,-0.07149239749489056,0.11041677854993712,0.018143750554211024,-0.03897038125575836
0.20477825056601306,1.4657000694088518,0.0045041532449153765,0.2985134641077105,-4.09192629078465,0.7482214939093671,-0.5470328912320659,0.051944671332131015,-0.0964972290606228,0.09380752612727974,0.017938468122217777,-0.0015123843595699071
0.21236607042446093,1.6522221346828143,-0.03654278891025642,-0.05053277985696504,-4.1212992829120605,1.5739440158232163,-0.2703630652097477,0.0647206789103198,-0.09245005666686729,0.09896792266877594,0.023904382522203282,-0.0026663102058707144
0.15987186282964694,2.252370895997062,0.04041644177378445,0.33822976206531363,-4.864928204877571,0.6253727025186491,-0.6404759685617205,0.07568788184410558,-0.05923187173456945,0.11331304744001575,0.004956732852874457,-0.021298561699903074
0.2162942533335547,2.1653560726891112,0.017948042379647866,-0.15964989335943516,-5.152144524665511,1.1307983645166269,-0.13500688372965733,0.04973883693819425,-0.11435905847249472,0.10054853647114093,0.009524545277411423,-0.0007947062978936881
0.10875909287727052,2.075039643543639,0.13273053834279458,0.15232835451124174,-4.937691197889974,1.6020822632637124,-0.5450926158460923,0.065555384068745,-0.11116991345538485,0.10302966062774488,0.018747523924798948,-0.02152907250652425
0.08580003691060246,2.085798891596431,0.1569823028158368,0.12115601358503059,-4.971075599899719,2.31737217719192,-0.6421911953951156,0.06469440589435893,-0.09216205255719384,0.1019198953474384,0.012989348903327591,0.0037619787082511236
0.09776803447321349,2.231992390718567,0.12850656809305128,0.18321943537160923,-5.012726556812591,1.1270690064898405,-0.481617460295723,0.051556785104822644,-0.09273308557983284,0.10199396204538308,0.011537310862861694,-0.014248671647493771
0.2506056427589988,1.4878248787327348,-0.05566043114426922,0.1878286615225214,-4.031440843332232,0.8607148264025948,-0.4408149340516807,0.03437256148649151,-0.10070387437117456,0.10393276926683517,0.03456306797327974,-0.017846100058169723
0.17370120196355535,2.0931276717500875,-0.006102961370004545,-0.2475679526585036,-4.464236462021672,0.604615596508021,-0.015540440107386866,0.09040634097622102,-0.07945123561680706,0.1191318152460587,0.020810371743344214,-0.02060294986238842
0.26519492886785145,1.6522427424880137,-0.06752189174903434,0.15022362429009203,-4.226089168042274,0.5648196175815888,-0.3101653679517916,0.040957661639699106,-0.11684357529806924,0.09440142496667814,0.017072259433270065,-0.01932058009140336
0.38018374587854126,1.4299936684962224,-0.2037033826758643,0.13635814790741368,-4.001379241672644,0.2600171535801291,-0.3565153700810876,0.04990485520536797,-0.0870062069625804,0.10443890176092296,0.009500803006277092,0.007759549960538126
0.11766103550978867,1.7225634757253987,0.11052019587387274,-0.190651906209771,-4.4518012503673,1.8446216754140214,-0.1634156882285932,0.045310373659008196,-0.1054580077354324,0.0872555957562208,0.03952895736510653,-0.009678145081472689
0.1490549282967812,1.9898014733343352,0.05993139158960403,-0.08781906013437629,-4.543645703445177,1.5121783203566137,-0.38038109891000715,0.09958157652762117,-0.10654613375203259,0.10674484633877218,0.0034803562335754545,-0.011020800474110692
0.4670695963317456,0.8230631226472706,-0.2893224093347757,-0.11059167997922104,-3.2956127378849147,1.0861828132234161,-0.17332312849798467,0.06214108828038946,-0.11192839738714441,0.09023924655342162,0.017410371989873358,-0.011560160984512263
0.2945648303835287,1.4039976687883784,-0.09416338028568028,0.1555271398784417,-3.952452985978673,0.5878544452653405,-0.2847985575485912,0.03901798402683146,-0.09113177997495364,0.0747355683649236,0.028048061060074125,-0.0218053627547099
0.356886758182525,1.3069761204847192,-0.16101428461467426,-0.020189607776561216,-3.917878583423324,0.31573503419337057,-0.10130636189040197,0.05709842569570531,-0.09546411367146279,0.09014700038523094,0.01670282230875464,-0.024615650975943815
0.06831231952413963,2.3376596203943247,0.15244845890432646,0.42782120813773894,-4.936431520351481,0.4854076127480248,-0.6950062823393789,0.060636466398199584,-0.12926531895323246,0.0926492300634345,-0.009312204787017553,-0.0027387630986144273
0.08614750493194859,2.168900556864911,0.10934322897149262,0.20598369381095574,-4.670879733140742,1.0549142885257645,-0.5332182444422788,0.049067793501080315,-0.08333481978756035,0.1145832639117938,0.022129512644294524,-0.00629124197667863
0.21873487826611043,1.4230253266183843,-0.06429476861321559,0.4077966048460966,-3.5033683157392423,-0.1442398208891923,-0.48016276873251723,0.04976155283029815,-0.09410069310839536,0.09244785564992475,0.02390000219212779,-0.020664764809952718
0.33004241384975636,1.2399328739779132,-0.19003209652954545,-0.0790801668651855,-3.285940020202999,-0.1908262867238208,-0.18203407308563851,0.09795081139890914,-0.07421964960532071,0.12163131047810341,0.013782650862043944,-0.021301451434911856
0.23032243080003462,1.3692073860180003,-0.042528758120958576,0.17504369892783211,-3.7765389058091214,1.4987441475795455,-0.5147942941845236,0.05607987341101761,-0.1024111171107838,0.09664903163878943,0.0139733084452075,0.0031687826119721763
0.15180799420032826,1.9646298901135393,0.08798854465827977,-0.46798275002694467,-4.8499769675168976,3.4509195870783542,-0.16345192806992864,0.061375975780586456,-0.11499477822078624,0.1139470145257383,0.008106441087418648,0.001555816578055924
0.35011497396127195,1.0546151541285804,-0.18945869346014121,0.27586415035883505,-3.2540864740854647,0.6571662583029089,-0.5021203613678122,0.06687122645001625,-0.08854092083131038,0.08768468067960844,0.025073886104474363,-0.024161095796064957
0.2233350046684626,1.675761177220518,-0.026965723114341422,0.4555843977948592,-4.0370714093303715,0.6509178073617704,-0.637707290432275,0.049785366612138254,-0.12287574242511395,0.09428545281366385,-9.861255673471181e-05,-0.03199540164620773
0.3173228658368699,1.4743555836582696,-0.13540650404581434,0.18013079340136467,-3.8572041747009576,0.7013973576014711,-0.44760726599046474,0.07526873690390198,-0.08149773126471649,0.10460079952405926,0.013147547380948976,-0.03426342137110111
0.12269503653063268,1.9623332064113272,0.10471155966090073,0.06736155878347175,-4.49156689570366,1.619535059277405,-0.5365945917915014,0.08503394328255731,-0.07826410845179221,0.10009832660127688,0.016142051173496652,-0.048371407849816306
0.07129395390834842,2.213796636574798,0.1641623613375398,-0.11222181199525627,-4.950828107766212,2.1116899146356345,-0.40053685738852,0.0822105158610335,-0.09208595336570369,0.10443403766161319,-0.004445914915132465,-0.003894448422786967
0.17659924726988485,1.625773208774896,0.036798702804546224,0.20880039203022122,-4.318901313969705,1.0530336931555786,-0.3948926591271522,0.020877506797836953,-0.10122930870761654,0.08765648808804702,0.028527542027967256,-0.004071888405000945
0.34547387572038313,1.5481508786468792,-0.11901845248789789,-0.32652980206588267,-4.498389909250415,1.5829463605706895,0.02254827395619932,0.048661761399435385,-0.08029111114251034,0.09986166591771314,0.02351055437397198,-0.02425909658221903
0.22722493821315734,1.9260807929869652,-0.047305210500806494,0.24592513462834942,-4.3784280722938975,0.7168556865252771,-0.451579506614895,0.05460613985046667,-0.09028136175046131,0.09568125691781526,0.001735474619370958,-0.009122850056745735
0.16950998082509938,2.178632795929635,0.05358922689116996,-0.311796241372931,-5.057985235084648,1.778971483702686,-0.18589721888784344,0.07162047827298534,-0.08518825622312587,0.13458052689401562,0.023087401849768208,-0.017037218835305734
0.1250601703417338,2.103648565826075,0.0830010976374278,0.01076564425296822,-4.7840931718554796,1.8817319040997573,-0.5155650602990813,0.08948251687543912,-0.0685726820559498,0.11461529992342279,0.011088271809999384,-0.004992123841692231
0.297240097545217,1.2729618694875509,-0.13639737244524075,0.4381075864706326,-3.400410672319334,-0.6840432287309686,-0.5757585708196495,0.07231985547587211,-0.0866466321740787,0.10903277444046139,0.011825280396147941,-0.025090719191433686
0.13410920800463846,2.0361115377798478,0.07601923474914885,0.63154593546972,-4.436631172117736,-0.077727633758531,-0.8383703351908193,0.05744057309405959,-0.10942246142880707,0.0995363757218945,0.007785938679378046,-0.03902201600234756
0.3388930764134,1.2063653566240866,-0.16815626873090095,-0.051419272120197104,-3.5781920267142913,1.5351493797675282,-0.29612540706488644,0.057577382924623055,-0.08291765643030444,0.09653255697183397,0.01839990589492202,-0.002567118111113431
0.18531702860760874,1.8149941292924336,0.0495245322614275,0.04500752494378063,-4.614151269536054,1.640746318014752,-0.43290474367030707,0.07092050059778057,-0.09938957066647947,0.09851017402441703,0.007449105144979873,-0.017836795681694162
0.22771334591861503,1.76446970286181,-0.0018207703799392183,0.06879028430868012,-4.364945325434969,0.9479443210494255,-0.38251852433297096,0.0674207232480939,-0.10876763741624579,0.10135352039350706,0.010180019792914052,-0.0405259671279431
0.14692588774640908,1.7882629915262662,0.03847808719589152,0.17293862321110615,-4.209165708247487,0.8939764873808882,-0.4749342526865187,0.06985286173414429,-0.07739970532824808,0.1156271605077237,0.01397256611469222,-0.015110257468961885
0.3042709155982958,1.3634530150493327,-0.1428812657359485,0.08801431989833781,-3.7033028304364644,0.7889058458485564,-0.4429312869438578,0.09067275073778873,-0.05609626979161786,0.12494854000726463,0.022748753573565428,-0.01892717418981904
0.353669280649663,1.2733876165638414,-0.15341124930132755,0.17617945441564564,-3.798516296101912,1.3030925288976942,-0.47926290969372265,0.05657337936705953,-0.09913298369151533,0.08921796852495847,0.007624847976371252,-0.02139185738014493
0.1708382036018151,2.041673996281306,-0.0030889446057209557,0.1961248167001382,-4.351358773495778,-0.18472357140271412,-0.23630775275848978,0.049531929280295484,-0.08753771772371138,0.1013594425073952,0.011860538633216677,-0.02030892094864889
0.19139642056188513,1.6301190792836153,0.07445870348851058,-0.04443217147140685,-4.656894660877496,2.599079181062313,-0.5202621348697949,0.0596557500067231,-0.10701702142503272,0.090729563009849,0.02982264760558817,-0.01920139533826548
0.1448255109433518,2.1964584708054016,0.05725919987437145,0.4760758996751232,-4.819801773369535,0.41378341928365603,-0.6320524517580528,0.05060253239637813,-0.07529006318050058,0.1025955778315592,0.008218023993688206,-0.02026324529854151
0.2997809062142897,1.3789036719515935,-0.06741685411768339,-0.2433033450689333,-4.1354353255575385,2.9966465242530447,-0.39145471311755814,0.06726963238945202,-0.10129831563176162,0.11714854353760423,0.024630369285783993,-0.034516980356664284
0.25480419742172566,1.3094744717208404,-0.06884952500545927,0.46090254604386355,-3.633239004022933,0.11734940653266271,-0.5845028329058043,0.04435649767905639,-0.10988305684888602,0.09009762585898133,0.017606711016479593,-0.022017028294451957
0.029375044355034952,2.446224529482917,0.18130010372983385,0.3742594491028782,-4.966763136532666,0.5570375428555726,-0.639086875105162,0.04921634867919972,-0.13015379782634123,0.10048855544437335,0.0025880427541692397,-0.0003975250621482962
0.10333615784564426,1.7898069506889307,0.1296340385245297,-0.09740331834728211,-4.530043426750522,1.991165810051315,-0.34951361281938886,0.046081101229923094,-0.09246547141194844,0.09506617216364116,0.028455769852505086,0.004408847108012148
0.3033475589306378,1.5231428641974327,-0.10987876105125283,0.1435550296522739,-4.126472527744816,0.847042186753462,-0.31779174515107983,0.044208352853481514,-0.09332982026980174,0.09466372631052677,0.03095502729874494,-0.027856428830075997
0.17969566581110138,1.9154768545075782,0.04704254366003369,-0.22410984736104791,-4.806869544307191,2.03622824769258,-0.13712372117254074,0.06311093966306516,-0.08551386404131378,0.10700109769848976,0.024614125890017213,-0.013986464000870558
0.2600661589977822,1.1334513349154092,-0.09939438327935579,0.10711046224741032,-3.318725204692749,1.401285480676083,-0.5253275563403443,0.08324308323805521,-0.07968413406391878,0.10968442602702036,0.02275509498841244,-0.005937434569354472
0.08734489746657657,2.257601683091511,0.13715647545932996,0.01001814081677746,-4.925963858725793,1.611025969622155,-0.44699880948374304,0.06703729560899069,-0.10103780630760967,0.11531391568240362,0.0036908918585976114,-0.011448900674009388
0.25683061958426906,1.1902963480206616,-0.07126749586961667,0.3731999498173065,-3.605896167527453,1.0520191252158817,-0.7869520088393333,0.07974285798014466,-0.08341695933515442,0.09885393916346547,0.016258306482242302,-0.004450197835850822
0.24145285444812337,1.6080572994551376,-0.0725345540153034,0.31649640193054657,-4.036158005433211,0.6023822517477927,-0.6562105330306319,0.12040850193095703,-0.06581707343677984,0.11583464653879594,0.014983650935423642,-0.013649059272278774
0.169956999669242,1.7696653034360255,0.03343830665285441,0.15584399372877442,-4.315456162551813,1.7284799035035627,-0.5259437161233854,0.05787195963959363,-0.09434591842004242,0.10924286124424032,0.02752463863009791,-0.025163922354311086
0.24727052687175224,1.5377189433733418,-0.08811685004774539,0.25840923425398427,-3.7679484189011183,-0.10051920409524356,-0.37432319173929357,0.049930024581475274,-0.08842238055264481,0.09896493263936881,0.01804110812978954,-0.016366742595278816
0.2757832354905657,1.500891489433667,-0.06479887057260147,-0.19131376970224295,-4.214044951672377,2.430427046654923,-0.322677807325349,0.08253908256571041,-0.06510990444694609,0.10768966651701706,0.025394211404808464,-0.02281480031055949
0.25332916129775923,1.114700631232014,-0.034457823421669365,-0.1860298544068806,-3.8728498462095464,2.3525709885963293,-0.398784704331576,0.07934786902112631,-0.08574279449949557,0.1282219273297584,0.03077613303637855,-0.0007123074875339253
0.21547216749066644,1.7443248854326403,-0.026948872956407022,0.07180008469519591,-4.280900140133878,1.8169534299769858,-0.4962642949891921,0.04636116850990457,-0.07885639161593516,0.1019666265710546,0.010482577431986106,0.013716006973106709
0.3522920100386416,1.3882225206738652,-0.19284816132318305,0.4542651427405296,-3.769131907548345,-0.2951247745888227,-0.5032460952342707,0.03471314889684618,-0.0754362300258212,0.09564918433173286,0.017585433797560834,-0.014295040250120628
0.0059900812505085475,2.601727503803245,0.2848421856857495,0.38555385270020437,-5.69562295653667,2.051775668847777,-0.7659457881946362,0.05307405234203588,-0.09085042993504566,0.07208267396912588,0.016252236571113632,-0.045752423091466765
0.08616765601732491,2.751051691487599,0.13836344601731865,0.0381271311128209,-5.784672644106055,0.9682483191582569,-0.2328384158211003,0.04447761626470326,-0.08505543279769612,0.11659170579987355,0.027169148201489746,-0.019612939841030186
0.048402146402444224,2.382369646652589,0.15991592191514048,0.3447955889571537,-4.86739053198237,1.1040066469497924,-0.7127144992888631,0.0787785332695799,-0.10678850635291987,0.10585382915051006,0.001664818271482238,-0.015589391010716214
0.09186554695276929,2.4421301149407224,0.12714696629402433,0.21168067956054326,-5.104442075072779,1.1055079758085706,-0.5644184050909996,0.06317827703997037,-0.06744133797563417,0.11130482504104322,-0.0014832434308397202,-0.013824039324817128
0.1192056675832546,2.163044463707253,0.09536373273886256,-0.0296334091568696,-4.788066502684642,1.3677400334995782,-0.2779045216293351,0.04477403578329947,-0.10154849611857358,0.09206431603715914,0.016617773161563654,-0.013300600585431033
0.21365168365978934,1.8268141995930853,0.04177776083251872,0.3490437081020193,-4.835489899511394,1.0474580232541588,-0.5647213262790738,0.026388637449218988,-0.12515288128783736,0.09624765234951227,0.01725305952185341,-0.01744985381494457
0.17852755764201275,2.020462544277437,-0.01534386839652968,-0.1040508818598031,-4.425749879817243,0.3617774005877212,-0.12987983354143853,0.08268140651512224,-0.07814127689629602,0.12360176021634017,0.016721035426073838,-0.013613507655822366
0.2932671719118003,1.4346058570101137,-0.129925913150728,-0.3638175363656615,-3.8491034087355107,1.0894406914311774,0.05421853859886787,0.06857733275241473,-0.08719422373999144,0.1178816582457706,0.02054399192337103,0.003321391436582777
0.08960396541709151,2.3560453613666916,0.13521769598739586,0.06315707745999657,-5.145653043845176,1.5470524012445825,-0.47717818041227,0.08012213192616852,-0.0831585640539782,0.12526575881946073,0.013860838304168066,-0.027007230104604485
0.3021178473890254,1.4383904059671253,-0.1080754624504412,-0.16863965969471728,-4.143566707198116,2.0359759881311126,-0.3335387859097287,0.0783077650099385,-0.07929436298460565,0.12648936729937316,0.020683157370438632,0.007746372515481326
0.35132503336603615,1.2815850220181073,-0.1906857728036775,0.047867579640058264,-3.5989668852217505,0.4933500312479044,-0.27844864562821775,0.055166637246413575,-0.07484204187077403,0.10593694938760548,0.010468887808627703,-0.009843061323193014
0.07553250342873456,2.1069455453127484,0.12561244149796313,0.2859511647079196,-4.524795724681253,0.5879361477205551,-0.5657543563876114,0.07361493258126273,-0.0858330394128704,0.09480037761810173,0.011369136154784965,-0.026530669212663227
0.20805324243783432,1.8358696762702138,-0.03518014461940766,0.3307013189806106,-4.183826324624497,-0.16946378332996148,-0.34172639246127157,0.04728879138810144,-0.08108050615730339,0.08205840707645912,0.004558222512251575,-0.013867420593265956
0.39464205747973646,0.5984725321856023,-0.2744205859730712,0.10313634164911886,-2.5419393921438247,0.143941993378005,-0.2295351108587288,0.061994056041993054,-0.09558973295627149,0.10556799937123583,0.03243310576015815,-0.009609163960706046
0.10352596369137548,2.101193168124741,0.146576126040733,0.3529350120193764,-4.837772220881965,1.0321248545517236,-0.6551367251192166,0.03919753656141156,-0.1214180883899022,0.08642151616810234,0.015161338316347694,-0.029616512748345203
0.0975977319312924,1.9816162750551363,0.11903860280861478,0.31451311759167533,-4.583541167666861,0.3183411733709993,-0.5373400010649874,0.06980668872962426,-0.0795209949871088,0.09860252422057803,0.01770168140044248,-0.026847418529799216
0.3661882604062598,1.209994091998932,-0.19657796683210849,-0.1868368673069722,-3.5525012250378625,1.0226869178110964,-0.1087478309588058,0.07512771124342327,-0.07330369091932598,0.1096760297524555,0.004725757155045196,-0.022225164117212093
0.20825360496411155,2.082766877622353,-0.012364992368985694,0.41453975197295234,-4.571274784615831,0.14982517351892344,-0.5428247080386975,0.05018845638901748,-0.09499835475359458,0.09213917300386903,0.0045601943599739014,-0.030567698223994078
0.12926044996076097,1.6107512862173985,0.07766096844272086,-0.15485146870232633,-3.971780201201514,1.6432943928477421,-0.3061581014749491,0.07265047328790139,-0.09767630579781922,0.10341313166696803,0.025973301319293374,-0.0272613068168458
0.355264577686726,1.3732487809599556,-0.15040251862870757,-0.1923599686299275,-3.929212119234991,2.0681416082885695,-0.3192955174002224,0.08829912738556794,-0.07060812923336848,0.10486195090374081,0.01171972850217795,-0.03658031525792721
0.14472187062130176,2.0619030079087612,0.06672877444828562,0.22795966838833567,-4.6968086984538315,1.4142358819186127,-0.5737305118581342,0.03674672198240578,-0.08085177596634124,0.08952064472367122,0.023601004528921887,-0.017140911299213135
0.0989884377135463,2.0873966681496556,0.10273577050324278,0.41006522249523053,-4.558029585830527,0.29564785238272673,-0.4694236676091085,0.022052475968155794,-0.09813928797595323,0.05376222281955695,0.028302387154457653,-0.015668949831132095
0.2741924841658215,1.6736581789185652,-0.09634197713617243,0.46603952063704834,-4.1362180876000725,-0.46897417913019773,-0.6073811193457089,0.06667897834172828,-0.08181188983405863,0.11703255323770828,0.02242217342910391,-0.023806109787048002
0.1354603277156379,2.4073599754809356,0.12090314280541392,0.02034448161586483,-5.458955602386656,0.5378154027545095,-0.18958884883198862,0.04744855577385276,-0.12569604782412352,0.09821789134478753,0.02311581045307487,-0.035516707868256225
0.1006205117627521,2.2410741221240484,0.12611674174463583,0.05135211636048856,-4.94152955253298,1.385344751086366,-0.49066480972942456,0.06269461740295951,-0.08701385572078663,0.10590804331409276,0.02002514406956779,-0.027382803294456193
0.2985974949528214,1.2691879370646535,-0.1097219969671901,0.40452383942207265,-3.703154926714033,1.0651544889747788,-0.7968766133823938,0.07479212118748124,-0.08496315193728332,0.10081951192475655,0.021309047561016647,-0.021110675857848094
0.2540557833069809,1.7948411999519542,-0.03433262679033644,0.0063841102249379555,-4.542349744522536,1.3091706982999785,-0.374354913712448,0.045737624402470145,-0.099250263790023,0.09153697666510374,0.026891973461874774,-0.014285618703312575
0.2120819472554375,1.9934021743164505,-0.044647263430106054,-0.020062371313633337,-4.303972521210815,1.0277236629147934,-0.2785789853102143,0.07152428131419425,-0.06217948930262382,0.10927962860239876,-0.004633014061849128,-0.016270292234159656
0.23060432120770832,1.519870493501169,-0.03610291979649871,0.004428729410840437,-4.132134252606412,2.1137265018555436,-0.532678858649368,0.08433862034549217,-0.07128669615668504,0.10884247506620245,0.012264012387958934,0.019733326478041824
0.22460885133689132,2.041023125488405,0.016959158140007258,-0.31134718097837233,-5.0088885397346115,1.4671710688342368,-0.03821329849348884,0.05910210937292981,-0.11790410191530887,0.11231390744379577,0.007063566084258732,-0.022077428485251405
0.0837833627570185,2.177848858818466,0.16697040240681726,-0.271929446208935,-5.134384674018614,2.5455445204831864,-0.3755728009710597,0.0755938288529504,-0.1166868811572514,0.12968141178088122,0.0062470188652477,0.007177755723605017
0.06457193273605369,2.3467506250534074,0.17575994396686956,0.26491932348077785,-5.110058050378638,0.8410547593261427,-0.503584900517478,0.05029961363635366,-0.08870610267398926,0.07933562865301719,0.027170978894620057,-0.031646470699606466
0.26419869418376024,1.5571210797219834,-0.08114871429795856,0.24356943760631258,-3.9919746678851693,0.217104881058301,-0.4631628740168665,0.0724748961953739,-0.06544090965180444,0.10016708827402501,0.011255578543002742,-0.016877520805800184
0.19561920216540746,1.8902993540787105,0.03316456595470063,-0.03430936551390426,-4.702723905364958,2.500271591784379,-0.47021683584795726,0.0687205445229492,-0.0795787416497562,0.09056649089255348,0.007005994162464391,-0.008877378187425178
0.08677198464343198,2.1623129306112014,0.1435666533440576,0.09469097141774485,-4.94435173583869,1.849822167298159,-0.4937542258648844,0.04150044653832935,-0.07306767862188712,0.08881895703569015,0.03606053111347585,-0.02721463029486293
0.26573521014286233,1.5564732900535156,-0.08328987358599105,-0.15278917689842647,-3.972320353323859,0.6738855707816551,-0.19325417426896388,0.07917585907431815,-0.065673320205727,0.11348919572100644,0.01912437503464748,-0.020833785427163465
0.33315588713242467,0.9517680880672471,-0.201310754815748,0.03583683674592704,-2.9679358105716225,0.29952352166313345,-0.24945411326181385,0.06824612408243949,-0.06645437362018497,0.11659588539592948,0.026324401702815442,-0.016132873694968963
0.14003718301393137,2.105669754019562,0.07315876093569895,0.13503282254988164,-4.814926537718644,0.9588376147376398,-0.48813792898763037,0.05935499481581036,-0.10003499904960722,0.10671280755782625,0.0025574417772530333,0.005339000137542516
0.2634762168367308,1.5673776367491625,-0.04088613018597198,0.08694351099262461,-4.654765327380183,1.9131337483231359,-0.45639495144439635,0.07197463525322381,-0.07931035734513442,0.11269822367189922,0.04022433609183118,-0.011573071159965531
0.09683956624006505,2.0749841133899536,0.07694135014369397,0.5172172985838043,-4.290653600399658,0.19111809587838183,-0.8469410860012808,0.08930500831725902,-0.07755139748179707,0.11218151386849959,-0.0027858800114163307,-0.011320318090989656
0.2781186935197429,1.3831221019388384,-0.058328765015209116,-0.17388429678283052,-4.095575196228454,1.8398477811372764,-0.29939707329094367,0.06972973171564023,-0.07843785801434852,0.09621658742437261,0.026590066309780946,-0.017263855433246822
0.23036484792680487,1.6705145349241488,-0.008415663398296136,-0.03825427548837464,-4.456990008813658,2.091441310811958,-0.42843599422631357,0.04438015378079624,-0.08846129002891068,0.10804028644635277,0.015399950795411677,-0.002262549698594407
0.12891315015654878,2.0956134307432714,0.11228331238065681,-0.35556876130983756,-5.065713996261975,2.8757158340835187,-0.08485199558563822,0.04362297084418787,-0.09349733838617863,0.09184133670212863,0.016720690262228444,-0.005931488843952004
0.0014800490107113407,2.4894665992057017,0.18906522448852314,0.6603818592639797,-4.871411480245113,0.09694293386826158,-0.866413017283974,0.05931407417373524,-0.08787611435132892,0.08895284893550931,0.002131794403624765,0.0027411626641884457
0.3081074732838776,1.8094382707320236,-0.08512836640963739,-0.07544143904506304,-4.684997080065008,1.5984234570928761,-0.3010062247764087,0.06765882346877072,-0.07203003116249959,0.1040963115511083,0.013327115340912243,-0.02938294218922921
0.3380405679695801,1.1142764841243102,-0.17944932745952813,-0.12652835803473408,-3.5063948801634885,0.4088962395957801,-0.12732645508129067,0.08745367024211667,-0.06440577278353532,0.11957323826669217,0.039456579746868614,-0.018749963363918543
0.08287174997663205,2.173152618331037,0.11076744649530346,0.3191112230356913,-4.633668794982615,1.0635275168249034,-0.5709078592365008,0.06283739707528652,-0.0871113603525131,0.09479277788895518,0.008596778622903312,-0.012991179281982124
0.18207101256501715,1.392335583461882,0.0048737221641991235,-0.41874671180562617,-3.7528193049667102,1.7705327185228783,-0.07337888675500459,0.08643347289655379,-0.07265545335271589,0.11524813476893578,0.027179737859232667,-0.01145754259504328
0.17724768958720472,2.0559870791391512,-0.011341410536823693,0.033474872831460056,-4.404975694670748,0.03748803710631321,-0.22646382176829682,0.08135167324619574,-0.09376746267430613,0.11040604079931698,0.015425330158612138,-0.010400325523660214
0.08891552347574085,1.6489255951604815,0.1201364184559458,0.47602705988839433,-3.955594774110281,1.2475745235709843,-0.8621333037037462,0.062934913007208,-0.10107881773204308,0.08372323315651031,0.004736060958992483,-0.00554139300178047
0.20863039098094896,2.173234565623934,0.05974053385377909,-0.2609441731368549,-5.437077469777144,2.7995322452914726,-0.22479925044555227,0.05225490346336653,-0.10261043220788763,0.09943960860444595,0.024618038340344928,-0.021866004720726195
0.18421241454662377,1.7637542333465912,-0.011463953394800885,0.38550162164524165,-4.120073313637833,-0.12150330661139533,-0.494429421919262,0.0746578078655124,-0.07612984872512846,0.10134366771261619,0.030658228908350127,-0.030011483170769515
0.26633916337963515,1.7605317740720672,-0.0571975212749547,0.16414329471059347,-4.479853529911164,0.728452002453227,-0.4833933251874445,0.06728704574895439,-0.09109793777218189,0.10256237959631603,-0.008490708658645985,0.014901955654143206
0.12355992110267601,2.488272314304026,0.06155280511287686,0.48191823825926094,-4.992327851932069,-0.9458894509248424,-0.4953010784611597,0.05149099847208799,-0.06853624890530519,0.09648125003900476,0.006426296582145108,-0.01601407911255992
0.3453994131548315,1.466228669934387,-0.087497164658214,-0.22850071501085945,-4.666060060942624,2.965295796430749,-0.3255402436993479,0.05278844340276867,-0.11523756120916215,0.10876791540496106,0.025154051387376974,-0.02116475523447675
0.2935343246993445,1.3707183576253337,-0.1215286877048054,0.22886812812967777,-3.7599891726894152,1.110733631066275,-0.5967065079030662,0.05525960311153044,-0.09438664549609624,0.10771461365224441,0.011830830681860305,0.005887811780832586
0.3827297161855991,0.9068992886022837,-0.2644766283898987,0.25096650721696495,-2.91081129371735,-0.7249877954856329,-0.3370942334625002,0.09706650017894301,-0.0648677189104642,0.12200079611473733,0.02395192317836245,-0.02015955884269624
0.23095819818944313,1.7733821330213508,-0.017906764646728135,0.20575583044783963,-4.515460788080829,1.2757287942373283,-0.48402636561137974,0.03245477855904391,-0.10828685222793061,0.09782762541257622,0.01368013527490497,-0.006395103155243831
0.08234779113502384,2.22798142792524,0.1304669853325484,0.15539787445342965,-4.880498156498345,1.8490573446072007,-0.6269357301277925,0.07571683558897513,-0.08871327533463702,0.11456658958924737,0.007148510051813273,-0.004151141425348781
0.27196271932521293,1.8728417811520597,-0.1016130434844027,0.14741923288129125,-4.330388902375374,0.2174764838402518,-0.1995846027207503,0.048881099300651015,-0.10942387949900367,0.09701723770953058,0.008966166722537916,-0.016979579840688652
0.0898955973128014,2.3031955010964356,0.13125282283168427,0.46695197044936965,-4.988055929209725,0.49038497122569324,-0.7081766454800928,0.06351832089644927,-0.09566396867956806,0.09496766732268114,-0.005844930234927381,-0.00189242618536134
0.23976030004103654,1.3650487516186272,-0.09767828852972682,0.5980543050596,-3.3494159354483664,-0.3667442857172545,-0.7436245029982912,0.07284400065072899,-0.07007910818812604,0.09656557482518405,0.006862316094819243,-0.013485796606149514
0.19067791460830824,1.6217394864202328,-0.003265224660139898,0.6374881204725253,-3.9083629389958157,-0.15203746614249838,-0.6880449724791967,0.04659374602608024,-0.1215018180642472,0.0840458611040702,0.006587560106856238,-0.02150694900411043
0.2551253109199862,1.7290251128074594,-0.08231734857078121,-0.08111122965965181,-4.141744001290634,0.8200475252798077,-0.2897203450120702,0.09202568165432179,-0.08343233970221867,0.12596915396456843,-0.008150221919599243,-0.0010841001867290534
0.21503455534024066,1.915175723628904,-0.00859464088202433,0.46694437808110034,-4.541814870273486,-0.9184006831022371,-0.44940122064126825,0.03731690960600764,-0.11097996447156139,0.0959969619804345,0.012181917850113244,-0.024128788846752625
0.2441909416544725,1.7635677247739856,-0.0023972598890145136,-0.04388297521451011,-4.672812447393723,1.6821743240441835,-0.38429125511950313,0.04420370727607276,-0.11767063442053971,0.11187593073226151,0.018683421163432468,-0.02133503504089118
0.11296294896969503,2.082628691426824,0.08911801835640087,0.3161210564912095,-4.589690346772845,1.6555163046573667,-0.7308233250867531,0.053838457623604175,-0.0942004077198042,0.10902664003794199,0.006387765042619842,-0.006526918127413794
0.08120483518382487,2.201497607097465,0.19111784184701097,0.14417921042118603,-5.2633497342700934,3.4113199291757597,-0.7209827136552527,0.04643903691009449,-0.10346077683339222,0.0927108015109745,0.006130584352605162,-0.008797101779099537
0.14278270007435903,1.8902145559984216,0.05994841140354301,0.5678218833506958,-4.501229429380445,-0.18809060154807034,-0.6862052490349776,0.04752054598943023,-0.09704855189208966,0.10761607614329555,0.022086050549617098,-0.01621235814137012
0.13390311091169055,1.854174365588149,0.06258181540667929,0.5676651035081218,-4.192586720372804,0.05019812218810228,-0.6746221843047118,0.04147255750423201,-0.10842802897818671,0.08032486152557267,0.012575204100251924,-0.02613223810429699
0.049219643759715104,2.1670808586314,0.14545560536943136,0.2393897854908546,-4.508165572534934,0.7912217195936819,-0.4647734413402267,0.04906931113164764,-0.08671963121411308,0.0829459681092079,0.010104523156190481,-0.011506572059553521
0.17480315340872304,1.764974175320401,0.042081294836230354,0.017229063348904894,-4.268536453381511,0.9462952909307191,-0.36474301768691786,0.06640805373041508,-0.11224330687313216,0.11057527008604451,0.005969709649321864,-0.012959340260973562
0.27483342527858773,1.3849916437167191,-0.07672276175839288,-0.23148951345367133,-3.94935047627112,1.4438125932629586,-0.12921303589722644,0.0657039041557485,-0.10752174404218592,0.10414948779187716,0.013797295464358539,-0.005743397535154127
0.2408865631462957,1.587884613679424,-0.07384194514384501,0.2116179865887614,-3.9983042934581556,-0.3695698806119695,-0.2937248849714912,0.07490781565357296,-0.10829911725149449,0.08907214901431684,0.02090533695012864,-0.00041661058531461403
0.20331990997912752,2.45291425473185,0.006885026263658389,-0.25094622377320713,-5.086634427971717,1.4146395770147286,-0.10171154594019877,0.08402338369397927,-0.06917776401200149,0.0996902520618495,-0.013698450895134329,-0.019562963074224782
0.23966037406993898,1.6443559834268495,-0.03139882338795508,0.44592656887278354,-4.304971963960556,-0.2550897173824692,-0.4193583216896878,0.02952041163972277,-0.12544212268516713,0.08022661420732227,0.028336019337778073,-0.027383926386277957
0.10297767330959214,2.4161824097536546,0.10101505888123241,0.08970845614162351,-5.117473225764064,0.39560787149829746,-0.30984892739670733,0.048164068956519146,-0.08175629707019433,0.11855207109496108,0.008654093048446443,-0.0041093683251843816
0.287657381409718,1.4624872269299047,-0.08086692814530971,0.1403405173744834,-4.221148871111696,0.9801914861454086,-0.4474437389069153,0.04515276695081594,-0.10982181753634324,0.11405767025748367,0.03756937344072364,-0.01815767944445046
0.21910122989099912,1.2216626573336726,-0.022245274122706715,0.02249821196808853,-3.7018904676984996,1.4792112572541947,-0.4635234178675839,0.06914464595981382,-0.08796152466726986,0.10041700790604526,0.03447310900580969,0.001113789225192452
0.06048503442392288,2.543287687076685,0.1765709220551055,0.3426833943423344,-5.366004325708006,1.1063836312442639,-0.6868298475620477,0.06103914818376882,-0.09761104155825912,0.10714111330768378,0.0003909089539245736,-0.01568227088142926
0.17023507193232648,2.081286486025912,0.07390745710156765,-0.32328658077454586,-5.172933282398987,2.258308167509609,-0.21151111092649522,0.07912717237170175,-0.09373619224299024,0.1313749394759926,0.00942752413138992,0.003418027622264952
0.18979911690744583,1.814982389282954,-0.019031797368947556,-0.019860656156115347,-4.1603752575902995,1.081038224229876,-0.34432393416875934,0.07324064600326166,-0.07531507744134791,0.11313200539249241,0.02051401133406916,-0.005603805568066278
0.1464546236280883,1.7914050177903318,0.060200643026778855,0.2589556318796453,-4.202687894550033,1.6823006174807076,-0.7480379240816758,0.07659479176991918,-0.082412910159546,0.10251627802992266,0.009255914296116607,-0.015064270736978913
0.05609687962257318,2.7279427870301998,0.17746312851860635,0.032851756791214354,-5.666548910402357,1.4228465102273173,-0.3523921952602804,0.04817367342307177,-0.10358536660927636,0.11032288880536845,0.011879793394526272,-0.009303124105853877
0.21949133278209657,1.5877260839953982,-0.06609067174591388,0.03224697404045368,-3.8553896117329036,-0.18832623813684807,-0.21351257020510356,0.06664587911694772,-0.08723597462765006,0.125669846205968,0.02452887909381629,-0.009370203412497724
0.12477623295804671,2.2473948888392994,0.13906725168531442,0.4557225743467028,-5.237317509950189,1.651714358194919,-0.8350073343489178,0.03617955800491873,-0.106076540114384,0.09520499824412687,0.010753890416594913,-0.02148692332253388
0.15983133533084004,1.6468827033983737,-0.016012362018137494,-0.10754471296078066,-3.59834060729606,0.2997325576867,-0.17425677767094883,0.09118064370916579,-0.07125668808163604,0.11904012578209208,0.007993723979931366,-0.01672164414729227
0.29374856549652556,1.790313824865957,-0.11520523781903969,0.16315926114193055,-4.357107089777826,0.19204569199446425,-0.28357743075323505,0.05452678260199739,-0.0794282161463846,0.10329586544607056,0.008868955259903832,-0.023516035862862328
0.18099170258612124,1.634735334918632,0.023369193756791473,0.5330872283480993,-4.156845669017666,-0.3248759051535064,-0.6609335669500206,0.05793755549887042,-0.09509865619147057,0.10431817234884203,0.022247300350782817,-0.026879939918059703
0.1711226225740616,2.1300077070005408,0.0863110936120337,-0.21356046534155837,-5.280153564986869,2.2451491852447734,-0.25151973617557344,0.058107944153202334,-0.09482995339819289,0.10285400155593355,0.015075329398899329,-0.006564767902145885
0.23985457768821777,1.7817594930212806,-0.017351520775234164,-0.10175485740902701,-4.465186281097441,1.516148064893285,-0.3377435618591764,0.05697012568119891,-0.0873917178768705,0.1047494461829021,0.005574147439895705,-0.01998764552059007
0.33204856253293086,1.1649014032857843,-0.18808626626050795,0.2672612788802864,-3.3041587489984283,0.36123891409157133,-0.4718177147223215,0.06834218525060315,-0.06882092059129538,0.10328336404128602,0.0089068598674088,-0.0072403952799689475
0.17629481246991166,1.3169081621057792,0.016872643099142492,0.346635278942568,-3.578637400050675,0.8243721121742184,-0.6457968005654158,0.03878107277587442,-0.09382538945485075,0.07168076259554945,0.0333331875145757,-0.01794093051907819
0.3511866360394559,1.25472655161376,-0.1983770278650565,-0.07144239097903095,-3.5840523323221603,0.5335170043967821,-0.24779574913355545,0.0757990007826451,-0.04414586444927385,0.12657951360660494,0.023965615959064324,-0.013526963908785883
0.30366019235948116,1.4297285462540144,-0.092084313435015,0.28706778696263746,-4.15322717617871,0.40022643437515204,-0.43983253828620894,0.03189205829441022,-0.10354094957430923,0.08900967244143732,0.02192586951263803,-0.007727169231452613
-0.0412925333258216,2.9927774398118085,0.31035186642167467,-0.20240349946875102,-6.063856514901314,2.1470947588992764,-0.2473267954487594,0.04725070997739422,-0.1121963181124423,0.09050640242755892,0.010501177746153223,-0.014055891881999738
0.21807033207220516,1.4703723603272667,-0.04889120293778615,0.14580095763965278,-3.67494539507027,-0.2784164027184814,-0.28504538908035565,0.06464085403529637,-0.0870509699706499,0.10753029524928195,0.02067506135074426,-0.024969558370207035
0.2274446145726527,1.558753839664425,-0.05261136641176534,-0.2233596842896567,-4.089908043451085,2.0099648521605875,-0.3751021148997239,0.11003412264123968,-0.024696479045201947,0.14992193180488694,0.012068227636921836,0.005023750943935035
0.22971589895263936,1.751615062246399,0.019142494063652205,0.042317032066382654,-4.665056970429704,1.5212681135593489,-0.30664482221084044,0.03979675475587202,-0.13672160890052953,0.08202637117225522,0.0176284291024007,-0.030660856636323675
0.4177790934560074,1.3350590044582527,-0.2130022616344487,0.23214335870701083,-4.011214095108873,0.8247399514331096,-0.49932748036211333,0.07223769259099243,-0.06916367347294694,0.10347024638199487,0.006737726330347915,-0.03962770797058751
0.34139116667436664,1.3636683870298472,-0.12542311091064628,-0.00848916672724187,-4.293201331511146,1.3786116416167133,-0.35841604444163533,0.046068171332852154,-0.09668983555666066,0.10837801675773515,0.02995646371316979,0.0007696955259913763
0.17560508419026316,1.871591650603233,0.0157264199847289,0.4296811770538187,-4.421306511408114,1.1115616088776146,-0.7003023456055082,0.07112516539177671,-0.10239752231780952,0.10547981169446285,0.014351655197506696,0.002216609819116533
0.10935276782269347,1.93717698279904,0.05697017259535797,0.1351322390844409,-4.111526447988315,-0.281151893108334,-0.30200193148072246,0.066057934169296,-0.0758724334408768,0.1138194812296128,0.010741621054334405,-0.015447228710991245
0.2829963757105413,1.5409853876617323,-0.10784805408209763,0.6674621325519223,-3.9543240620094293,-0.1618288567287906,-0.7059339552016183,0.06031375525828381,-0.08270245916457236,0.0837310521833351,0.02302423054291336,-0.026618597402222277
0.14906577551988018,2.212979963440105,0.03485993064888171,0.4641777142638116,-4.580634639515044,0.45767045410162244,-0.7635843945781091,0.05858905864149455,-0.08034015205637507,0.10772019692520873,0.00017502328359320085,-0.015113588026794189
0.15321856008976056,2.0498076758008956,0.05179792212412382,0.2922548627747633,-4.615514588001408,1.0353347770114871,-0.6203967820480069,0.06952940587210832,-0.09659615645196001,0.10603344958074218,-0.006088004849820194,-0.008042166281672758
0.15214197301360005,1.8343591513644861,0.032069507278926324,0.41513276235786356,-4.071400422339857,0.599436353190089,-0.7717410234705742,0.07685152719877797,-0.06328737605735335,0.1130194515867868,0.012090767571874328,-0.024693478323842166
0.34165798764534666,1.150401976678711,-0.14372279391895137,0.21186532650098489,-3.6498157972661023,0.8847744140546593,-0.5563314681576975,0.08459307227416096,-0.10160170258750464,0.10099344334869514,0.0020561879137430683,-0.01845754422965379
0.18647074707552053,1.570616727178911,0.021208464693931783,0.4141211576543885,-4.056667155218205,0.21978858775702637,-0.6238692714458414,0.05468203764109461,-0.10002962650040048,0.08486055871616088,0.016997648128586174,-0.010098646861639193
0.16149494513755958,1.6465686266317234,0.011791588516975371,0.37963864625377797,-3.798614909509383,0.4951808393854009,-0.5513756149838107,0.045550366426138134,-0.10056453959344835,0.0867472657338034,0.007093582997511505,-0.017029345685362185
0.186772515413017,1.5175148963325142,-0.03070352904352114,0.48244346869305804,-3.6481700021424612,0.17485888302411007,-0.6244865806506203,0.06630165933873416,-0.09887594569260366,0.08870916947422253,0.010454827283280066,-0.002097759320655257
0.12602115653402615,2.1607488952009746,0.07628120567057906,0.3376903559433707,-4.556560960859578,0.7850508952550468,-0.7002390850138707,0.09158455653756681,-0.07697165370610826,0.11841667681195597,-0.004779461524224593,-0.039107403812563946
0.16232199240837722,1.9782916629837985,0.041907558488886165,0.42972164985462524,-4.477282516988305,0.4928484671669809,-0.753046721271674,0.05111328464843906,-0.09668941905760992,0.11992764207019269,0.015502619071449342,-0.034000032820187376
0.1775051015355781,1.6742628608899104,0.011016649777844778,-0.19765766345025898,-4.118753196573337,1.7384315915210302,-0.3094111334880105,0.0807786582127819,-0.09415619770879438,0.12179846345571813,0.012824401985188527,-0.004722847366538274
0.3104843019784195,1.6293981273801115,-0.10486839189429753,-0.2104467376109458,-4.276647665474144,1.6065961257120607,-0.27856784012078795,0.08046832528469569,-0.06445562728000237,0.11603686089865484,0.012955292839084143,-0.026471946810776192
0.2207236332156339,1.9847175737898968,0.03311961735384328,0.010717952097487271,-4.955003437538335,2.5022675752212495,-0.5002031116254775,0.029307912950763293,-0.09848178965488463,0.09363280629731252,0.019275570069795855,-0.029363012208173944
0.1322183953633835,2.4981971887598333,0.08077707626753705,0.1520065074384427,-5.241668781716844,0.3987775179281451,-0.2689080211269631,0.03339217503411335,-0.07566848877176163,0.09586631581665866,0.016500731742530306,-0.026812031458449348
0.22547848825192054,1.7638400827735432,-0.001538465179916959,-0.09121419839535294,-4.532048362998521,1.7047722819835998,-0.4241762149221241,0.07045952437092662,-0.08874599685733636,0.12157368994504864,0.017751718151231444,-0.007814483903938463
0.1932825570127392,2.029676732519415,0.00795643141742941,0.19415124112738705,-4.770439475966753,-0.034140875996113276,-0.1768011560704362,0.03353682087857607,-0.09997983053888948,0.09515905700662963,0.024692162077996405,-0.01691930119782792
0.20778821260490551,1.6662790121865783,-0.015736917886564616,0.2625992534220203,-4.071851909524224,0.22766321512510518,-0.46349641133399044,0.05324820693216081,-0.09518765884096242,0.0958648874082382,0.011354597442278291,-0.011660856357020855
0.22008776452291667,1.5338879151223517,-0.043669350255585826,0.2521665342023037,-3.927483990109094,0.7169777245462232,-0.4026773380854852,0.04009628971359755,-0.08736416496871569,0.09161896582671308,0.024015474173114004,-0.006644234777890667
0.38820292395560196,0.9040714487884457,-0.23133636347790443,-0.0011901846773935826,-3.1917638136420194,1.2667361189709043,-0.2641206724841319,0.0601154581157802,-0.07504252114180646,0.10267006143694919,0.02676082618940609,-0.021787863753810366
0.3022563324104597,1.429152618202575,-0.1317283756136448,0.1274923161314637,-3.8005907085623845,0.7228065200520535,-0.3054023211909829,0.042862530241451924,-0.09303248294431574,0.09180949072782274,0.022366065010942626,-0.008077267390527831
0.22055953044633203,1.9249888883069897,0.017857635567286145,0.0003816662434138751,-4.759010721708742,2.3632980870116533,-0.6744771841926208,0.08620916761073832,-0.10138860765876195,0.1411884697851506,0.00590401995521217,-0.03574268040762374
0.14468338006270123,2.1204980284876163,0.16852396452552187,-0.24454450256786164,-5.476110637942089,3.330304423871434,-0.5023302186333183,0.07679949466892327,-0.13111764825731637,0.13584111908192642,-0.012770357581673886,-0.0238131649072002
0.21264887366426177,2.068497991910684,-0.03883049430661645,0.31697906690993827,-4.4707296729682255,-0.32104978998166495,-0.3906786960905523,0.037944205137111886,-0.08969559286388307,0.09720369545573737,0.02074052768152601,-0.01977258583527619
0.2076050092187342,1.3175710456367384,-0.006646520024974234,0.27826195975961576,-3.7882009125962064,1.2344748323828934,-0.6406207642542336,0.06035785352001541,-0.09028834671230707,0.10283639445220563,0.026237282132501094,-0.015196887311055396
0.2684477112889236,1.821017301064722,-0.08047781312091118,0.12052407936859444,-4.275540767952025,1.287365632969312,-0.5917131190928068,0.10081961174330883,-0.11387331584096244,0.12511968671200718,-0.012634646081804868,-0.00990204674951789
0.19783807835100947,1.7685950600586753,0.02814265015203843,-0.24309851716456682,-4.543472120219672,2.113043891366246,-0.15084317084773635,0.03512781311856128,-0.12176359419510357,0.09765441361542149,0.023108482853748114,-0.0069580010063917674
0.2254553999853389,1.712691430114128,-0.01016388683187397,0.1880997704052219,-4.448729839873678,1.20760129822668,-0.499076289757769,0.04145036701593047,-0.08907199331658139,0.10158983438820146,0.027781707298344283,-0.028152617485532105
0.10156980048152726,2.2309424881169657,0.09357870459298545,0.2676617245403762,-4.7111411022580425,0.4173312535565207,-0.4473344869863006,0.04053195089178102,-0.10214869916418728,0.10279941389478092,0.01897535713400489,-0.013688602077690515
0.23670676714302288,1.5130703040302542,-0.06237749691713601,0.18226086475640302,-3.8758655362240457,0.3688854750690454,-0.3827823871012684,0.06113807118380954,-0.09383286371258456,0.09639680380253546,0.0192059350131612,-0.01657186091258367
0.21795108404286365,1.589619554537818,-0.04677227486595226,0.001041748157615624,-3.831970118293708,1.6200374084888427,-0.5142170522807181,0.08902286720994451,-0.04715231198324682,0.11810287929778038,0.01274108556904674,-0.023694499517176615
0.12746960803366408,1.8627294074460752,0.0531839144181836,0.29859252476003273,-4.17764772033583,0.6836136898569743,-0.49931188281551786,0.05045855803628396,-0.07701137663828606,0.09600307365067384,0.02084504307418289,-0.018241357830838467
0.20190675363929003,1.6187712849982319,-0.026746668030911414,0.28350483049751707,-4.000092276203564,0.4577218911547717,-0.5378280290281756,0.06607754022946166,-0.06740219317499674,0.11476661239229524,0.02442536182753252,-0.02182689386165748
0.18559195380414278,1.9995824654098395,0.02200845970832721,-0.28383547136065573,-4.646047833136426,2.0283593099873967,-0.20056643785666925,0.0853468949694991,-0.08097538904277513,0.12706302273825754,0.015118362129364904,-0.03345705431347479
0.03639299934268996,2.8318155269184397,0.19100314951268205,0.41497801049427846,-5.549769713566764,0.15403578436273618,-0.5435175168723587,0.03881852183388523,-0.11360198902689705,0.08182924574445644,-0.014116697360835762,-0.0028397500133945375
0.21437167515416472,1.7321772539415403,-0.006770524610764439,0.2105625334642422,-4.372928431743364,1.1217992951537261,-0.43222862236020565,0.040909940397515054,-0.09711654000861297,0.09670583651987616,0.03210038464795373,-0.03472825539511282
0.18894704541518906,1.7793234452779962,0.0008513699304510958,-0.029801381723844014,-4.276920176792563,1.6551291942569983,-0.4011041470542689,0.07066214912127688,-0.06544835627224366,0.10477641931446285,0.01998711288273014,-0.011852626843396719
0.28341294757653535,1.8147898598981649,-0.09625907119338806,0.33939170918773764,-4.2977461301187665,-0.6909589066024956,-0.36233865736254833,0.06151057832840878,-0.07420163104031796,0.09080698529132869,0.005481955690873952,-0.02797220435469361
0.08965596847137594,2.1399693456939066,0.1130653030740898,0.260963210791621,-4.604598007172608,1.2948746632559003,-0.5988678704101087,0.059128273736553716,-0.07297013995646473,0.08479214945417296,0.01655524673521913,-0.018097590930159724
0.29166830432438384,1.4548787533593592,-0.09753305773621901,0.376678416229125,-4.087757831845774,0.5137930844255576,-0.534056997058801,0.032208332566926845,-0.0699712970579075,0.09882578110413179,0.038917864059255125,-0.0284472618796906
0.12587582890203372,2.096517983927191,0.0933906141744052,0.1638958333556205,-4.661810750521452,1.3511607075102665,-0.4812974293823959,0.05481469144458401,-0.09349872947614551,0.08741012121227454,0.019397086253448603,-0.03250604924082734
0.15265614959944168,1.8177470238746718,0.05881347472049436,0.11293464640271084,-4.290672933682131,1.9484474743188027,-0.5891545086454351,0.044606268248179815,-0.09350138328681484,0.09704271551091448,0.022601536547841028,-0.018699590774730157
0.13151336668322725,1.783244432122747,0.08190460406298306,-0.32009245238135214,-4.342077963221361,1.9432868565393095,-0.2196879483116391,0.07050102228603616,-0.09188224403522682,0.11336731195197575,0.020170002072084192,-0.010974418417626919
0.31824025965487474,1.3683653721472613,-0.12750656942261307,0.3276861842048925,-3.794155382895455,0.028996963936280963,-0.4869637920993059,0.0533208709272632,-0.09727868877652307,0.09400386797750906,0.020658441569673947,-0.032343120721711305
0.309878576169241,1.394464268330624,-0.15481000211987184,0.2836777842991518,-3.650170894269067,0.4592291774618824,-0.5442648510679624,0.06464563441401258,-0.07810871211265324,0.112461098802179,0.032503899765672695,-0.020085636661607897
0.19526674638101169,1.9168987052959887,0.059765066860206995,-0.2105816783477725,-4.8992532211564415,2.875449466759014,-0.35595244502676754,0.05117895956997637,-0.09133300727415938,0.09889515875610452,0.014532048362360772,-0.016235090409710606
0.2370391209394274,2.01264221579193,-0.01989601988846723,-0.22208313195386228,-4.8948804854854835,2.0057026749750584,-0.3295642059094883,0.07064683477396189,-0.05659273921647895,0.14626543383433538,0.02393025593217557,-0.019613006405775568
0.029592391069005318,2.6967948523773693,0.1551618852560266,-0.032736319758158466,-5.092372703190097,0.983406586135714,-0.2502711706469888,0.05826324704440189,-0.05795373074614335,0.10916162947097807,0.007673539374023042,-0.02380736155825869
0.23470725865908634,1.652779619865095,-0.039852947331578625,0.2662975755555151,-4.219750026206212,-0.28299343863878235,-0.371465911196745,0.03044585843189268,-0.09849844748778308,0.10710254817796067,0.032610355110811784,-0.02136123573093629
0.03999076082610705,2.4997314520562406,0.1906514100333152,0.36124764545168564,-5.2302349000264154,1.494703427936062,-0.5988164010017328,0.02287736051871392,-0.09059191716110948,0.08216982315570975,0.010185214127873765,-0.02542647149184496
0.2651268280437898,1.948349782540409,-0.04280830924951995,-0.03087964617160624,-4.58609456900954,1.294035670000556,-0.22701342017400533,0.03915000262619339,-0.10359239518906574,0.07864516883418315,0.006387553013084357,-0.044085775765281054
0.08747488017729657,2.0003529828620037,0.18993545869359352,-0.07924760409767281,-5.015272568016514,3.346724339916212,-0.5730517366127844,0.055077763602368546,-0.09364243405151956,0.10424953326085068,0.022324983343572025,-0.022129203101127315
0.21115835580111128,1.5330885331865292,-0.026481789600237726,-0.2918994740011022,-3.8762563755702333,1.5306399639886852,-0.16598158389747575,0.07924594201626783,-0.07940413108848873,0.11843067337380475,0.009052554187435724,-0.018713782821465463
0.04125956488704286,2.9211755270374153,0.21010862661708374,-0.0827547962648742,-6.108177110701289,1.6346479262606182,-0.23530029518956674,0.054619045053949766,-0.10737743822647727,0.11940291085031607,0.007518922368691783,-0.001174907844239792
0.09576824611643595,2.9114526273343095,0.11361014068620645,0.23062460531881857,-5.603136887400268,0.3672616903737169,-0.47208778985663724,0.07898894224619901,-0.03650252303014084,0.1291300794891866,-0.02222885171227129,-0.026215660968596843
0.019906538104354093,2.2998318397266924,0.18894363338738906,0.3649932822049807,-4.766496227332894,0.5665545168342286,-0.7401147394101749,0.07691776014819957,-0.0850156614042249,0.09926375307914487,0.013499487093842855,-0.017311066359419036
0.20361319844968423,1.7545154648542587,0.03530629580374911,-0.40063623864706904,-4.599707912374166,2.012270212595184,-0.09170591153986118,0.08321970613532481,-0.08222556912349521,0.1103606634284528,0.025882260085152486,-0.03280563766897748
0.14103862936547798,2.2408371034070615,0.08086954492680976,0.31437210389675274,-5.0357399941539125,1.186448574152411,-0.5967429599713886,0.05985285752367375,-0.10168837431741673,0.09252999757500735,0.014061824029506953,-0.014824115779370373
0.4471138790191367,1.110661885115238,-0.2319434262746281,0.13296378588231483,-3.8188466467426516,1.1603425771050233,-0.4337600588762398,0.04936236241117453,-0.11332954855866469,0.09824801185853342,0.01821424677963962,-0.0401745142284734
0.28142173593289377,1.5909057017308346,-0.10525623613190183,0.2807626074769999,-4.075260406969221,0.39823510168746423,-0.5153040889335041,0.07324738898102251,-0.0838272786966856,0.12393078118689774,0.015744835261098322,-0.03387389833375065
0.11113989471459325,2.0172792323314823,0.08235264309296042,0.5437052379859624,-4.3702897921711354,0.6392112264091446,-0.8195845147197134,0.05404646321520046,-0.08951697913635598,0.0828462232649404,0.011908056604656436,-0.010946738730901129
0.2906017875347654,1.5288606329265095,-0.10504331014348367,0.34078189404672926,-3.9772857505032095,0.7790296538940131,-0.57768427682322,0.0603802686541621,-0.07838097280821063,0.08274725940867889,0.015897672283442188,-0.019747616895609443
0.10576251401891469,2.2968723542451426,0.1367436032216538,0.12240306344471089,-5.033557504989191,0.3585375782184264,-0.3910404772720373,0.06225651492191164,-0.11874695310014305,0.10124723593248369,0.007425215066047874,-0.03284797713604348
0.14753177664451675,1.9313975555010605,0.09877873740754661,-0.28221805852516274,-4.730646230993228,2.543975438048591,-0.24519264602559485,0.03945840999235234,-0.07271128111961855,0.0930779349426169,0.027498043219714385,-0.029949548656560188
0.2017704508557604,1.5772962203119794,-0.03127175952428207,0.15931277191628454,-3.8031821425272843,1.0372379049460556,-0.46471258775483565,0.06844688248203273,-0.0926746605339473,0.0904749368833706,0.009644532330611133,-0.0009408173045524215
0.21676043768038014,1.7890384254944443,0.0108477490651262,-0.1350684451558965,-4.763752387124245,1.7904416858201309,-0.2868984221027818,0.06609639166990089,-0.08829476193048891,0.1099700651860791,0.0363198906042147,-0.01360537162883646
0.13756803344077667,1.5442157774381216,0.05567974935117581,0.38536161698578336,-3.882980868496107,0.18932839111291364,-0.6279345202188442,0.0566021516506196,-0.08275991778607261,0.08871345185396298,0.026171210219756436,-0.017315484220127297
0.2716636125121325,1.5519094875402464,-0.044947619563522445,-0.42413755475318216,-4.450919990260894,2.2025759323630463,-0.06136664573654724,0.06675239363914115,-0.0773213370153309,0.11880959794051205,0.032621380176757864,-0.020040773086951513
0.22413793220230185,1.8278734222965793,-0.05583104565824426,-0.06725584895286357,-4.238195023519847,0.5266655616502063,-0.1202213528659116,0.07141551146218367,-0.07748979199175726,0.10771456339668478,0.024420651860522335,-0.017675710924791477
0.22801931710680232,1.5347992137182476,-0.07889939367136856,0.08208453830569991,-3.7230740012618164,-0.29621397280193573,-0.24904653927196235,0.06669888831642201,-0.061800527993030735,0.11348815722989633,0.027796139255144348,-0.012720591086131994
0.11859396496991928,2.1465184023152584,0.050452663009930454,0.23763656793376337,-4.435292778845552,0.3584706453267759,-0.4349870045865809,0.05331879411299845,-0.08381067296943157,0.1054358749451269,0.007715751060616505,-0.007934069238804353
0.18433792268397273,1.681743904470002,0.027071852890510506,0.46215271454461254,-4.258281550153116,0.4174337726046455,-0.644694788244204,0.0417330625239955,-0.08719940008266008,0.0790596398410274,0.02416927483430631,-0.027206447211508666
0.2572064170092236,1.3172709364850677,-0.09913881961707882,0.043494520445651566,-3.5656175976013103,0.031105723268798083,-0.2095281666443214,0.07881720787178248,-0.08140617793352994,0.11706282631327622,0.02439236532865552,-0.018508158083608728
0.2530727404225873,1.619345222488412,-0.077197202319912,-0.16964547942194813,-3.9948966192770103,1.1018123515623781,-0.21590138903155356,0.08017094474216185,-0.0893248681160789,0.12074749678891775,0.009435746230909203,-0.016084280612632007
0.4047563347978845,1.2579235054260591,-0.2024365032379294,-0.2657615573114931,-3.998462837012161,2.4175030791626906,-0.3672251816322878,0.10883586402475312,-0.05780656044914355,0.13652557446090088,0.007989335104549466,-0.0175170907831963
0.2424435444307836,1.680072506778329,-0.11374740141909112,0.3548245875599011,-3.81780528460891,-1.0342241094218405,-0.3534071335379256,0.07849542312997937,-0.06161974776353002,0.11114757917007004,0.024552500628514662,-0.017295138254687537
0.21698761483703566,1.5924270372897822,0.0004454673734964887,0.6104522347160487,-4.342016536426485,0.814650429552494,-0.7334389276096687,0.033878670331191796,-0.10140337477049488,0.07060223961057494,0.0208624955461596,-0.008724333779551507
0.2614437626794941,1.3574701690535527,-0.08045189939797293,0.18340092955264897,-3.8292832065991824,0.7653136957772892,-0.5078496189204057,0.07104145588783708,-0.07689707136471802,0.11723369273128684,0.04473438505080429,-0.030039407781869865
0.017784020974498767,2.0788465997510412,0.19193917819447637,-0.0951210078620999,-4.594839635688359,1.4175098979347098,-0.2735626368421312,0.04102975649814711,-0.08790640983883946,0.1007242772608633,0.033027927101310306,-0.0030608163316332426
0.1881838425977463,1.7827265007881463,0.02958923413474901,0.08607338297174466,-4.354687511429202,1.4717127293443235,-0.4525287966119419,0.03968346903332709,-0.0981355133178829,0.09543744961142075,0.016248722581687525,-0.02151993203687108
0.15071840578216592,1.734107854812986,0.008508445135157583,0.3306063504246603,-3.801921576381484,-0.14916021993026993,-0.5549349519394694,0.07315659202348168,-0.0838162192519672,0.11188378865654744,0.002883162475147638,-0.021083192439979692
0.21169612115781722,1.893778410035467,0.0025839603393600363,-0.13140081088954098,-4.488453469532558,1.2165400035015557,-0.20109408045037444,0.06521496499166224,-0.08908657525616775,0.10493686347071024,0.006920200008806332,-0.028060737709366346
0.2389084291224197,1.9251585280680412,-0.07324686120060075,0.27574400612581246,-4.2245679847191555,0.6391735898039391,-0.4340055929702123,0.050703327792596176,-0.05819667720373861,0.100707091493561,-0.00444125924015959,-0.02039954303572189
0.11109992576177095,1.9915589281545156,0.11169760009815288,0.49706865683461826,-4.660968150505011,-0.05877767507198976,-0.5997584727503801,0.031333464241117825,-0.10411353894239572,0.06845836345392176,0.026108676177335144,-0.009518839524539247
0.003956436282137616,2.2298002661760488,0.21665994548968204,0.5978786538774667,-4.71491986880584,0.8206166207407825,-0.9090571188178812,0.04647500390181075,-0.0910556935238348,0.09862242903225243,0.009771651350411581,-0.01840024597431944
0.18311616460621924,2.114314756501989,0.03982766883546063,-0.3929100528013625,-4.949836695265636,2.345984705664928,-0.12347688464405346,0.07713079758389807,-0.07620610575231185,0.12197356729817524,0.022279135789245785,-0.026703860827111514
0.13106252671948943,1.8259833956047662,0.04583763712549316,0.40208333618484804,-4.128671151273112,-0.05470748632158509,-0.5113520486465242,0.05300625057072236,-0.09056501695419045,0.09598071881408879,0.01815258683596399,-0.014139310035864772
0.23040573139544548,1.8128386463966588,-0.020746721278134705,0.1878611908199719,-4.300264685282529,1.0376221285846408,-0.4883002031691254,0.06634166910398226,-0.11791767586840413,0.08273158380880541,0.010269611938243273,-0.03478026743191276
0.40862805151767906,1.192484221572034,-0.21876978114913392,0.38736724980101617,-3.9516242016478835,0.6798470166472467,-0.6813961385168275,0.07682315753258398,-0.08866174103472446,0.11441173930250043,0.023055120101034388,-0.009590328833856798
0.19387633750721456,1.7896333741545216,-0.006674133449315889,0.2726739209796205,-4.254268021879046,0.4095354491869721,-0.5060571606686276,0.06476170835430126,-0.06892081620967583,0.10252631350117408,0.01819681307894261,-0.016334989196368777
0.19635850806407504,1.5723801765034018,-0.027909264417403712,0.07776653932315515,-3.763369912830188,0.8321196077358985,-0.4516896411409845,0.08580569445646363,-0.1069217853436657,0.1079790620891726,0.007615654896577395,-0.006049628037058663
0.10608531199990312,2.172947638984094,0.13863758481565314,0.12175086583524491,-5.103295787706721,1.6091569031091013,-0.4523930388714007,0.05678470070747127,-0.0842660788264496,0.08235939653710084,0.031686150431156634,-0.028090626342018865
0.2521409684203115,1.6297409252795922,-0.04183941763126642,0.1321019995816255,-4.425932171444552,0.768817022622429,-0.5017867186374912,0.07847197030514885,-0.09366600646582526,0.11355479638130006,0.015471668545502526,0.002121733592691466
0.30384399349230923,1.6288998358626297,-0.11598151186536776,0.38912320842482045,-3.99155962024819,0.7478724266880603,-0.7075316790068533,0.09038215891518003,-0.06095777271885344,0.11972055704801163,-0.013361862967712024,-0.04433486553102839
0.28418435308490625,1.4966980631485467,-0.10065346660135266,0.20036753901472373,-3.915740906786051,0.07621524910356782,-0.35834259093441945,0.058424938019988076,-0.08104081420923165,0.08622827386133214,0.03332587341165222,-0.03452384580880774
0.22126547186651022,1.5397872761220837,-0.018323971124203253,0.05589859768331362,-4.037718888786114,0.4869650492660014,-0.23403837424268276,0.06434690234073986,-0.12213320852965537,0.08921311730288825,0.007187518937959714,-0.020238157054291106
0.12256935581292139,1.9363802897289024,0.08784289200526163,0.20595466940273138,-4.547232117086336,1.4089981739545672,-0.5202380915826574,0.04844328881806159,-0.09345379430242684,0.08492139015279249,0.025544011977166603,-0.0039750107865208495
0.2065691004742038,1.7157454762743023,-0.0005738529621990285,-0.017685358877432666,-4.275606935402261,1.7090595207781698,-0.4276290040947952,0.06976556895576957,-0.10232335520110883,0.11374966632710373,0.00842731876332603,-0.01695174131962285
0.17237651914756222,2.386165510898632,0.04969507726126943,-0.022018988518454824,-5.098239697127805,1.7196804282313296,-0.4322256794343229,0.07283735808284497,-0.08407830551119755,0.11929390012434499,-0.010199318323550477,-0.029074428379497474
0.16162072071114564,2.1887976003028946,0.09577950133247959,0.24459141102025014,-5.17029818998188,0.898364505438189,-0.5099773695386935,0.04982185151959817,-0.10721092939031462,0.10480464525742872,0.01337271839166454,-0.042973039760922926
0.03816343669659246,2.1792524722172644,0.1664597225149118,0.2982130753528184,-4.554853920105167,1.0516533736305103,-0.6206025984044334,0.06735798642234025,-0.09867839062431816,0.08856762338512841,0.0047166184999074545,-0.011902063722303069
0.20035882100606056,1.9788454039656849,0.02752273360525681,-0.22405698679708913,-4.783898410700523,1.2460323014379875,-0.1010631234940472,0.07278304286480092,-0.11854439125529437,0.11210902182802507,-0.0029802780004318796,-0.013567874775685995
0.16275870599280373,1.6882243927322236,0.02999472987072227,-0.22833479447425065,-4.276576352253535,1.9126462164652547,-0.19560440694526665,0.0551332162963796,-0.08628899120124395,0.10265622737123159,0.03748232339780888,0.006646416770526797
0.2630262873054107,1.5324773013684492,-0.1112536133808456,0.13658291254543237,-3.7195666574832544,-0.11202674143858242,-0.3942089494354995,0.10213302531327892,-0.08691339266795703,0.11707185705287565,0.0030042890734396366,-0.009638924824507289
0.2724952091686769,1.2767111055328333,-0.13102927614571325,0.27843818554683625,-3.3475300826221885,-0.5640082619517045,-0.3999485090918546,0.0655976219422999,-0.07091487456594964,0.11130805315405823,0.015121172463783472,-0.007417937383345896
0.2482042919401439,1.8752618008132356,-0.005742793652777856,-0.65247511829471,-4.823218883693377,3.452876005170671,-0.106372422100358,0.08733053848903463,-0.09126100793827197,0.13624832432312162,0.010722810720917075,-0.02691784188069557
0.2613090523461394,1.5280560416821523,-0.11689692328934698,0.31385506707051614,-3.6381420767284394,0.49369990723756996,-0.688359194366547,0.10531278185768722,-0.06539830350321119,0.12168675357710337,-0.009562172755452847,-0.005481645437365845
0.28225982356907864,1.513297214716515,-0.12191875651925588,0.4280715863139595,-3.8083810351094085,-0.6022868175199287,-0.5357874684570765,0.05815218793408827,-0.08005376061739344,0.09224050221622024,0.010149986460484373,0.0014739369500655353
0.31005396494433607,1.3417621111047267,-0.13958874681636202,0.4593140368585149,-3.6894242951833838,-0.45182773788731595,-0.5673600459373125,0.08198607934945276,-0.0780404976240649,0.10701658573098977,0.021303225497794342,-0.03755595161255981
0.24334702770407143,1.9637179533599673,-0.03135116779708946,-0.026263341964232606,-4.635629895529892,0.6912348683930072,-0.2982500530487949,0.08894397972593615,-0.09975403485880052,0.11843554929596567,0.00482773331363584,-0.032744751585179976
0.2623937114470285,1.7378080402412275,-0.07544291416610083,0.4116299596402363,-4.278220148985927,0.5470670758254708,-0.7045923276596675,0.06887279767203322,-0.07332894407389584,0.11163532722820307,0.012830874253274449,-0.016381162759334322
0.18305507310971963,1.3313273326498076,0.025022967947618047,0.09333902521044912,-3.9051839454133317,1.545032017598095,-0.5348053827924797,0.06647868009777969,-0.07663241543484173,0.11460993062070401,0.0218525844141651,-0.007485983044467126
0.12797542896096362,2.3220490608047792,0.08196007988955856,0.6533677264226253,-4.981459357910623,-0.395554862581928,-0.6493979257182116,0.03046811515114084,-0.09497289430120115,0.07441456173379152,0.012467084684664287,-0.020546812973630035
0.13857930243885333,1.661177046546801,0.04860635232566968,-0.2313310337233452,-4.032606083592427,0.8050300153580893,-0.0051658724821732616,0.0716037467568798,-0.0861242126271835,0.10093733998129492,0.012944372094840784,-0.010076579407893083
0.1959120122436029,2.119608433713318,0.0509333796892566,0.25161316834421926,-5.087132357659762,1.4311828577280046,-0.5077571190392879,0.031121123409444673,-0.09874544391749757,0.09060814898271818,0.0035039425267101576,-0.015631898814743472
0.4077087529502877,1.0489632607099275,-0.2434401144006459,0.2845261746389444,-3.4179940808195575,-0.14947938539793418,-0.3915129367303779,0.05932614640010199,-0.09060453890877879,0.09811982049938336,0.0063203594332324475,-0.012869356932309783
0.2001062535069434,1.6067665354722513,-0.048271831443083446,0.20854327478089324,-3.8676288206038683,0.275882351239259,-0.3692218966122629,0.08165831445137434,-0.07614780314348812,0.11549554892029115,0.0371898175688028,-0.014992665574622865
0.1114508754186575,1.8801960681429066,0.12220670229180797,0.45108304234408914,-4.561899177005316,0.743249851863991,-0.8112224288002662,0.06672044108974556,-0.07808706847786251,0.1183814377994235,0.022309091324170027,-0.030181296006556058
0.15246019844115832,1.8022224697524651,0.023127404225539383,0.44572042995096084,-4.055694577690758,-0.3162371472016584,-0.6233154465284461,0.07659368105303904,-0.07790363935134526,0.10451700701702438,0.012595906144904023,-0.02116098006896472
0.22973520033059666,1.796583484799347,-0.04590115906759673,0.14940960284936952,-4.297615666050206,-0.05555043680822543,-0.25688975948943293,0.05430760052704825,-0.10792297945866008,0.09944642204269663,0.0077895415473890894,-0.005931167535379589
0.3045867515636961,1.0954169798190851,-0.12444165662060547,0.33656286812781167,-3.43910014452915,-0.18373079932583214,-0.4151105611365599,0.03822738269557213,-0.0952627897843466,0.09272014424113557,0.0387675179376431,-0.024299985621078712
0.27862428158628916,1.3949156794254058,-0.09382215090267532,-0.1904658396798839,-3.999755595864758,2.1975052941734137,-0.29465737423435845,0.07901350298368517,-0.09509933878413979,0.11491971718308827,0.015547759946456963,0.016595686119315
0.18235611957210898,1.7932724771286426,0.01648389904998515,-0.010444607586363841,-4.416114554247053,1.4485640363604388,-0.3783153339871902,0.06950720885577266,-0.09666130751838664,0.10188866496394139,0.027438651757717203,0.00214954416135571
0.13521236746690343,2.24542127843235,0.1172751597719075,-0.2874146402045608,-5.287543251400624,1.7431966621375001,-0.12364595018242627,0.06475543176604642,-0.09815402461196288,0.09790282237361486,0.014997016768058646,-0.007105933021237187
0.15262171598209104,1.9539915030882868,0.11478213761652889,-0.14774198518705345,-5.154688825739751,2.9958566519211494,-0.3672971269460643,0.043732448081510444,-0.11381728709576383,0.11152323006037257,0.02260468640018698,-0.012135935885123184
0.14770090127906482,2.7249618507147053,0.14417227562505786,-0.21334312664923322,-5.912662040772008,1.4281391371981658,-0.2562902006241675,0.08027591049570515,-0.12198269673607665,0.12141706455340695,-0.012723228822702604,-0.044020512814964885
0.1775645240437518,1.7385481253400186,0.06568107930355616,-0.37189506818881185,-4.659464766504228,2.4458910757549286,-0.19509473118436332,0.042184363185550744,-0.08345774452813626,0.11717701111992668,0.04042962097179181,-0.020412748798161906
0.23172290312207755,1.7014719582590452,-0.04890192373145108,0.04893392818694334,-4.019059150950713,1.4476859628275978,-0.4742950832077986,0.07917343365200097,-0.06924596790348392,0.10790794783257224,-0.005199395900462922,-0.019025073552734417
0.20095239216889235,1.4330216336883161,0.002571597574836826,-0.18934688127080967,-3.911103226173307,1.8413620104978257,-0.30513664602352886,0.07322676453500118,-0.07658591267540196,0.11725968003779516,0.020780259519824318,-0.017653417895397427
0.2842896093673154,1.3980385075060435,-0.08612583668755214,0.3185262287845306,-3.9429721238842697,0.5336197774762551,-0.5449008980175901,0.055416184275255465,-0.08382726803727553,0.10870373220203931,0.026948289989960128,-0.030779626984975605
0.2049083934677818,1.871979333319111,0.050852256990025047,0.40954922797556503,-4.8472502578112575,1.044505425220487,-0.6541914250999876,0.02978257512456317,-0.14343271444008432,0.08251082970494236,0.016295999160024333,-0.024486063727109264
0.2539796598012057,1.4544998722156672,-0.06973807464875781,0.03811017650808897,-4.094350409933094,1.4483244890625253,-0.37365146169748853,0.06424308375873022,-0.09203871621392828,0.10835104302160564,0.022009393889018847,0.021173795048775923
0.1665243824219236,1.8760963051942479,0.013623716033496436,0.3942838221451438,-4.279532485028921,0.37865077062367447,-0.5290920591306649,0.0434885998384536,-0.08169079260167994,0.09522409371077514,0.019591508327340912,-0.011820137465462288
0.2699428693577738,1.695041122719947,-0.05930465399422391,0.22911546370783215,-4.462693965341272,0.13401882118063121,-0.3849078081513905,0.05565908946070436,-0.10893983274326113,0.1055904243181865,0.02283855414720859,-0.021767514355142903
0.24650046231763806,1.464853171453211,-0.01641130495219567,0.16917911061515256,-4.20111467990804,1.6889633160925577,-0.580081648764587,0.052429796721286864,-0.09117585086266106,0.0910882083365799,0.0306053728272202,-0.012727432783065207
0.25495137840648613,1.5738793519759549,-0.060929459230906424,-0.07583607881617423,-4.259889652865337,1.2146356432269394,-0.22097610608359114,0.049822569482049606,-0.08353156055548167,0.12375644311185946,0.03650619867025151,-0.016973502958505693
0.31755615198209014,0.9900815559012952,-0.10763296758000201,-0.04889600163643551,-3.458597056594424,2.1031207932345053,-0.5689356020750874,0.07172215928579047,-0.08256022529517318,0.11420025221242217,0.019665771720318553,-0.027526369346465462
0.1548378570253763,1.9453217997229895,0.0872276258083089,-0.12051946669393218,-4.866116486195193,1.330364387589808,-0.21551899160598648,0.06424412382916761,-0.09151533606241652,0.10286234357972701,0.029411944952737024,-0.020953121097631144
0.229531647879787,2.0017091175531556,-0.04617229403156409,0.03179701902330376,-4.497026794232387,1.2910294954761907,-0.29317507936555876,0.03842355698021688,-0.08232512823811,0.09922187347557831,0.013164856800282787,-0.012087187397080146
0.29389349667546466,1.2735231083254865,-0.08708892556594028,-0.11816379023914936,-3.8476320360374006,2.146817312737187,-0.43692968855570674,0.08311188243935552,-0.06763214057320363,0.10330562379341884,0.034810183775835224,-0.027370768042941584
0.24226733231578693,2.099791226781435,-0.017929934923948787,0.4223658323986614,-4.8812010543247775,0.37351177381223655,-0.5010551356237375,0.03436196740523445,-0.12164520020990532,0.08072163934321452,-0.0008697837636112427,-0.030281671510884123
0.16949076202507246,1.6803905210501227,0.05326788382370595,0.24001507904361535,-4.391844423634529,2.2237634003328814,-0.7539482558051105,0.07900679008997297,-0.08320740308873276,0.09723094722898962,0.031056680326945862,-0.014430552935748686
0.2025672578072167,1.5462149830448337,0.05885295644980737,0.34227319164463116,-4.39866517000516,1.6045300472936577,-0.6025632899532267,0.017479664790024968,-0.12869255388385625,0.06525506966595992,0.02335888115192397,-0.028429089602157176
0.19572722784722305,2.069185260333947,0.014136215314622946,0.18414289001243278,-4.821033752440747,0.9632013614238728,-0.3895757042330218,0.04050197690281632,-0.07360907700098002,0.08201561939819663,0.03431198166315608,-0.01621272512334726
0.051527720325573415,2.1567749455134884,0.19633402535862987,0.37079379748071795,-4.818979386126311,0.6976847829781182,-0.5954971764538495,0.03435896987305287,-0.1144375174139926,0.09042225056873596,-0.0016173107700142575,-0.020579216934542566
0.17332958150528785,1.4514016841863582,0.04636752196696925,0.17965515376885816,-4.090476005562989,0.8548095835920343,-0.5542197769486431,0.05763631457111962,-0.0806736806871865,0.09502382287412407,0.037708617026964486,-0.01792746672273232
0.27760613741771506,1.6136803579993126,-0.043749612446166375,-0.00848549995936973,-4.4037084348804765,1.2694197780660552,-0.3796291479611892,0.0645162682284196,-0.11934848313934165,0.1056433428568416,0.008982996730424797,-0.013386786365309877
0.20771867456426088,1.67266788420056,-0.032309325150535195,0.5283955493222036,-3.9277772766207644,-0.6856394180938414,-0.6070136955129698,0.06718515504183828,-0.10640731841605333,0.10871734458904958,0.004667912763312909,-0.018303382012044178
0.2612497598396039,1.2093058371217646,-0.08356979097081751,0.5327717270660336,-3.4338102518151343,0.5059114674819605,-0.8275084695537749,0.05704174690661251,-0.08051914539713795,0.09903699952249226,0.027050414129258682,-0.022680769327209527
0.13955913000212022,1.894790845470887,0.044676180418611544,0.2735195799996396,-4.298593036533641,0.49937229198711824,-0.45678069768656204,0.0722544769603255,-0.08007332438173043,0.088866744115254,0.017545422462320603,-0.014672322558473172
0.12980440127484483,2.399786945219707,0.11357056910198682,0.14106582050919036,-5.377116512618523,1.5670068100017955,-0.4837699982829623,0.06688496850777292,-0.08972193080536406,0.09687031734900681,0.001165090928483603,-0.015384019809934202
0.15687464372227403,2.063046501559022,0.03926876919230593,0.0157688053247165,-4.647012633138401,0.9669648071026044,-0.2906858769341236,0.06297812872825553,-0.08180903515586263,0.11530905287850274,0.01783401330199086,-0.02332304432389065
0.10182519179155954,2.168472275767675,0.09092676157474111,-0.09000802958376314,-4.680734361619246,1.4727158959703108,-0.39753144726934686,0.07791494347998196,-0.05988214871158931,0.1311732000514445,0.0058633669162213575,-0.0028407892438084836
0.22107704494521146,1.5611103945342957,-0.0337833024178934,0.38403188670040656,-4.133719197781452,-0.3501377960223734,-0.4098085374809479,0.07144096034481112,-0.08749719214230472,0.12021844975947375,0.038652610872994764,-0.03968100091704285
0.18556651510770447,1.6529274583908933,0.03587687700023523,0.0915242416203645,-4.328964274881835,1.7853767027022343,-0.48185809079605985,0.04887443503757341,-0.09921184208072098,0.09752712957293963,0.018048170106030104,-0.00762131750863182
0.13469706165661213,2.160770257665685,0.07998399475142426,0.08449539593914149,-4.751535044768746,1.6733345153977865,-0.5761578705309189,0.06743400513123693,-0.11055313561887514,0.10542602929922956,0.007188240350538,-0.011711653094674701
0.3694927209266217,1.4441751882029785,-0.2131398816536565,0.2114920099344734,-3.7527497932056533,0.1551224947100202,-0.3660312581767805,0.06487809496272279,-0.07177934701998964,0.09669168962963325,0.010308056960628087,-0.019728368367456672
0.17594450374010956,1.8403316813448896,0.03503958693058751,-0.23285156486321767,-4.5244272021423315,1.6409785214322883,-0.1921688931761594,0.08043009866582834,-0.09741080834135862,0.12390214833607888,0.012787761552843557,-0.015441612791553982
0.4159088055194906,0.7906854218052621,-0.2785712969261865,-0.3193115808667178,-2.913517710737921,0.9643209552112088,-0.03152683810000446,0.07672869534304372,-0.0711580986676332,0.11590997105598407,0.029873759443527187,-0.012378844547990625
0.3884757169851896,1.1750882257952733,-0.21671813128977369,-0.010075622760944064,-3.5560033339239276,0.7025737062989232,-0.34949034972721815,0.0840897713808068,-0.06929059592025874,0.12560782780753962,0.0069648458179187855,-0.021969404576134943
0.08352591807606856,2.5187086886651517,0.1470463804674782,-0.006380957980048202,-5.4698392003626575,1.1544254482988678,-0.45235190245897927,0.09531734840948258,-0.06243284173464009,0.14497381092808492,0.011427772703106909,-0.019070660757696478
0.08001387501642186,1.8662035491771696,0.07999144445761908,0.375064833713786,-3.9380898877370907,0.03918119868753127,-0.6517474506630399,0.0949116909788782,-0.08416545663290292,0.10135773193348196,0.014252535955331713,-0.006757760698111515
0.15450313018351322,1.5269560340918884,0.03749599363444056,-0.005361047907857713,-3.8761131683687347,1.5443238609135759,-0.38041066677853413,0.056115624799794844,-0.09013883482813945,0.0937185858563242,0.038297932975215554,-0.013899896620010899
0.18957145171945905,2.0339901880056903,0.006007797161738049,0.08790402059323499,-4.571531665636416,0.9709145249552424,-0.446177156268194,0.06447584084469338,-0.10349297696391135,0.12525249209452205,0.01365097722412345,-0.014962931533528123
0.14686464497051868,2.299469777189614,0.11263028819310383,-0.3018508267718597,-5.516818027557576,2.0593501294061216,-0.23098611347102388,0.07764296751330146,-0.07088433792327986,0.12017281859986353,0.031010722771545596,-0.035320465051239425
0.0879991083638579,1.9823979398149694,0.1009410611568855,0.04759440514344909,-4.321786173401377,1.1081914038429646,-0.4401910138768419,0.06359101785306115,-0.08469106066453735,0.10727484332852724,0.018720799395127496,-0.011928296941822736
0.3061739385353063,1.4985889270532355,-0.07207291616733014,-0.1265486865152703,-4.2680198398844995,2.176638571841885,-0.27473972577416184,0.05766782978307536,-0.15912864933365004,0.09842701019292738,-0.007972818195719655,-0.011104460168469055
0.11890793890320818,2.0752202981456818,0.13054427911659805,0.11660495618057676,-4.901342270829023,2.4312932872413064,-0.6860872698200986,0.06399331029942973,-0.1003255890618675,0.09976243190316669,0.015664978387548434,-0.01945885497446531
0.1796428632570931,1.3455547729383193,0.026192769408906802,-0.11243709025444415,-3.8352498550094207,1.6347904789218752,-0.27841972203236215,0.051026636109720164,-0.09682117955674302,0.1042920744632869,0.0425593561412731,-0.008594438358889067
0.3226254979371923,1.5044069974185388,-0.1461843278655669,0.679697433170442,-3.920375660831797,-0.8192772469178919,-0.651674598682168,0.03258303646327465,-0.09839859378888421,0.08953462058887246,0.02139349799170326,-0.028405373387814292
0.07995981950833177,2.1890873987224087,0.12260379178894398,-0.12359856424955026,-4.681565724723417,1.4109855610462527,-0.259891115025896,0.07555982316271581,-0.07857202278525505,0.11525550174547439,0.008468575840419046,-0.012634323713075046
0.15863766484524833,1.8103190963134816,0.10773773065693337,-0.008656463115012558,-4.819623001990091,1.7643546585280891,-0.35638028735710175,0.03135174461895868,-0.1281005470734568,0.08993684560538578,0.03014836880342686,-0.02674149085471078
0.11713104925030825,2.4092101502813814,0.09692058398409897,0.08971629835272091,-5.1219298874150425,-0.2596320727708418,-0.1383923626621094,0.060708310420251044,-0.11536664981768607,0.10678011420730815,0.0009892878818701378,-0.022465054768600723
0.27309402051522313,1.5255900383894008,-0.05497481611891564,0.3382774156996315,-4.21608341067263,1.101055938689348,-0.6619125698793068,0.05307837615799038,-0.08252952864202429,0.08846515146540632,0.02586132619144632,-0.023277354468305922
0.2049654689923512,2.067235433105708,0.004738853348918326,0.5020666127542122,-4.72262545467899,0.23452339542298278,-0.6727610276441465,0.0630148391989172,-0.0908340535776414,0.11012829856265566,0.010419330617708611,-0.03739770601636272
0.30735718777688664,1.1740008879820385,-0.12702029609283738,0.3304251712764246,-3.6397219640629603,0.48325426599046883,-0.5527416277433507,0.04094311618968206,-0.10322880341430105,0.10817987894213088,0.029006294427151802,-0.004133774846564298
0.16213932100681816,1.851358286040298,0.04166576854922299,0.002602940679708149,-4.417301766698618,1.3468810144415344,-0.32327507725487753,0.06169276143237723,-0.09584390235726742,0.08760688555682955,0.016362816943618408,0.00028994937609805316
0.25062200420472913,1.8616940243668747,-0.05857693806527475,0.2071147506293275,-4.34205055397887,0.44881518374698715,-0.46608562476068904,0.041463562132448006,-0.07906048209519084,0.10743111360068505,0.006506649608135073,-0.017230957915284395
0.1404780505286889,1.709703946084628,0.11306518667153354,0.06689543434947763,-4.63276857179783,1.844993205854435,-0.4575411748952955,0.036578073090915125,-0.08656998674102451,0.07717851058516775,0.03200312779011816,-0.015865200890403774
0.15494314372009857,2.014906177853999,0.029108969608006463,0.11766244458910044,-4.349735080694536,0.8569870678830768,-0.39630305462374993,0.07895983170989884,-0.09236236150240534,0.09560705923848056,0.004848682873777488,-0.02209061606356333
0.17543685854095237,1.5093653917990473,-0.01930190418940403,-0.10670054446246732,-3.524532834141436,0.4509412794421162,-0.1749795561310501,0.07901228949605724,-0.08808570675223781,0.10503651619523202,0.011665400446077279,-0.003383579904344236
0.1894146337161734,2.176094629358853,0.04132829490137202,0.5110541429607229,-5.0320232684487705,0.02866559727822396,-0.5792271126271654,0.04109445193358663,-0.12024278835209873,0.07943683327560594,0.01162896946685732,-0.020198258668788216
0.10314675921768814,2.0546321259202323,0.10434890759082993,0.39382221271707196,-4.567645493114569,0.5626949405549826,-0.6368059416696427,0.06670483347716061,-0.10752850348659587,0.09317521813109667,0.015415493802528268,-0.026618655339457953
0.21751439725372626,1.7265035055407634,-0.013948042017898232,0.37560868162904026,-4.147090061563086,0.07388391841578185,-0.6262800861229665,0.062473098765385704,-0.08884467677508451,0.09972713739387232,0.012086970609570535,-0.033428459530223886
0.07612553089078752,2.2433528207881936,0.12192273218305671,-0.21641081855402924,-4.7793364343902764,1.8847249024876152,-0.30424751534434286,0.08006616904433217,-0.07355694950013658,0.1296079313632083,0.007361063394575984,0.0002988007782588342
0.24450091888635864,1.3514406114896835,-0.10769587052477214,0.26842130938755704,-3.468714598368422,-0.6532808025333624,-0.3848109192197241,0.07534103480501575,-0.07529611770811934,0.10599082270546367,0.030463294890394732,-0.0037483589991040844
0.26381698300522477,1.5802924033662025,-0.06436914022228579,0.137324997211834,-4.12412587330764,0.5601603946082101,-0.3192169471072742,0.04691340061148927,-0.10168760970662402,0.08979750487960039,0.014491754668018886,-0.020666608331409986
0.16639097916793558,1.9256038962976019,0.007159007891853086,0.4247451160806205,-4.157117554114067,-0.24595003482619343,-0.5990008615531652,0.06995739762292597,-0.10115612429460924,0.12091654082097539,0.0049591566028787115,-0.03203325260501777
0.2530632045549972,1.748299254106129,-0.028798649367788864,-0.07416142438670843,-4.619961972500467,1.2658875990482745,-0.17684774458159505,0.062018220683374065,-0.11743404874822178,0.11119545282711418,0.015106836062433238,-0.020708455727574626
0.2505789254768989,1.112433479976184,-0.0704053636834241,0.05710883140609946,-3.278701805535267,0.43777344644696964,-0.3564055187305475,0.07289420219209902,-0.10082580461608032,0.10583939236380327,0.011176409744558358,-0.021469023631809303
0.1652096441248444,1.7823653238794348,0.03539826375533783,-0.1428933001303209,-4.278179030294351,1.3956253460880645,-0.24607932455204537,0.08899698019823396,-0.0886638233755766,0.08424207409380616,0.02261231926727747,-0.022182061523617902
0.2328875591710533,1.6889813430843301,-0.056478742769491386,0.2838675322675382,-4.041870509149323,1.0300337710671883,-0.5338591428917334,0.04964641017660501,-0.08149118761817564,0.09230266042731755,0.010468445835831952,-0.016411724549779128
0.04960217037219032,2.7349294785310336,0.22719374743468324,-0.015109461723905926,-5.985956882205378,2.937725274300483,-0.58265285340662,0.06607451125288577,-0.06505863480864932,0.11576258463280309,-0.005537556784620534,0.004614826167018471
0.19220753519018843,1.3913650227207688,-0.058703731430394646,0.5613084456663009,-3.3302892013832155,-0.17733370175702223,-0.7866175497601325,0.09406322471154098,-0.06190846364309721,0.10108019960415884,0.03288130840471942,-0.021302365773850696
0.23227620210218491,1.625193922323065,-0.0744175343718757,0.16726109792880628,-3.886032442368308,0.3979613199924761,-0.445597070373474,0.06888212952680339,-0.08978290825822394,0.11934292562567722,0.014779410960809147,-0.007654539614873057
0.24280422627159182,1.7666706690013656,-0.05282505217264655,0.07819453815455074,-4.3574480830626925,1.0834305163715758,-0.26710171846654573,0.04239210627482043,-0.0850014681568117,0.08532492408300976,0.019546363677578116,-0.008082266739123711
0.11113211697540265,2.0001350027743467,0.09929352359681665,-0.15222101321567807,-4.57137884276173,1.4523534907254625,-0.22736475112215385,0.05812010561574826,-0.09152786660129258,0.10616920022569504,0.01566574443743518,-0.013380630860372333
0.15350394333261447,1.6640649292241954,0.008717484237005246,0.12710007360048933,-3.9517320744847915,0.8378166985485384,-0.41272977271302613,0.06642730134236408,-0.07577425346155292,0.11403646716074473,0.023076511977434877,0.0031058643710757394
0.06332963300927179,2.2539187666048313,0.15222524876356736,0.03063631031712588,-4.859676678326792,1.6590809437317076,-0.5024915801582254,0.08737753401206416,-0.08267900942160294,0.10965397501192009,0.011982198658727294,-0.018483208379077465
0.1462858122786807,2.0611509864014375,0.07252224882024483,-0.15386889982564342,-4.7377123602493265,1.9982173257201832,-0.2795764920643896,0.06987340854017482,-0.10221412963617507,0.10062616749710562,-0.0015816654051551415,-0.009326107991559307
0.19356391224701774,1.7327630553711928,0.025772699061638815,0.34770688241305997,-4.441878892028357,0.6272708877723541,-0.5057048537124044,0.04935597869483915,-0.09898068830053797,0.08176208718223121,0.02170865738316996,-0.02375811149030682
0.1383609429201515,1.7935369868161288,0.005745121237330952,0.477006730054816,-3.863929883115534,-0.7358039485413468,-0.515817996170942,0.0698243901608403,-0.07334981592334933,0.10361388239631107,0.004325583934891797,-0.0068516740147358535
0.16202033142203218,1.923257996046617,0.07963972597821667,-0.3042171134873502,-4.7933523066850094,2.7192102625131964,-0.12477194523370548,0.028293097152829183,-0.11357659232148953,0.08189377130786507,0.01973576670612931,-0.01092973920341278
0.28519624434075774,1.527415318981022,-0.05399060129088551,0.21183626337043665,-4.559614385586015,2.0380988084287384,-0.6473241086336038,0.0464878468007775,-0.08071880237008161,0.10256543045644165,0.03812461134436118,-0.01968167444453439
0.229248710598501,1.61717475878308,-0.009419031584651516,-0.39358704750974927,-4.337837087503063,2.353641501235697,-0.19973461358798789,0.10350109264200524,-0.09571894503871342,0.1208827427125046,0.030362354259555413,-0.023390997868008134
0.21189290691931012,1.3820499633806318,-0.008415584236013962,-0.08908166427802594,-3.913028107806718,1.9295328792766528,-0.34268497985763585,0.05947076465151671,-0.07474667331505874,0.10538554497943814,0.04108703508777206,-0.0278704154676207
0.15795391176220427,1.8226600169804021,0.06792797467661749,-0.2834179977910186,-4.506830356708974,2.661170410470736,-0.29806208371856424,0.10710934348679377,-0.07037220293104451,0.11019550165235725,0.01408937957220513,-0.03591901924818752
0.020103462294587832,2.6659276612172196,0.23281798757356342,0.10501408977204174,-5.591787258358297,1.5204604427001418,-0.4813616780382042,0.040009911361231776,-0.09446680578186367,0.092236772620293,0.009075239039426641,-0.021185575467925766
0.10926639635337045,2.273739887144795,0.09619194663359609,-0.20012122094634485,-4.890202271700697,1.2161554877284895,-0.07764906564452712,0.05463348305855659,-0.07360288202401988,0.10656377673147788,0.01787771348167555,-0.02340491684585211
0.23627426790897602,1.3866198142302926,-0.046133191356727776,0.15243777127164546,-3.880165653381598,0.7688957338588948,-0.46387101559919075,0.08255600152596673,-0.0811679600312335,0.10513876072824829,0.04091666174500608,-0.034742455021764485
0.3097345047345922,1.294736161318442,-0.1388612648067019,0.13469361873778302,-3.6197043355357392,0.9373547704635212,-0.4310060286351868,0.08180151817854484,-0.07110954070233075,0.0921775531373479,0.018685337579263772,-0.014322708968600495
0.11903285781390294,1.8677938365894589,0.10478935052631622,0.2028736367699711,-4.569803649837571,2.0349532222739337,-0.6759140100402168,0.05958923277595479,-0.0955417266206609,0.09326961814385143,0.016606409487532336,-0.004037701304735797
0.07526168978917348,2.225707437265387,0.15854298410191636,0.46365236692974615,-4.912712374192659,0.86654776111678,-0.7373602817163969,0.04562805033512651,-0.1044758527504911,0.08154535377882768,-0.0006026347079880479,-0.009186121126169788
0.22875569569176565,1.2968560209620548,-0.042468852698301585,0.3472065408978665,-3.608406480009628,0.7867220431632553,-0.7202826873728289,0.08023842763881286,-0.08113616431755113,0.10461007126940625,0.018892157468571258,-0.019114108944769448
0.15961159957434964,2.2666317223483134,0.06094994810869814,0.11738520710284109,-4.9373797375806765,0.9682687321536142,-0.29250904897444685,0.038981659452957285,-0.1077916371429849,0.06416998094761373,0.015795154372546083,-0.028399379288030047
0.26836804230291633,1.528357269413464,-0.058385915971287616,0.20506887541106275,-4.161351304007488,1.79073801116584,-0.6505379161534286,0.054006786800749385,-0.08202500382476996,0.09634563722702083,0.027939110889249108,-0.022329573930134516
0.1997513597687588,1.7069914978998337,-0.002398657847056951,0.03918183723385141,-4.189609408416213,0.5638333085737024,-0.24467250293177278,0.05379024998801488,-0.09357428997785588,0.09878171870655952,0.020185584279900692,-0.02306141727030131
-0.00564932106149049,2.9872455305466583,0.3056518105109378,0.0971906921979939,-6.236140096540326,1.799966728258965,-0.5280727611287597,0.049935897582222055,-0.12480343714617526,0.08756517420444276,0.0009610069279382127,-0.023980288035733155
0.07145238383989119,1.9051046428174234,0.12467298926736681,0.4431295319697811,-4.231054844448382,0.5834264319883428,-0.7381375172342642,0.05494949190932902,-0.08504786441636453,0.09381951876659556,0.01878055651631516,-0.01858264792802289
0.3606086330637638,0.9780549007821817,-0.1593095354495742,-0.26200904631370747,-3.5454383890269168,1.2123966100138486,-0.13169373499458237,0.059364953671797546,-0.09083823370409808,0.1231299672666517,0.03925686392641642,-0.029304921150332924
0.18382801310518862,1.9226130253103029,0.009401165076805773,0.21427244877563204,-4.506387493344775,1.1016192432991,-0.5147390212435872,0.07055965372870782,-0.07848585949858022,0.10688646185787942,0.019755985882849658,-0.014497574199692442
0.17774574358904538,1.804495354512329,0.07550991919387928,-0.44139555634880473,-4.764412536629508,2.604444479441237,-0.15819459972859284,0.06377323878816293,-0.10252178137500095,0.11632481945326675,0.029366195644857873,-0.01463728227931771
0.3361476291022498,1.1694362531685873,-0.17127842433664608,-0.08374590084639721,-3.4964694175601685,1.0844336075310446,-0.1687364506256618,0.08596195147579241,-0.08533856379725471,0.09304352670285929,0.02690636768041449,-0.015004930801396477
0.20811160076314605,1.5204980188679962,0.02424402862397157,-0.14083926047635442,-4.356042482243811,1.55271888399986,-0.16720121812637978,0.04159010820641404,-0.12570316364282236,0.0961653883506646,0.021007173362780796,0.004639111764855153
0.18456546507913021,1.837447992504572,-0.02600225117467181,-0.05034525305609436,-3.966374612433588,0.459802418996836,-0.18261797188035275,0.0716698448000051,-0.08739138859431411,0.09854227436698243,0.005573476710011405,-0.018150779954067664
0.1306711011384039,1.7203124481890109,0.05585177769052485,0.40909635261619876,-3.9380072529740686,0.20507156999816695,-0.5856426606839668,0.04786821024731,-0.09973312922372773,0.08800513836659518,0.016463594890950728,-0.024215374862768035
0.1659645184867954,1.4180698003795473,-0.017482302700835506,0.18395033896362528,-3.356118814018282,0.22648814484998306,-0.30241208939949094,0.05602846184031485,-0.0752284015953783,0.06892979166247304,0.0302697261612761,-0.019811349184534754
0.11207116717713976,2.0249395129645698,0.09275164214344866,-0.03314481324629792,-4.560739163361609,2.258594471843862,-0.5268363979734454,0.09318073345007971,-0.07912353638828001,0.11830635240711196,0.012593189558373963,-0.00836734103311687
0.17551546194168893,1.7825190927956502,0.05247148882249886,0.013467249022523331,-4.534110376140128,1.8334265876288038,-0.41469368451419,0.06840932985488465,-0.09951255086550237,0.10592740654124388,0.019529535903355377,-0.03079004943599939
0.09908419930322028,2.0896447101941646,0.1114832651235873,0.3691274454888607,-4.6631759319557435,-0.14074368067969073,-0.4700572429392085,0.02868613914820578,-0.0992509239180801,0.08466794857385629,0.03178017360306473,-0.015823852527822813
0.2854749069744846,1.4268740707001852,-0.056073436491079987,0.08957356346397184,-4.036879222240514,1.9166720655825835,-0.5100035159635876,0.04836414390613769,-0.10542423041295701,0.08256965862239307,0.010364666761637553,-0.025573020244175515
0.1536774215661925,2.3362138440122684,0.019424038607009475,-0.01747992288738917,-4.702385392659065,0.4172516750615525,-0.1715395322534846,0.059990480127854684,-0.06569109117880062,0.102817177666232,-0.0021861553089516095,-0.014813499131115848
0.24742730706119773,1.4495149130610518,-0.03599047490174201,0.1900298198388088,-4.053027497546421,1.4278292044650738,-0.5557462511765437,0.05004352654760161,-0.11722513886365751,0.09725131231347806,0.01986612610857086,-0.011073221918343257
0.13640534707815238,2.1625790169276584,0.04300382181762297,0.07080136241629609,-4.679590790163478,0.7559369651126413,-0.2734161539132479,0.05643195037967941,-0.08113176484181178,0.11205191478719312,0.018595240848024774,-0.01284044315294508
0.27784523784999565,1.657280234527855,-0.07963775175013876,-0.04819280277466104,-4.314311083682786,1.1767992889147925,-0.3001583170582727,0.08199530314651715,-0.08283749663592027,0.11087682318225311,0.009894798590635023,-0.006543790622023704
0.016503379552357606,2.511474612070999,0.1836212644168138,0.43988762577577517,-4.975450364546315,1.0635412882597217,-0.7464206671905023,0.0645540304923225,-0.07288535763442555,0.09133594189880495,0.006300159136087835,-0.01422446857454196
0.11195070888004616,2.3388816847221574,0.14132980496973158,-0.2393381047227142,-5.263969112165443,2.2003834435811593,-0.3353834760383706,0.08099986240175933,-0.08732822788776745,0.1234863287525334,0.0075793465792073356,-0.021137290402107434
0.3509611260755011,1.2185483800227992,-0.18648445692393534,0.2773779577675973,-3.6580544708205043,-0.13401963026844144,-0.504444446662285,0.08050375939114393,-0.07791829281420301,0.11687509527399453,0.020152676930360547,-0.010134329328647607
0.31217181008004585,1.887880247890626,-0.004578201404972448,-1.0610119483881,-5.444132261197326,4.77485621746631,0.19304902442313926,0.08908328419091807,-0.06345495924828859,0.12987801758038098,0.035356670003476864,-0.06525145276214628
0.10406158469500783,2.252552150880611,0.09748889227228141,0.2121799627994927,-4.806538409322723,1.7516894433192416,-0.6146587611120483,0.07047868413844283,-0.05112808447123901,0.10381388735183211,0.004578959347941058,-0.012557058202148141
0.1188300236440216,2.3165380417688484,0.055176507003053654,0.13264727174899643,-4.7340538380380615,0.23511320730737942,-0.31604415638537775,0.08038892191489827,-0.09987490969388252,0.10520690848563402,0.0025820702922793037,-0.002698186928994706
0.08260190769834032,2.0268761735191227,0.1354033549280238,0.15089101482211292,-4.675906073269208,1.8345492352504558,-0.5983152202833593,0.05996394861321236,-0.06692481804753841,0.1137510495902807,0.021829257489994536,-0.022811811415200944
0.20509606867491553,1.6651788061640354,-0.050322399779742955,0.3996223884147734,-3.86586302261957,0.29287972927758854,-0.589632593276987,0.07793580542324491,-0.06374052904738226,0.1007948654647679,0.006939514959962589,-0.008484003679009366
0.19416427790804375,1.678728757380471,-0.015925863135607954,0.9255136526431459,-4.010408709813983,-1.0759888767226309,-0.8224161312433076,0.02563884840624686,-0.09421744865489712,0.06931135465505364,0.024816271119671107,-0.018944683032310006
0.4013649367773755,1.1828090782917162,-0.19607620111661006,-0.1332421954714238,-3.9387821154196017,2.346348220147714,-0.3940061643905374,0.07317633552519096,-0.07906457843219558,0.13459610497306684,0.019871946135521623,-0.016512866604408205
0.15718876644481888,1.803555246353728,-0.03647459266909281,0.7708176384579444,-3.6380745655606623,-1.2451668861891665,-0.7678447227453283,0.0696327502326819,-0.08086690550052172,0.10282674181652612,-0.005080679672151089,-0.0048420894451559615
0.03180393704246005,2.3514482240083736,0.14657660876307932,0.31533026767700206,-4.616589390542547,-0.0462114811507361,-0.524496355829414,0.05521231026447859,-0.059305341014524726,0.09470433843619641,0.010212485463839016,-0.009319290669124292
0.18782683683900678,1.4808733818266568,0.03777119127931683,-0.0868316284504748,-4.129042511328677,1.8071557964567808,-0.33288034327665933,0.07665448703947467,-0.10155595001555895,0.09838417031961902,0.029023355998329226,-0.024950310771056472
0.1460764347654242,1.8303075043593942,0.046921796558822226,0.05676346982815764,-4.13887465800017,1.5106155227687754,-0.4262446859362813,0.054683283473171196,-0.08559716079803753,0.09354429216258969,0.015150925103646573,-0.01739883683542942
0.19619948827812392,1.9274749681470105,-0.010552889122294573,-0.1292864308823755,-4.373121704492733,1.0617060176886581,-0.1770672659663956,0.08762323855811216,-0.0749396880394711,0.11760963517668388,0.008836619995459039,-0.0243201249381102
0.19551442726846674,1.9194710089481815,0.0629764593322466,-0.38878180499645,-5.045301841127858,3.6638509716523258,-0.27005112909708284,0.06455567607323459,-0.09488741211867352,0.10219509086868861,0.02066274492942133,-0.008021642792282901
0.13894658916366487,2.2810504810053707,0.057852632558921924,0.014583506179793565,-4.9220623827798695,1.182894216937628,-0.26725920987805796,0.053663900584433044,-0.09719820377828059,0.08744750894366549,0.012471051781228204,0.006481066333887564
0.32646482816511163,1.126530759749742,-0.19912972235835158,0.43242588503905294,-3.158473101638067,-0.8977139697461117,-0.4510892332141831,0.06364898577144518,-0.056311482053994166,0.09922958750419224,0.014632662093255366,-0.018281114136432908
0.35720029207760134,1.3265245640483805,-0.21712560449825402,0.2898167409945386,-3.5959002918088387,-0.6371347563947843,-0.2747101431942404,0.05129232036329892,-0.0984958133377036,0.11301128209921185,0.01700835973896697,-0.010227048633432656
0.2345735496526674,1.2617754874819298,-0.06350175779880796,0.00943947490537525,-3.5060454936838394,0.649159420385049,-0.38702701832777847,0.0949639173306312,-0.07013364246079368,0.12101883307196562,0.019740471543404192,-0.01557274323571095
0.27149275554249963,1.487485832869509,-0.09916435374602739,-0.1530289797270476,-3.8180102218069476,1.009480477212237,-0.222472371299461,0.07320595328381727,-0.08949712050039191,0.12090315152941034,0.01021128227387802,-0.013762283084245597
0.08066546441934126,2.2023055893761163,0.113542642917136,0.1336199778597358,-4.6952230510024275,0.5961200462797839,-0.4872406316749385,0.07712346517840768,-0.04837262248508162,0.11684125632199827,0.015189309749517155,-0.010516457940081048
0.17144094022524747,1.5617121739367053,-0.0072188223993318035,0.20835231637973162,-3.809483091075816,0.6343295541005416,-0.39799909120778343,0.04495046102743894,-0.074775728828817,0.10319403859671089,0.03171943345783357,-0.017936303973781043
0.3069099592736318,1.429666735242784,-0.08895730495102716,-0.15061218777722146,-4.163423594618718,1.932182117620225,-0.3425887659803628,0.08570135066510606,-0.09305186370806423,0.11652269788578495,0.026611692501756823,-0.043829010128998536
0.04877975444421754,2.352432324463456,0.1862783734582889,0.11258339176874924,-5.064556401289731,1.2957552169853364,-0.5390276069761074,0.053932565462681104,-0.0934387688883771,0.11148514841299145,0.011461372163146466,-0.017984439483671122
0.3024681700678444,1.6372779277935279,-0.12370590128238845,0.3372790714029706,-4.068864222298374,-0.18860157457060217,-0.4948284405074052,0.09092041634662573,-0.09092391637990521,0.11070870968419211,0.009599070662359765,-0.026152328340105835
0.009885864130193656,2.6922328199927037,0.20751580956874172,0.09017834891619941,-5.225116586845739,1.6976784488061805,-0.6202283041804579,0.08688371529403183,-0.06519539894254495,0.11427082513623832,-0.002454881748188642,-0.020942277251031927
0.2450828551825163,1.8013190794925311,-0.058586315759909025,-0.009201086727783636,-4.244038226531433,1.035898213856945,-0.33794508300684284,0.08411368363080379,-0.06304101759467004,0.10720190941785457,0.0042993500371235616,-0.023142514785295276
0.3191121164937188,1.3696615560206769,-0.11524124218333542,0.1544531479555693,-3.965829147286824,1.1140042318344472,-0.5295075926384271,0.06455315691731764,-0.07725214071776898,0.11833147148292145,0.020240827564834085,-0.03208009347582519
0.08720691662021413,2.118376700153558,0.11092940969615972,0.17589985101911756,-4.672803981788843,0.049770811781223584,-0.2758468752528739,0.04584554326871482,-0.0974493800993837,0.08374408585474286,0.015188023254194438,0.0016608647081225447
0.24616117458238398,1.6770903153867776,0.008556640288767903,-0.21799606580665412,-4.787302120165409,1.6323167854876859,-0.19194268988845886,0.041229375315360084,-0.10570513599673786,0.1144582134548959,0.029808189892212122,-0.011035579993570632
0.21247465509700897,1.8412666056548181,-0.01793497433364144,0.12319258852958784,-4.332886324487522,0.2250475409796745,-0.22565168735885602,0.038656049728393815,-0.0906273569385061,0.08333052569257371,0.03068046765898358,-0.029673637097732408
0.19127761999198795,2.0357955310431883,0.00846133660997661,-0.23073509079894583,-4.681983165898138,1.9611433825304971,-0.20987982231352992,0.060990894331039325,-0.06493918947735877,0.1083337591118515,0.009134161132653529,-0.009905520332939899
0.19397108147565176,1.7892151318703817,0.047586155147185116,0.03726626192320903,-4.548368969507059,1.8322926284901195,-0.528273000134474,0.0808175362886201,-0.09757883536295814,0.11394561032986633,0.015537617546374283,-0.04352892442845746
0.2225729666191049,1.6866578405555595,-0.051214005822747266,-0.1155195491137034,-4.0880914195174585,0.4790531124111553,-0.19232812738343708,0.08566133648119753,-0.05371755336189735,0.13023565334786597,0.01936250969022646,-0.016774034955434503
0.186100163466367,1.6478325638566376,-0.049158103972165024,0.4718888740956535,-3.710458354377248,-1.1484456564036571,-0.41494390788593716,0.05706863339372664,-0.08486008103035736,0.10382832153704488,0.01473352956118229,-0.014913990936593513
0.14061940385574473,1.7133130167615989,0.04370518115211919,0.12820967435806535,-4.050166167732667,0.4207907680882658,-0.4327812440074278,0.06840137068889424,-0.09035956987730648,0.1036899669711561,0.019483029271260666,-0.0061624948725300666
0.34537178113949096,1.3018206136588828,-0.17750998388537176,-0.08636073436906455,-3.730482341694632,1.103782970093967,-0.3355756466759959,0.08396029094202448,-0.09346303612714267,0.11678502711234029,-0.0018351073326911549,0.0077245520491806
-0.022396557578192876,2.7204474887269483,0.27108846900179073,0.5936606560325313,-5.583216355407023,1.1668791651496344,-0.8035737502209229,0.024212141262302422,-0.0970430619287328,0.08497652728017402,0.015384691439549014,-0.023071481620935863
0.20741877110457507,1.4629123844764904,-0.02380301182275102,0.3009290477493516,-3.8293632228099646,0.38234852565965316,-0.604726702398649,0.08327133989446867,-0.10990256922013142,0.10898725073402135,0.0038558426125189227,0.005581124399534121
0.13575700161764498,2.0485280907983423,0.0617881754562315,0.18087282123812173,-4.564661172403511,0.9336569395139599,-0.5231435075902935,0.07637926883521812,-0.10621164489974522,0.11097829210919619,0.006632813935969484,-0.012456300748641458
0.12372535090607525,2.260187144679714,0.07347915518539061,0.3218079563725465,-4.84942353759947,0.10725120815348511,-0.4873474509097308,0.048155206082998,-0.08731211282532814,0.1066903218847069,0.01833966102174167,-0.0355279506652717
0.340078942908563,1.2366744484165673,-0.15738610177766688,0.36772557650454907,-3.663054898022957,0.6168705617334915,-0.571622981057208,0.037130886563848026,-0.09290754261133305,0.09513847364222956,0.02222546482445148,-0.020485990123257025
0.1452282935166497,1.9018072317115398,0.025757181798381934,0.1958458250801384,-4.192743308588596,0.37000016352825305,-0.37093442227651463,0.0675945605456133,-0.08823292808738192,0.09529781801724849,0.010863646931972948,-0.005182944737832651
0.12072254377582226,2.2900669627903634,0.027338304004372427,0.525895669755881,-4.469164965537702,-0.17771872737259012,-0.7100651342820782,0.06455915600107565,-0.06530362888069838,0.10319776898535438,-0.014145724795976755,0.005609450098959523
0.23456802273205102,1.870576788722711,-0.03803312264223324,-0.11913596314721386,-4.393339605816026,1.17216905854993,-0.13225729187571256,0.058171997196205194,-0.05496582267133368,0.10307725263229911,0.0006697784333652423,-0.031243051985474057
0.061352012263579475,2.0982113762596506,0.12658353362067198,0.49573311376185225,-4.411456411459379,-0.027019596130444162,-0.6908735875771171,0.06878257366787582,-0.09351840195444455,0.10886276475689646,0.01050715499995536,-0.012541404064800421
0.1688524229145707,1.8473157469311101,-0.0054078760486746535,0.5209276947745725,-4.03060964526456,-0.7110186057292464,-0.6693072578098063,0.08846910002960173,-0.06801003052081961,0.10841355240350606,0.007609200974813213,-0.01945786203575417
0.11927069522376775,1.8901331730006434,0.05361563260135882,0.7802857072878865,-4.113532780164036,-0.5620709801145852,-0.8966836195392347,0.045689919217719976,-0.09934389390536397,0.08554217375003634,0.008304179661992483,-0.010072762760855447
0.15406908614663542,1.704138503186041,0.009208373584652096,0.4335428388491513,-3.846816787304533,-0.2667947935903065,-0.5177202043336135,0.05929895216698622,-0.08049704403976632,0.08528080996054963,0.010481197256667518,-0.013310108237709617
0.23660956117176968,1.7957450512896878,-0.04881787653218461,0.13827772063489968,-4.323405852257294,0.21028687426762993,-0.2583441297629372,0.050521853098907776,-0.10609954331659477,0.10457523892949416,0.024327304917592496,-0.014763560443455725
0.18436806323034852,1.9063847544885955,0.04210356019113637,-0.1920170743258956,-4.670004027307097,1.9804173407037315,-0.2521625555432258,0.07653863747122164,-0.07129271268443349,0.108266773632574,0.019611251173162425,-0.02482290290198108
0.1438108324218272,2.0001604914696363,0.1046395522625101,-0.04457029344395427,-4.739728572724522,2.3598843634329234,-0.45977375552548416,0.04453560075144036,-0.10090771252491965,0.08472043956061415,0.017766429864454425,-0.031866058123407925
0.23149596307795428,1.8133674914984774,-0.02436936285844349,-0.14466130858310622,-4.436716334403545,0.8148074274106768,-0.24863546432883218,0.07500071094429506,-0.11054359976138572,0.11951131679705745,0.006139046945132787,0.0036721920509539263
0.3938546061932174,0.5430651901078419,-0.2593273799893281,0.2721405498097653,-2.5210153935148187,0.10387286909925805,-0.43105916999231736,0.07373963298324453,-0.10326019911523515,0.10234746927668521,0.005288321380230082,-0.009915248870616941
0.36262685565312774,1.2498025724454787,-0.17348832653729296,-0.19829269884849116,-3.8694038087075033,1.1213763504366971,-0.11884815541535204,0.07422343490945982,-0.08373955566816083,0.10249755115334731,0.01684323655156128,-0.010312685298189128
0.18013568467343521,1.6819738769518857,-0.0399213795113752,0.1750580160413326,-3.7823234827196766,0.25908659726427724,-0.3275145123759862,0.06371955311646854,-0.07188118054875398,0.10743651292809536,0.016320828599544424,-0.004699240627295764
0.08688085691485674,1.7122033693157384,0.13950211487386788,0.45588684447463085,-4.336855735710465,1.1615785257559552,-0.7795673372166314,0.05655858196982938,-0.07908095429110351,0.0804957210486209,0.02362201594477009,-0.01584651707317175
0.2563988828623996,1.3966706660470487,-0.09487447936418336,0.4092969467468738,-3.6731548703527994,0.3254209372083871,-0.6191541970750496,0.07845030565756453,-0.06832979869968828,0.104101406336586,0.015810377738536163,-0.015340097166127609
0.06009672434241019,2.3236163514441053,0.10805108088979076,0.0954352059210749,-4.711511759352411,0.24292236276101617,-0.32940834409406794,0.08846970145083555,-0.06072707387510351,0.12155869344526471,0.009846928349058648,-0.0010930962018543822
0.3634593669454628,1.4922722278656217,-0.1748418290129925,0.5048106758281519,-3.9063406607823885,-0.6407019988474112,-0.5326104164923995,0.03394564833924901,-0.08386627023025744,0.10106541159791366,0.01986445731901515,-0.04862414444580254
0.2791828106333268,1.6175024205159465,-0.11866999832107183,0.48450522338512186,-3.8193785871157395,-0.07351149511013143,-0.6150965552041592,0.06314778705240695,-0.06656069706935502,0.09399537053485235,0.002775345174550914,-0.025559602818877702
0.26266606499930484,1.7494310244504065,-0.10774607988445817,0.584718960938739,-3.9098409911303653,-0.5780210653645653,-0.590035669321151,0.037163978009355,-0.0885012833376157,0.09392147464653666,0.01717100692478757,-0.03894924812646827
0.1758018502716021,1.6350094627117893,0.032668716164381384,0.16913610206596985,-4.125339214257216,1.094772641622733,-0.6625885227580636,0.08917067791885083,-0.07538371011661471,0.11351396132833357,0.01704132945910386,-0.027297387073810464
0.31895941611046214,1.4352890572255115,-0.1433628365441303,0.12470890534132385,-3.811241251047484,0.14625537601430066,-0.26266597529605235,0.056409390970568435,-0.10370726926438237,0.09304997647777986,0.0042294666297326144,-0.011766176287621555
0.11530780935839606,2.2333717152662915,0.11657363155758871,0.14070495136921973,-4.947097124007971,1.5489857419384792,-0.5410749914892813,0.06307602845417865,-0.09300222643374279,0.09777758324229252,0.009248302358229044,-0.026340474130597813
0.17953511071066502,2.18112710429001,0.04016889735065865,0.11314075510854682,-4.929682774229186,1.1664544778071306,-0.4070748094171289,0.056654714037690734,-0.1090032871778609,0.09393757084899346,0.010687057572427716,-0.012903170097893546
0.37144747299434394,1.3119702275202094,-0.18726667024430432,-0.053550444196809766,-3.8600503332303044,1.4662846932874893,-0.3638255221305219,0.07343635716320593,-0.08657406678265239,0.12060290003508795,0.023176570295923515,-0.025591412278161252
0.14960502497002232,2.2822545511727563,0.08796168993885667,-0.14635149099232633,-5.1319011089431665,1.017358072443988,-0.2649022306950011,0.08194257146436074,-0.12683661636217491,0.1196942460763801,0.002195446772919496,-0.009803053384284666
0.35104929515817695,1.2809571329643827,-0.16151120742078184,-0.13322521105055646,-3.872791839701901,0.791477199363936,-0.05313086196969494,0.0624034200487914,-0.11559941838520685,0.10255550201689731,0.01763884293731366,-0.02096684551330047
0.07473750456823701,2.4175386667665846,0.1661555417651419,-0.08341779603792993,-5.285018029770967,1.7220338734221792,-0.28526149036311355,0.04996275781583304,-0.07480614943387176,0.09491752767877804,0.009540028090296748,-0.01753103551633839
0.20346112874103575,1.9260566303700646,0.03217576283443724,-0.08523620244117946,-4.57891767098267,1.5531460748709824,-0.38134996619756095,0.06227414937939624,-0.07017183830173418,0.11477064626973338,0.005297662979140583,-0.04682737348921184
0.2042248951657453,1.5105054805265232,-0.02418853851463376,0.08686522718590944,-3.884458328240037,0.556617713353192,-0.2939088373891702,0.05629669382407579,-0.09687515541284653,0.09875210709034737,0.02157482367160929,-0.006376146152916151
0.19353119384392134,2.0667519823576668,0.038068031544100434,0.2630374678938342,-4.736710520037181,1.214115103808922,-0.5530654055737554,0.01918503641629765,-0.09530259002572183,0.07842005891398879,0.01699469087882699,-0.0318578912314228
0.1711654026547049,1.7631246312313156,-0.010239717925760061,0.11340483766780457,-4.098734272206197,0.3682102376100656,-0.2847702305175297,0.05426546309459168,-0.08472247943844186,0.11247193870870512,0.01887946496946591,0.003653641158828047
0.21700374290953298,1.9908140565305117,0.007823661512820435,-0.09476366029982314,-4.765029539075339,1.7464918214436058,-0.3964235666037058,0.08417508366808846,-0.10509411075931965,0.11973518771852304,-0.006834125612565689,-0.025275807483058577
0.28505546846831115,1.6611620933860098,-0.1087058827178945,0.3086517631548089,-4.142856081572654,-0.3088026636653999,-0.46369260686750674,0.07183510207667942,-0.07451190728606805,0.10879248396081842,-0.002417308365812887,-0.0029843001354754595
0.24215696830183017,2.0324372207072585,-0.05082557565488521,0.1535243079747961,-4.704036510743291,0.3441752230713589,-0.3441998793344781,0.05173682078746866,-0.1080751041818116,0.11039268131629615,0.009487340401110989,0.0026242435700094546
0.21610280122626235,1.647856442884778,-0.02419256844062645,0.4020099100208515,-4.196546147673092,0.2501568320679478,-0.5300083071347554,0.04615876964162813,-0.0930522519792581,0.07563189203329562,0.021729070070734546,-0.001899356608689673
0.21545933556064242,1.5521759410637832,0.0019495662687374349,0.36259581254929474,-4.304039687718103,0.8297402613574003,-0.5231428704759761,0.03528942943478247,-0.1117965703643134,0.08126955735789693,0.038548095968848006,-0.015143989242962452
0.08081293705546298,2.9478063931520886,0.15929150341756415,-0.0010785790589578625,-5.714889350773519,0.8379094983084817,-0.29138520072729435,0.07844100587754599,-0.09518457887169063,0.1108166103444837,-0.013246881600663452,-0.04770460364376783
0.05567701694532042,2.4215322008603497,0.20148854086872525,-0.07787197706366081,-5.325580127749316,2.2051774170298435,-0.392529204792901,0.06402226627328172,-0.12921503526305395,0.09434527130387921,-0.0008625059982584338,-0.006290319874893258
0.13980511874834597,2.256798297198446,0.12488945511313343,0.32884528922104994,-5.37505854027556,1.1536899293124527,-0.513911695637074,0.005958353999226784,-0.12706270093803473,0.0708699268851925,0.0330222944671138,-0.03371847624169333
0.1721032767427918,2.093351122840266,0.028594098957091862,0.18575657494756792,-4.756951094901187,0.20921132635765777,-0.3755368386586547,0.04558959484535147,-0.088471110342488,0.10144911063512357,0.006686095505121115,0.007779149024336296
0.030302205732744784,2.4815387067068526,0.23570405566044705,-0.4473280546733731,-5.5417807094731915,3.560591806572448,-0.23026147287347903,0.06320686361410899,-0.09337309783671693,0.10216547816541532,0.028127641723217467,-0.0162999389077656
0.1834811312856574,1.9368292584920348,0.05284390490070079,-0.12351853599274787,-4.761675899438187,2.642414754198625,-0.36898770162869277,0.04271844924298601,-0.11947629634491236,0.09229036912388588,0.014426946207453883,-0.01787777804166646
0.19471224750121527,1.6569770205201595,-0.013273451350215182,0.3848582787678344,-3.972376293481908,0.6565087562875948,-0.5743921335521045,0.052452689503856786,-0.08962217528514016,0.07529684599536904,0.012652083929383884,-0.01506378189245039
0.30751981328013145,1.7669990178703536,-0.13286808558315133,0.02418080388630095,-4.231196980429412,0.3195269777825785,-0.22324368534035466,0.07435954937702419,-0.04295245942686998,0.11969040718995419,0.003325849234131817,-0.03290899259741231
0.3573716944991444,1.4729925331128357,-0.11373011390757615,-0.28798232666137874,-4.474537800234382,2.294693692058285,-0.18046612519108024,0.07085107123719056,-0.08408331220046611,0.11496559327707961,0.009725908980055209,-0.043279531881934896
0.15973860217746916,1.782834171730086,0.022856562378715806,0.25941266891666837,-4.178678925047275,0.70502324782205,-0.5244533063017399,0.10151943609317607,-0.07677230769952492,0.10062240459322783,0.02754502842898987,-0.026393040875670737
0.1606622247684725,1.6053221758111265,-0.020873412495327814,0.3243883194226151,-3.4756638149571626,-0.5567136999745343,-0.5357762361325107,0.08559406201206007,-0.0589069055318035,0.11625342470525371,0.018041378050457024,-0.02843006124097558
0.1749527770017357,1.6393467087330236,0.01827203715775738,-0.13606482431362463,-4.086279713489067,1.6261161491853056,-0.2766191195854781,0.06680026535205236,-0.08368084014553995,0.11144494583585696,0.028509858321091874,-0.016773935323637468
0.10399830440232595,1.9832297724669516,0.1025979914471773,0.4990617918590199,-4.382924563811086,0.2924066189321888,-0.7254751463974783,0.05712575902491557,-0.0982344284231495,0.08040291921547521,0.00821801717260262,-0.024409873632024515
0.1471970668037631,1.5608376900403578,0.04844499659675994,0.21992224270109922,-3.861238409688715,1.60198123536277,-0.6252523182881539,0.06634568115408992,-0.06925268629086351,0.09737862097837413,0.02300473862625324,-0.028995539320981423
0.16230043128132907,2.13233211423411,0.11702975110151503,-0.3129610003899317,-5.311699018898885,3.175226658644409,-0.3634949229512123,0.07130591963199073,-0.06644143828742277,0.10131432642499405,0.02478231225713723,-0.02570995566449974
0.35763039405723296,1.098284135932786,-0.19065207620830937,-0.03238410387153422,-3.386474383237395,0.854911913617153,-0.29930299011441275,0.07522170337414813,-0.0921164126157472,0.0942865229691234,0.011290859189568903,-0.009579876721201225
0.16560092551841218,1.8036965159509017,0.055690071940392216,0.20069882781106252,-4.39022704425797,0.978303101197914,-0.5700424547337233,0.05011925629153119,-0.09328872438033653,0.09702223087844009,0.02590263652481717,-0.03324872188194017
0.09550057367376041,1.725283887528783,0.13868327413167214,-0.07968481309169198,-4.427151910478279,2.523843696805372,-0.46101851408174255,0.06024356839426265,-0.08503544545997449,0.09957170200663099,0.02787835766609248,-0.008831377778363958
0.18809829435018652,1.4993867828543181,0.01580527598644288,0.1944918456364648,-3.9745449151786243,1.219517333978036,-0.5931373401519959,0.0629277786784797,-0.09484276412507758,0.10534272308732195,0.020550184920619496,-0.011199834401682929
0.3669754989045839,1.2526585746149914,-0.21628048236182007,0.21352763077696546,-3.7201694013767765,-0.19062923626826678,-0.2961069212394484,0.05155127784242783,-0.07563005200143771,0.10935941281309153,0.023837114813566818,0.009355036419080975
0.281130993099417,1.6734181326829922,-0.012508408256795112,-0.29362005233334276,-4.8275766303491014,2.5300737711072285,-0.1675572924276726,0.0688908636751552,-0.13813706923630165,0.11132161926393183,0.010787134566379475,-0.029556560916554786
0.12969093871361584,2.12756619431473,0.06366178008639367,0.3891266731909216,-4.6099830140313705,1.0766562278330736,-0.7288662450532477,0.05842190394572311,-0.07714641877455136,0.10649815140398189,0.004066543860349214,-0.0013883710723118226
0.08748327141748653,1.7765085171349844,0.06578856408257217,0.4542142958123871,-3.7877362869802087,-0.031875600127999865,-0.6885150432802312,0.07911321108673366,-0.07280053830446098,0.10075188853549233,0.02504431384271838,-0.010089635957875265
0.056680033388119604,2.5584227121312186,0.14061586161694284,0.37937083380080283,-5.001923411573705,0.1943254206687498,-0.5077898629671375,0.051929953411200935,-0.05452329317752558,0.08627122325899289,0.0020363546446726666,-0.021149118331603822
0.1913572698835895,1.7205181069814794,0.027268206691310026,-0.11469775343503771,-4.3657133247395405,1.1246529592558137,-0.19205591365903124,0.05732567737906358,-0.12011223827910761,0.09171300800416715,0.021116128187744665,-0.004394225459507739
0.1689209312243108,1.6635982890266887,0.02615294041328342,0.12481307024813719,-4.272238860886691,0.7827639964741202,-0.3487746277626793,0.05821076628687455,-0.07867786924415354,0.1156363469215595,0.032331336375615916,-0.0145251956293303
0.008845253153383784,2.632196296605199,0.22607216516755657,0.21528898553056275,-5.492285675358615,1.203443093345624,-0.5451184542757448,0.07569080119342309,-0.08098257603843378,0.10433766619101004,0.005763503157341532,-0.012835098106282583
0.2887195636795544,1.5999425759036046,-0.10930072927376266,0.403693758935684,-4.113489474412861,-0.509415737982134,-0.35395075667646414,0.04120928367763915,-0.11102066516968853,0.08721973548774606,0.00975235513186501,-0.006290535463440938
0.024909012193230082,2.568709648404576,0.214451239550417,0.017517610639880027,-5.456260592300917,1.2312725753596623,-0.2899890054411879,0.04606291058721518,-0.10439162309683092,0.07915529843558977,0.017579251866506773,-0.008166333930208713
0.17408619440101325,1.8752013944243304,0.027047357166902986,-0.015473551160345794,-4.447796678218545,0.8318285399959886,-0.33082192386060216,0.07380788519569836,-0.07871055231919039,0.11317778604810219,0.026507219779258184,-0.027142116284893936
0.27684829755441503,1.7036278972466836,-0.054161612688500727,-0.009994234662303328,-4.557608102771613,1.4588101807774054,-0.41460239780231994,0.0684264407695534,-0.07778851143503862,0.11795295620706392,0.015045027791136367,-0.02083315236201866
0.11637279869587201,2.274382709337904,0.11678645133930488,-0.5695821394100019,-5.104905675521462,2.5555171791896654,0.00455666504671115,0.08263938074724048,-0.08828072369881462,0.11918809481271514,0.01796044706526745,-0.02882823626602704
0.12050227533196667,2.42659048560387,0.15137733854130664,-0.253819726166988,-5.555924513727853,2.8491936603083086,-0.29669272516433237,0.05008830525704028,-0.10965710239301552,0.11443884478853505,0.004063923422240601,-0.02192562593725944
0.1893458486191217,1.673840608483024,-0.00582681576995403,0.3817198473684754,-4.03971442660236,0.7938964346545426,-0.5970603492996412,0.060813358739032986,-0.08282904548746883,0.07473001487159722,0.01128807326636061,-0.012202460369730495
0.2580834434366065,1.4556191651767263,-0.07136792022944127,-0.10295125695039929,-3.8229558323261,0.7709331168717105,-0.2584210752601868,0.07910576476438802,-0.09203915343989941,0.11026453986685689,0.019572653056112832,-0.024754758312763192
0.20746263164554815,1.766051601375065,-0.004502270697219979,-0.039072493379545215,-4.504661973489794,1.1576330328137883,-0.2591471083730934,0.07946825491938925,-0.0831132625267465,0.1045105717523834,0.020231508164734624,-0.00613830343163535
0.12487260890116843,2.0512860675643982,0.06792394105606725,0.6452905361292979,-4.4995492766937675,-0.0065811085348579206,-0.7294574646590123,0.04555474182793762,-0.09481155271046965,0.0885914734707477,0.019231523940178907,-0.02045462791825603
0.19577459750870935,1.7568882795134566,-0.035887449131682736,0.15851760863573713,-4.02085038338915,0.17700725798195233,-0.41356892108597754,0.08932974174393837,-0.07376952712420409,0.12340122297918193,0.0259895514089028,-0.021113040063115207
0.13856251482313076,2.386875127359312,0.0693471728457451,0.6572238906345604,-5.1837684743044665,-0.4908575635220063,-0.6872159407998734,0.0560461110977068,-0.10007308157136502,0.10010067910037895,0.008303491833417609,-0.004809108457167088
0.14956056298932,1.937870239802367,0.03492420841908905,0.2898229069772904,-4.488170548659959,0.4096360181336103,-0.45766162573645314,0.057120034970989386,-0.10081441212635661,0.09384594419781817,0.012445966541396958,0.02090644109317563
0.3081989591661427,1.3903418953718822,-0.167600745018877,0.09977564528361528,-3.490431399377065,0.30885897808455737,-0.27152431265489646,0.0823125580172373,-0.07713522924123242,0.10254552801072145,0.02595787488091883,-0.024489070186791695
0.1932890078323187,2.119684441404098,0.043949366595070316,-0.0994247023238213,-5.05223769465958,2.062783065948485,-0.3809794647739386,0.062139996960144384,-0.08937851348736059,0.12509507777848378,0.018950576211818948,-0.031142511434803066
0.3245775570623407,1.4106829233037574,-0.1630121313745806,0.39129715390882336,-3.572190611619803,-0.4144333257211409,-0.5231047622663119,0.07106307267242329,-0.11612123308036568,0.09876950775018409,0.012674065564229897,-0.03588569370051509
0.17908613289335623,1.7722732865243884,0.02989941204172175,0.11296714804611556,-4.2359431587508105,1.1784153851378167,-0.40067301227665275,0.04419512851491866,-0.10928425947940223,0.08932549354003039,0.011548104794475211,-0.024927721563847594
0.19403507358032873,2.3418262276512354,0.01675118531940245,0.004918597933736557,-5.1500975728705916,0.5664029259171168,-0.19457538019800658,0.03552214707886253,-0.07628142469489796,0.10822324329140176,0.016971940375710926,-0.020642604275308507
0.23433750768983697,1.3911462562770025,-0.0148308954588664,0.2107091026860765,-4.049830612053327,1.4339622824681495,-0.5690284645229454,0.05772303242376747,-0.09511443642822542,0.09257707575281435,0.022707964783174828,-0.011402612995379202
0.26002738610390863,1.2182491653541605,-0.08870507209560186,0.1434643124244983,-3.6148924931722637,0.14847714064675793,-0.24896999871996267,0.052192467233691725,-0.096547206056592,0.08927727803632624,0.028562630781598264,0.002322674537512448
0.24190141562948814,1.39224181824386,-0.015432668556744522,0.402516375764867,-4.086836549195845,0.5177728442669648,-0.6423418466633042,0.03383419142566135,-0.10493531598393835,0.07656974254273416,0.04200863346624273,-0.0248281002320076
0.16234348221139724,1.9005000255944078,-0.029003683092431176,0.37967352059272874,-3.821412411851718,-0.5195680527626764,-0.48839325058946925,0.07869736118641046,-0.06385732514702808,0.0956871686294119,0.004960257195344542,-0.018300998915661615
0.20295701871547717,2.1728011659114674,0.03628895003218924,0.17568307169728123,-5.122793280455797,1.116087866165412,-0.37909799759261886,0.031129119863171184,-0.08966484488195547,0.07594845730491173,0.02394468989691212,-0.030256810217384578
0.17733451608005948,1.60275995543199,0.010249534957097683,0.261593650131756,-3.911320178689025,0.6892403187040501,-0.47330403180075026,0.042533409572091646,-0.10829398868390683,0.07590599061647313,0.02118668895809117,-0.005714512133290883
0.28150779710930934,1.524810268820441,-0.0779154646505662,0.07771350058920691,-4.192517561225361,1.0530930686088122,-0.2978597171238232,0.03562399553490342,-0.09375225962299905,0.09851643407353478,0.027929742489664622,-0.02225635415210636
0.49148341466328294,1.0207007570592568,-0.321655539042272,0.11379006197458662,-3.3994916644501885,0.16791832402428275,-0.1969779076821258,0.04741715898533712,-0.0647649813575929,0.09227006548672542,-0.0009744245221253722,-0.033423864023454125
0.27416510503822755,1.590081917724872,-0.10850103689689572,-0.21053692217845368,-4.01412176506841,0.8176869730234773,-0.04092693144428697,0.08599405009190195,-0.09429232449365926,0.11522517449276459,0.014579321126211853,-0.004517769792179216
0.16119913848388306,2.0349287596556223,0.03218197452835336,0.3111053492056931,-4.512695279459911,0.6348178396901636,-0.5204569051131528,0.0594064421759985,-0.09490278143424263,0.08614586467099919,0.020463027304977288,-0.01722605900631169
0.2694240636261142,1.5425425457326358,-0.09490658080175507,0.367346084433521,-3.969294045534159,-0.0550631875679959,-0.41140050338962475,0.05364361749800309,-0.10311813407839232,0.08718877205945041,0.019592664843023466,-0.016039261612267985
0.18262927093093778,1.8351710334937155,0.033694827759947144,-0.1788818837375885,-4.46772883985032,1.5040480388457145,-0.28556815081038656,0.07174704247862568,-0.08766848428039514,0.11329215229356432,0.013330059354790369,-0.00839429768955069
0.06488929793312968,2.376589409045293,0.14040747675156973,0.05141867624330493,-4.940090788643494,1.3423655541199395,-0.37676294021131185,0.06389825167814628,-0.09009789931711631,0.09384097005956327,0.005020015928967725,-0.007892484983362591
0.1532343120916453,1.759209611795998,0.019755032768435488,0.30259793389047374,-4.036538877390244,0.24445611555184735,-0.46531903746965725,0.03927856703166127,-0.06415244234095002,0.09520908722416796,0.028788447825402685,-0.020354486531381166
0.16413751135300636,1.8543862081278795,0.013535412369632516,0.46075619739433904,-4.134875885341567,0.3608540132948321,-0.7330260470117886,0.0848562509778818,-0.06405103817919394,0.10503046744341837,0.012478677166992136,-0.02557679826916992
0.1679785023789892,1.774779450411138,0.03255574083009516,0.32896664554443183,-4.2631053632944536,0.8480992935757108,-0.6291712502998644,0.0321057999175306,-0.09006283613749771,0.08502107348591248,0.02962218149783158,-0.007739670899684636
0.2626524770872816,1.7819546983021026,-0.0779871113118179,0.20753853732492775,-4.413419481214444,0.6232125128913383,-0.4083945619398991,0.05393388475968991,-0.07824550683568632,0.10861176016578711,0.014150276303591669,-0.00990499580181381
0.1837123753362495,1.9023501972399497,0.013956121095713092,0.05763065652313945,-4.346461001958313,0.836051024906415,-0.3126793301789155,0.07768007758297796,-0.07818068214925533,0.10236934128427919,0.001255463925588951,-0.02389513120980813
0.19012889442874215,1.8240460423572156,0.013472674342434265,-0.06807074588074799,-4.590680065323551,1.7985727635173505,-0.3381806135752999,0.0796152000644191,-0.08325704364637065,0.10845955120023701,0.03614640615596809,-0.012306226268881115
0.2014201049532075,1.9216051409658388,-0.002637376689468729,0.17262419963483241,-4.433169508601388,1.289827265036999,-0.5964238201298889,0.07641754968364017,-0.08418293561012241,0.10601469537365238,0.0010965288408716356,-0.01290561887223074
0.2585522670841551,1.72060170965576,-0.035457438281131126,-0.101968193999767,-4.641838142079518,1.733007510834579,-0.25552953486443797,0.04054017430322973,-0.08832460847301044,0.09214472785188413,0.033088026361504985,-0.009211602431494548
0.3679746964127474,1.0220422500335236,-0.21722980214445775,0.2357780446889005,-3.2638816523893515,0.3367294824751612,-0.3991679638712972,0.05172711137033545,-0.08933368452729892,0.10295586983852098,0.03566721259377245,-0.01207990718415769
0.211176004292405,1.741377022671015,-0.01922885815852926,-0.13064470773500267,-4.406290783949708,1.5707522345845653,-0.2771330803855031,0.07807215317885,-0.08559434155475659,0.1256278986531622,0.0299996297128049,-0.0007098044704710871
0.16018948326689333,2.066667834202496,0.07488612552134044,-0.2695252660078526,-4.932765542071149,3.3172812710547714,-0.47207999137652934,0.08256567231005973,-0.08466024577419895,0.1305451853532264,0.01652826102019378,-0.019487357205069
0.22745856883174295,1.7444134160223927,0.017196265836328162,-0.04718753631230074,-4.669002271073716,1.9014056294038475,-0.43082764937716267,0.05955101383057698,-0.09010330442907966,0.08847620441188,0.036869199980826384,-0.0355338274319581
0.13684761894274475,1.595916221891585,0.05966290267362473,0.05507180260513474,-4.127983056382693,1.4279071529494691,-0.3402851886706774,0.04532320038245766,-0.08821602418576913,0.10151071056949751,0.03549744457964299,-0.00022419985134469744
0.09423382074054511,2.3383524168478944,0.056500161441425334,0.8037761150124573,-4.450053284144374,-0.8679586122450971,-0.8741026923727877,0.08364503929472134,-0.05956133891485649,0.08324814969863989,-0.005840911869639975,-0.00800343314640084
0.27112518331260455,1.1257499842001129,-0.11420521585228816,0.2369437419524757,-3.144275222994434,0.13009638264499918,-0.4969801007890734,0.07759896330133481,-0.07597989335166311,0.10062376475406637,0.013147398816640732,-0.026505393340555017
0.13977841608858868,2.183759002369611,0.043010108084789556,0.5368604874960692,-4.584967009639727,-0.36799943145186903,-0.6945999366555871,0.057932348407362444,-0.06313417382219899,0.10340266504555296,-0.0054154360640435995,-0.0027542009573884307
0.28308311980674594,1.1421945405975762,-0.11153336827677318,-0.07702077982291479,-3.3868772538197143,1.241017849367667,-0.2506106363426383,0.06864803441623221,-0.06605336510251836,0.09903429367255598,0.021276320541090188,-0.021780564156433146
0.19110300967225102,1.803803769193535,0.04572105601399268,-0.22236593870572804,-4.5185274495749574,2.2721187112645476,-0.1846047371579284,0.05904607818383789,-0.10219037344708382,0.08441346309096825,0.005615555620557711,-0.021612312846592374
0.47837801700101895,0.8338537488787833,-0.26998374945334846,-0.3945833983493407,-3.552414594979113,2.564687954695526,-0.14696469952742663,0.07212754993070906,-0.048216081229928376,0.10643969020674261,0.007613609573068503,-0.0185807125562667
0.18039946763721873,2.215578881672021,0.017706626615411558,0.11499375472204196,-4.786809880402021,0.18494639387652517,-0.14851182284207926,0.02929719130405528,-0.10200388633538743,0.08383058419493816,0.004706455749833416,-0.012098153749681595
0.2327008103383515,1.7123099419462644,-0.05124833706857679,0.4543294630385081,-4.155305091405642,1.040398402558873,-0.7097473331622993,0.056664729679702264,-0.07610064423329665,0.09725696596281774,0.013204757434184033,-0.017088004336795137
0.12828837791818465,1.9368144227570991,0.07142922083729797,0.45835834262260977,-4.459967344163452,0.04799286375405787,-0.5857334302163546,0.043246653310565264,-0.0906797688673791,0.09237818340262685,0.024538303837836062,-0.01683555792842717
0.2295412153189093,1.5205105565167991,-0.07820448364185406,0.37148322346165313,-3.668323604005716,-0.06418045066664245,-0.49473561474494804,0.0558671057735024,-0.09446215965061022,0.08157205925353439,0.02057583889495762,-7.963412433731332e-05
0.26042753448541234,1.3594868991645566,-0.06365259963378167,0.4956130984800852,-3.835415290987766,0.0531119474777124,-0.5932077656712116,0.0378520392214757,-0.1278045431081537,0.08409973295199688,0.00828843983298605,-0.009507248124363488
0.14616339453870628,1.897332123483898,0.051372269013130634,0.24573165878545794,-4.3595532685218545,0.2083454006067681,-0.4441139035335263,0.051719100106073945,-0.08938537191441692,0.09813579596787425,0.013256990749864528,-0.010851116654090665
0.06637832690119325,2.2980168171841076,0.13624289295802616,-0.03306430627007048,-4.775732884593975,1.4256502370864972,-0.34967120598175466,0.07568954586131887,-0.09812532653081546,0.10730168020234748,-0.003255150401137552,-0.009200817221306279
0.2501834326944889,1.8200737965329452,-0.057707443681980664,0.04754267307127402,-4.310928725814656,-0.40089766162438095,-0.16481317348509372,0.05429926069816893,-0.1207400954556413,0.10127285176258927,0.017335238022960775,-0.02522724203302562
0.18911129308743202,1.8484913356576118,0.0019796591442662326,0.05530681962090328,-4.340530612140744,1.119024752768095,-0.3833444612990077,0.07656447449208281,-0.08181042790813708,0.11201942748518218,0.01743810823770131,-0.028920308802439454
0.5091356714063229,0.9413632965109844,-0.30999977470555845,-0.2729237536270792,-3.6727732027771043,1.5241537541593402,-0.06590879410168499,0.05313045650170341,-0.10412307175989859,0.10236387549425122,0.008976359618813157,-0.0137855633850891
0.151100123025251,1.8924131114309528,0.05286102693480377,0.2310676203703479,-4.437843308579564,0.9112377295287146,-0.5485393232931689,0.049833556620418495,-0.09487752281982476,0.10813069395050129,0.014154234986035963,-0.00877089846215029
0.14935290978534874,1.8580534550528913,0.08330749720118236,0.4403417950849202,-4.654321038723831,0.17853821145745924,-0.5927194951049991,0.034895866159099564,-0.09974127510290753,0.08015038548491168,0.024813633311118743,-0.017813712633023338
0.24068490558319106,1.55863407152891,-0.016169018705368132,0.032848966288762466,-4.311605415186263,2.152423552482891,-0.4162051514413081,0.04953261295517733,-0.07693252522560085,0.08256817293226026,0.028988399425058042,-0.028347523936305463
0.10293158972879726,1.713890491346455,0.09882583233832376,0.35145230329686966,-4.073944334389757,0.4584366141070977,-0.5574681444466785,0.05387142481490126,-0.09051430435376018,0.09077733883908826,0.014878921908281995,-0.021767723175910803
0.2965163441948672,1.3777238901034814,-0.094677708273471,0.03357181247330106,-3.843558545112896,0.7826262808203583,-0.37131135102252644,0.05566330921731075,-0.11114541107791473,0.09863787118599403,0.024097494752114645,-0.025171431742958827
0.24459520753915553,1.477361720223984,-0.05191248069579557,-0.08761831562265297,-3.9479128671936743,1.5534130385660574,-0.3764740326559371,0.0841255087809886,-0.06788032107286424,0.11344295271527935,0.018345652504227483,-0.017117215992673407
0.09630598733165781,1.9005507597303892,0.09669524683231878,0.33390833412821785,-4.165579591719545,-0.2298073452986259,-0.4476133264011618,0.06071316979416963,-0.09979849028971904,0.08003856806223023,0.00986292702850855,-0.02458884665323069
0.23582098941708632,1.953514000324557,0.012711316888125435,0.03725818870682304,-4.775490700002261,2.055383693552045,-0.5604843659877934,0.08783754369335814,-0.1332381139042115,0.10813500246160507,-0.014486533959961134,-0.028575385779471052
0.08623944507694332,2.360874426819156,0.08000021827015136,1.0087176592875733,-4.586285698414294,-1.3283708558120981,-0.9180656062422617,0.06457855093308051,-0.07584238968485973,0.08971249338674608,0.0038652567879305932,-0.02848104386772443
0.20497042277892985,1.782191155578096,0.0033075217270496227,0.5911053461259288,-4.350749546723091,0.12659294400499677,-0.7374949743146357,0.06897030699239953,-0.0935906295880532,0.09199044176610471,0.01699603620114476,-0.029500590267703353
0.3347585740721372,1.629336089981336,-0.1766830705339285,0.1216668563123145,-4.005223622745097,0.5141522182723233,-0.3220794221656616,0.0736068920893598,-0.082390379594555,0.10000020380394925,-0.0054612125021284985,0.0035961621352763595
0.20280975982554328,2.0905678112671557,-0.0015247297287235284,-0.637284307604494,-4.916455660191196,1.6758383766609815,0.2681728561677268,0.08217314950880267,-0.09332756609554904,0.12747678971621212,0.01913412342225418,0.006042123905126484
0.233388603939786,1.7959782845297134,-0.011095315400805883,-0.03737135724841467,-4.636348423122389,2.235058157796279,-0.44913740232233074,0.04382266317557382,-0.06496679525008137,0.1030765182900912,0.020753604181818597,-0.008627362471241518
0.21717268452792832,1.906808241020682,0.007717380476450764,-0.028476895788294293,-4.704836521576142,1.9359406588608015,-0.4108775853441901,0.055265555070805994,-0.08228116772332483,0.1081828818997645,0.018535727260973633,-0.03041867460278236
0.30904024305464756,1.5843395248639982,-0.12053191289024356,0.6176503719771788,-4.212842459206153,-0.8051213118048469,-0.5204507750510236,0.03209795323596992,-0.10750227629867337,0.07721238645652723,0.015047867863322795,-0.012170433757698829
0.18956903426753363,2.096230618097141,0.06597103814352301,0.11385236116922584,-4.984068977055521,1.3668073979909858,-0.4561143823145385,0.043152652704952166,-0.09591841652947125,0.09851140662377822,0.028364889891614786,-0.05740900362744794
0.3138903386215588,1.3028673464033012,-0.12969154575562336,0.09063038578484775,-3.8227385322539518,1.1258968769979314,-0.29651286084419265,0.0594608190706544,-0.09102064135465127,0.09289731010425788,0.023554398944065136,-0.028522150726581708
0.17870043417175913,1.685639637886963,-0.017155430555426232,0.6152314663763192,-4.001774543568186,-1.9566540880654033,-0.4954062277507624,0.07046193287782854,-0.08986869908249195,0.10593039324492123,0.037366501207188874,-0.024225664172096928
0.1657419092221714,2.2771787551928493,0.03814258931162495,0.01350279565190532,-4.794075846813296,2.403883806659378,-0.5731055688420492,0.07283019141666336,-0.06740227588110204,0.11291186541723269,0.010922150128179209,-0.03547107599546817
0.033308694596144446,2.292408771525298,0.2001303022376626,0.30611456535211357,-4.937034034896784,0.7659221265840449,-0.672688101316694,0.0667349914364535,-0.10249718443429068,0.11238995400261823,-0.0011341979888634945,-0.008545036932129824
0.14151020458446834,2.1748727646211865,0.11881621874597381,0.22659373658586238,-5.246237909472634,0.6876139150800502,-0.47130262554810787,0.06122573312557822,-0.11186571034343334,0.08374780740705912,0.016927716412898475,-0.026567763044347048
0.011577767849595022,2.3830468989216826,0.25646128833277015,-0.012237776957839397,-5.2998248660335285,2.640128089914148,-0.6012596890420939,0.0526243352071179,-0.11514572051265692,0.10041503413693181,0.011398788778900326,0.0014551149584375311
0.12773500545168473,1.951017531425747,0.12877824293157947,-0.00781884495934343,-4.950647650699897,2.9957841547445225,-0.6246102453380877,0.05327477664964661,-0.09175631761123376,0.09981758721238065,0.02593336701989568,-0.011072710774956085
0.1954466409956059,1.42960907925716,-0.03883380388677515,0.09494825611218437,-3.572658497913845,1.0483283052583066,-0.4632325156526209,0.09031633827396984,-0.06262180180679647,0.10955249626788541,0.020790871453266857,-0.01352667446146788
0.11431307549872877,2.3587134583792007,0.08662837871116968,0.2071342584121582,-4.83561535440234,0.4900662364951391,-0.39999904079061255,0.05692468737470907,-0.08304512692086596,0.09710438638548291,0.00138202451408731,-0.03145710743909935
0.1691256005397737,1.9348131924295136,0.02188159210543006,0.895527860856272,-4.216272203192527,-0.28765202792701267,-1.041390130553447,0.0667745155685148,-0.08634343149775942,0.09317652572515805,0.008811633756945936,-0.04482136382041291
0.2667373330755398,1.1343979830105004,-0.10296083662796174,-0.039620033059436385,-3.4783405609326996,1.1366456214952874,-0.2718445808718281,0.08422626192015245,-0.08199406505032414,0.10539654947337876,0.03301790760415263,0.003024939263546522
0.08583283507700575,2.0100954736552903,0.09741101943626851,0.3182020727249281,-4.351351033005326,0.1840446378874587,-0.5141257377234166,0.06347850777462788,-0.08278689742669776,0.10596315562410794,0.01538084252299865,-0.011908951187157957
0.19727471053455128,1.8114170189030565,-0.0043764851477926525,0.11456927433420874,-4.187188231292654,0.725460580387523,-0.3857226877538652,0.07460155877349006,-0.07103875776231161,0.09646323908715038,0.018431525908199298,-0.04386507623551816
0.15004862411139663,1.9221430469141751,0.04459084046146189,0.09782024438068629,-4.437605217849574,0.45264030030852814,-0.40030315634864,0.05969675755743997,-0.07432647297817185,0.13032039319941363,0.0254747124355843,-0.025889396907942563
0.2557669602518787,1.708998582978596,-0.07990834152218795,0.7850585451333963,-4.122034041958186,-0.7219775182034603,-0.7516797851181293,0.04541063522624075,-0.08080946412285883,0.07854052883298218,0.020275688354088106,-0.026026535642187487
0.18409711738070092,2.0003495491291385,-0.0093939272422352,0.15430215851215748,-4.32691744950393,-0.32373187691467453,-0.15136383378265172,0.054123205918909345,-0.09717658030722559,0.08296067626931503,0.011843882457768684,-0.027257037869388823
0.29095712061966955,1.3648069265653187,-0.09043228183563423,-0.08682553066269347,-3.9036961452970895,0.6387607783689664,-0.038150724570030686,0.038860260291619986,-0.10011611155776956,0.07462820598937836,0.03150791141780335,-0.029065781437893123
0.1247726537438035,2.2502204401430816,0.10257349732436949,-0.018428434441478098,-4.98466659361054,2.212111505080993,-0.5920121361613218,0.09648365057904762,-0.08644987896260847,0.13012194909937413,0.006164618521021903,-0.02865524731999236
0.3212701055594161,1.1865087984026057,-0.13238969171139914,-0.1587550647250281,-3.6487299654138265,1.8267030676971303,-0.30127456946515696,0.0667716468960573,-0.0919865520743387,0.10310424351300904,0.020443277961765982,-0.01403660172973431
0.15943923577765112,1.7696984017526647,0.02685780637487989,0.3518089480873223,-4.2017215755172845,0.3956078707372968,-0.5880553003260968,0.05106721398090569,-0.07911180558773723,0.10563292586823103,0.023678606617088427,-0.007708961785606427
0.29601831740893464,2.0000085425061185,-0.06451216610162258,-0.11417523205865521,-4.836270653490693,1.2907704936985518,-0.22659546958628743,0.06132216167384602,-0.0579070046314864,0.1000636134999563,0.0003082986889550998,-0.04089736127343924
0.17437919198752622,2.145794580089649,-8.352794274668618e-05,0.08137219690584868,-4.684636451710059,-0.11351887169501816,-0.19371155281343963,0.07752990070747845,-0.09475398077454356,0.11028566863403949,0.020807421114725777,-0.007560235223279865
0.35520376492156214,1.3374619062697901,-0.1644615459348292,-0.0377808771486476,-3.9327476334958296,0.886526497371677,-0.24650949555522628,0.07162588041242024,-0.11803972446890665,0.11391777259149857,0.011039373495556337,-0.018549566878415358
0.26157470466766325,1.5007968270604144,-0.08076145078554087,0.37993776584791006,-4.036970554603048,0.32296014752923247,-0.5019765077375844,0.05148819711438707,-0.09392069336727904,0.10465254539313498,0.02486981425748841,-0.016672014351148512
0.28189939787044416,1.6025084014669657,-0.11259752038681425,0.09869773377477976,-3.9593777566868344,0.445217559612334,-0.28680163976097073,0.06610628948311703,-0.09309273886098193,0.0977296558460754,0.007442998197621231,-0.011603209303901685
0.25382103311117193,1.4514943503882338,-0.04325098781886405,-0.1301539565855931,-4.150131696678469,2.097814665865383,-0.4146676286322037,0.0779903744294067,-0.07110783346520477,0.12296424423635549,0.032965947823342834,-0.011071903736879218
0.2528057475753177,1.4730571250348892,-0.0835781134262068,0.39983030773254374,-3.71877576465465,-0.3643742946935056,-0.5456180707065791,0.06000355919322664,-0.08850445963376846,0.09581375256288116,0.010466874420181405,-0.0183882236622529
0.2770495566446684,1.5373557872716697,-0.10628006928922151,0.5826845708127519,-3.867612553509385,-0.41640048207083213,-0.6848594682983978,0.07975595329175414,-0.0779467455531383,0.09673818877189758,0.013019931169258703,-0.021190505247852043
0.17324181949176606,1.3617369511416335,0.0327505794331282,0.10965979403114252,-3.848752709388105,1.649951685317725,-0.4876857757947536,0.04001655272248772,-0.09518996595039919,0.08055256861772447,0.03188560203822366,-0.0004580556476695974
0.26336596686968344,1.4407316852000678,-0.07610551102098828,0.052034850805243546,-3.8846161808496165,0.8709869980748149,-0.29625855157391634,0.06158831734211012,-0.08576459276514936,0.10011993176749626,0.02306248934231281,-0.02392751658501291
0.2836724758723217,1.5097403877649003,-0.09084427822910623,0.6063105010286632,-4.033862796756445,-0.6613181702544676,-0.581441232204849,0.04046427903377103,-0.11359841244851154,0.06633260433292468,0.015228155889388417,-0.006908788051568693
0.30687193872829593,0.9851109072838211,-0.14261697939269896,0.16124145520906702,-3.2559666802443434,1.2584202260404478,-0.47568579952922313,0.054916918993419606,-0.06506853744589222,0.0966097047323612,0.039648551573541024,-0.015111297755502462
0.00858591667712653,2.1532703017628063,0.2031238691246049,0.6195173412423729,-4.627723044590451,0.5830393769353177,-0.7362415623049556,0.025980374371878057,-0.08945714649740288,0.080123777200057,0.028436504873499913,-0.028615186020072514
0.2883082030334023,1.584732635128244,-0.08735837150037618,0.18574982062888495,-4.154899525638237,0.18958514923699513,-0.21973616115559114,0.0343709003311157,-0.11683750744898047,0.07665755788806014,0.021969880244735673,-0.02718006364857417
0.1041872014791644,2.222639241279358,0.11760282788179666,-0.023320370441852117,-4.993706331235195,1.2029428792519732,-0.27415757265485885,0.040672538048923734,-0.08750237040768999,0.10827999992414711,0.022729284805902195,-0.011485456981640052
0.4412432435352879,1.0367503428713842,-0.2521327680184696,-0.08599861292172314,-3.7961049741324997,1.0411687404837422,-0.12336338204196731,0.05535711862869336,-0.10949791413281047,0.10351036012524238,0.020680925897635427,0.0022076137421340736
0.2528434216309785,1.4080312358105624,-0.08256348864908225,0.048733086450286234,-3.704686544172157,0.3492271703896547,-0.34322913052958226,0.07313962431616924,-0.10172635615119105,0.09958070140723227,0.01724862990589421,-0.0011631921912569898
0.4134627460725249,1.0246937508638367,-0.25818486663814255,0.3385656279618286,-3.4208968616938824,0.42075910728929344,-0.5999524956930624,0.06872381892883314,-0.08731595111974669,0.11539611462886615,0.026623003802465017,-0.011122647529578977
0.15837696477881008,1.8601229098291734,0.03305971301242172,0.0010538690838169662,-4.230344067322223,0.9210266312168016,-0.2544015351880189,0.0565166401517021,-0.10824377063066606,0.09162366705110886,-0.0003688439740787697,-0.006080156640608569
0.17141291287848118,1.7816665555178666,0.03407147577788383,-0.0491279657126297,-4.348172177870828,1.0859429072448694,-0.3576975347972027,0.07533860622277047,-0.08563048442706267,0.12675084777789566,0.010887281699760498,-0.010035652147914131
0.0913771224028453,2.288847581764308,0.11836736452402485,-0.022718258249135925,-4.825881694202225,0.7435722606004246,-0.23244311430110134,0.05652498330201372,-0.1049720670575034,0.09901495788495562,0.0018240273853982192,-0.018353170455614798
0.16181973207161682,2.0330608571798177,0.04345807641980337,0.08465851610701032,-4.799707561260654,0.6191926838832074,-0.3648862502183965,0.0887516977410856,-0.06310663155732144,0.10743831269625403,0.018786299137710682,-0.005264192807272194
0.24771874884864598,1.813050011450781,-0.03876343201393351,0.0072739109287504045,-4.482015786493521,1.045364078866576,-0.36753970726612445,0.1036180156825603,-0.08814626912434914,0.11153107943120105,0.005208687089969688,-0.022102919353854555
0.22031299158231493,1.7837597356281727,-0.07182969798921035,0.6872443806545624,-3.954036691147951,-1.2843612916085465,-0.4935763626097408,0.03561089151396751,-0.08430698638293588,0.06956996972093704,0.026124021059814928,-0.024727232087731976
0.1622136450787215,1.6847318521685022,0.011547082038268486,0.6021690104879254,-4.0645750587645155,-0.22951317311883243,-0.7191848839108465,0.054751810225420305,-0.07974355498730434,0.10189208083153217,0.01973355977820368,-0.005353404617879365
0.10767928121942248,2.5184641627548925,0.13239122288104976,0.303512408431438,-5.360920582747805,1.0703385259942864,-0.6045628049339495,0.05235106987784777,-0.10269489760885864,0.09668758280610873,-0.0011135335385321632,-0.02041171856716284
0.13051916242596687,1.9008831785907636,0.04764539345124996,0.13317301460009795,-4.164637349678047,0.6601318000930473,-0.37674553699531077,0.06907737120657637,-0.06499556140519602,0.102346912902582,0.004665893684288158,-0.02045014827862568
0.22140927537524344,1.545871371788846,-0.03852058060487551,0.16067404634348215,-3.8612670538920524,0.3256567023171005,-0.3262761514181495,0.05677868015372725,-0.1013736354808139,0.0852924593335235,0.025792612129036163,-0.018441886178462874
0.16521466347379854,1.8323245440312559,0.024481307594609536,0.22665376865740677,-4.380740756466134,0.6577609270306538,-0.4491168712451401,0.07948778645462518,-0.07865071578995964,0.09993040556932359,0.0267181222940297,-0.02049014393467319
0.27296211201933523,1.553671372056626,-0.06868094322024187,0.04957325707875908,-4.233819287615424,0.7919361707386198,-0.42030881848212154,0.07806106752317993,-0.07245625228841573,0.13425843117162714,0.03085409010551088,-0.04138315932045722
0.11007863741781915,2.026631848666801,0.11416442696062168,0.2614282355306063,-4.7198656991740116,1.5567153966929108,-0.69474934991813,0.061494345529487404,-0.09695226533445733,0.10238894981617674,0.007797341232483546,-0.0014399482634139815
0.2868498107885203,1.872610228984526,-0.14269455883722393,0.15937305981367442,-4.099025779985115,0.29583779852633557,-0.34101340542673575,0.06967891367423595,-0.04128411420904432,0.11124773965895202,-0.013798578704594,-0.00942863786853565
0.14949930069798334,2.186269006979314,0.0692789042042965,-0.09019213139376961,-4.941685272143851,1.915280557220354,-0.33763131509409505,0.06409820166544333,-0.11392219945217441,0.10436421599715451,0.009347778458383083,-0.0017342155506827606
0.2684922850834068,1.4092105084984785,-0.10409629477026983,0.46171847722368187,-3.533944089842542,0.3485654793679571,-0.638614845940292,0.06559214985146816,-0.09098504738067911,0.10389476736976072,0.01854847685407962,-0.04143762817089963
0.044441518876359304,2.3309512284855103,0.12528147623720454,0.1809857830496005,-4.525347128837639,-0.033200866408399,-0.38726620381034144,0.06067258865005498,-0.08496404362186921,0.10610520846908783,0.007590297037068372,-0.003375580906356368
0.1703119416749484,1.8938798828717192,0.00926803172757662,0.24317382474089744,-4.328352149703152,-0.6646170296466848,-0.32097258160774944,0.06190982765495723,-0.09197878575173218,0.11325226869062649,0.0093415097806685,-0.006859934168064963
0.15711379076628892,1.9754479119586348,0.07900499735068256,0.049091731395531524,-4.783473755132577,1.9060665834969601,-0.460247519655294,0.07346589508032367,-0.10693062555722055,0.09820205842898239,0.01922856053220867,-0.023118359488852658
0.33540710894889997,1.1788377558980623,-0.1899146488291399,0.12224437781852868,-3.366241970990446,-0.22632354914594147,-0.2310435808202146,0.07347533637305147,-0.09284140846853497,0.10775199897514878,0.018157219454799978,-0.016407646439466017
0.09693586919748874,2.1565778272765805,0.10444396442589232,0.012468589497895394,-4.737542988744245,1.6029686330639645,-0.4683583843704406,0.07820629462206957,-0.08024289693617065,0.12270730234871485,0.009807848724057044,-0.003915324136097742
0.17046349099629055,1.8517535614177214,0.03853671815018289,0.384786710916068,-4.508086894537863,-0.1000796428325585,-0.6006719324831112,0.07232482217075087,-0.0866936249424689,0.11254655179471629,0.0168972437882694,-0.02221400314516153
0.07732194063201348,2.0002361947906127,0.06523494272816288,0.4034144127971307,-4.08406798555447,-0.45642123611036983,-0.4572515334258273,0.05557042236518528,-0.07615331068500264,0.09486197326154944,0.014360777346780873,0.006391056982370635
0.18079443415608115,1.8380462152222634,0.0303564894199867,0.4831117651990166,-4.450550528444907,0.42565897255881513,-0.6706166428520881,0.04637122485261694,-0.08782905471184388,0.08042828170559521,0.025244291525369666,-0.023740038302139332
0.17374646756872933,2.0632692897356284,0.08778359130542301,-0.6063628008601519,-5.295721737536602,3.6820235476540413,-0.06313577665630041,0.06198037669797729,-0.09597942594070702,0.11980125962277174,0.02583118040519583,-0.008826768532186335
0.2229665902471601,1.952761869936828,-0.05897626346894014,0.11505019909899561,-4.297743024356389,0.6908785085806919,-0.3740129493308869,0.08935193369884054,-0.0827752610514258,0.1153501022457804,0.0045131239303149995,-0.01876205081778115
0.3172410551023617,1.1075199058574365,-0.13514102054781896,-0.20791900195431717,-3.6145038021930747,1.464620499840313,-0.2826183951139981,0.0903299772847751,-0.08051247289011335,0.1389565053034885,0.0317792459873954,-0.019815541705388517
0.3180250031303569,1.396552664532893,-0.1312275542589566,0.15827004326240843,-3.8529558729016022,1.0857264338034343,-0.5397147547698578,0.05521117024056499,-0.06127203741502804,0.10995308148292116,0.018946211374336552,-0.02102007715197346
0.2995312450176674,1.476344455521246,-0.07507296734525393,-0.22786879265896265,-4.268398662532585,1.828597559846795,-0.11545550682966176,0.051142853917406694,-0.09687787396799041,0.10243044703582915,0.028480145221507214,-0.03807703355839842
0.25951301190399123,1.3159898196495632,-0.0924799582065251,0.04489444380172686,-3.578003013432318,1.2274240146331565,-0.42069201234745845,0.08217028928624187,-0.09848419428704192,0.11345180537539265,0.01298311830835086,-0.0192066243838937
0.19627991407307932,1.9137228435781355,0.06345185601742298,0.4440534489424995,-4.981232877925584,1.2520037987077952,-0.7026283965706066,0.0372864137445727,-0.08350399119528851,0.0798610908179902,0.024792734735105126,-0.03737485728752876
0.15675354145886977,1.7238416572507358,0.06208600446158952,-0.10497083677944347,-4.476445349456638,1.705582107942878,-0.3772682846672267,0.08436124211340407,-0.08056534411588834,0.11457798358635052,0.03269662308837584,-0.015075173852395984
0.05722578203198589,2.1701171234011594,0.10608519378617132,0.2874972905898894,-4.340813789202282,-0.3939286214863989,-0.43341640465983733,0.06665253318698044,-0.08890076339844227,0.11957291826324679,0.008786766037805482,-0.00833092089902121
0.2323898897611785,1.297305933054186,-0.03912897893279954,-0.03913345521269472,-3.6634443233447263,1.3507177462913114,-0.35243019819470583,0.06214754941374441,-0.10200050664068205,0.09540536196704397,0.019887313731190293,-0.013656058051882969
0.17785044627551932,1.6281522116150096,0.011581844168776279,0.252118904812197,-3.9608979046682546,1.3694314934629073,-0.7062304353451888,0.08097887482991764,-0.0919750989309876,0.11424914335385336,0.010752454934629285,-0.01883866158784886
0.23525176242513457,1.8466063662952505,-0.02176040726210071,0.1431922224643134,-4.514600110446703,1.7302749281167646,-0.5158662550461631,0.04701222347941231,-0.0820740955855177,0.07837798313938071,0.02404777743118347,-0.02059172881346738
0.1309405969438735,1.8874431495792716,0.08111516335727775,-0.05766070496935932,-4.430945521779745,1.8620030326598067,-0.38096112582437025,0.060968422712730785,-0.10269981752394736,0.1019918872684237,0.016804906987819668,-0.011159744695127483
0.14997336461320876,1.723584449764682,0.04033949261704228,0.2564813942819347,-4.112441986046743,0.7493992327463731,-0.6389404428178795,0.06618733824811501,-0.07393105616568102,0.10825337753441966,0.02376137964399938,-0.01587252071202383
0.1685798654138949,1.6593511379009505,0.05508454005329855,-0.14461519843103915,-4.154786497670488,1.9849240449176628,-0.2639815372476885,0.06374618727090645,-0.11043997494097368,0.07917767236545672,0.01553033314546437,-0.017570935931617404
0.3714009255171707,1.0654002300582859,-0.25066369973297586,0.19436291999612415,-3.1833141843296606,-0.5828352538326038,-0.2977960130315667,0.07638875007176679,-0.07019576354270629,0.11461338307926378,0.01824651206065525,0.015717334609449185
0.24445826552954955,1.4214044811425866,-0.07579703479247735,0.13866109416757383,-3.7902103559312526,0.6023001688300917,-0.3575245842371694,0.07891782886621396,-0.07782030620782548,0.10624296510075296,0.030160891722563032,-0.018841361860008732
0.2596890110027526,1.233352014812793,-0.09228556591304937,0.3457667026665415,-3.418471638494366,-0.4251077218922742,-0.475114769262974,0.06976910469685438,-0.08443376205875502,0.09348552978279476,0.02261976752081274,-0.024107524967845073
0.37422226197247144,1.4983031601450412,-0.15889555597127103,-0.03378786720298595,-4.278028098060869,1.3232360941274157,-0.2869763458778569,0.053038270683212124,-0.0699179619124512,0.09321098591966065,0.019655755955980958,-0.03089591641345424
0.33427980821100545,1.0976573045570577,-0.163437817956526,0.07413420990118866,-3.3801307893094608,1.1982394933492884,-0.5079776579817405,0.07018918013958049,-0.055065436369605925,0.10764068350939784,0.03453027028845557,-0.03439788220988446
0.09367620523228239,2.1507987922790397,0.1386874962964466,-0.1393804748753215,-4.906690957954713,2.3500577734943136,-0.5628273440109159,0.09623379176257091,-0.104884453219039,0.14854175853082535,-0.0006410250585108246,-0.005082600652728253
0.129410927767208,2.268204937271054,0.11329424755323636,0.6511038686501931,-5.3641420214434286,-0.08898733583720504,-0.6238751734269715,0.0220003974420534,-0.10571608546790662,0.06433759562781993,0.04320528625986708,-0.035154274127144225
0.17331651874171292,1.8746592737827648,0.005565763746863794,0.22608870936683875,-4.33221364043527,0.6751725304941703,-0.39532655866334565,0.045934157419481536,-0.0883390477428041,0.0819313680143513,0.02869585007157338,-0.007234335660505575
0.16304672621952032,1.9929423344568808,0.03201606547641411,0.5471820018630298,-4.443524948180751,-0.1560072191320091,-0.6966550968555866,0.06696562147314544,-0.07856273386167761,0.09871730003953494,0.01729909240432881,-0.03695209232160035
0.21577038174802396,1.9216672072391812,-0.02436801959981416,0.07739746848963444,-4.458163945273554,0.6832690679072855,-0.3842368646123069,0.0828824315748839,-0.09469691463340446,0.1256478615429093,0.010274379970579672,-0.01703772577000584
0.12409760885288226,1.7767059518976225,0.0524729654952335,0.33560228178307105,-4.084355266069306,-0.20136249933941563,-0.4246163814481857,0.037193584568138316,-0.09864688628093021,0.10083556247438663,0.026017365922885394,-0.010501145598849737
0.24146878977614336,1.5292125168371067,-0.028449494300158973,-0.08397904820238436,-4.2578710038786705,2.1226875174247453,-0.48049300644023873,0.0863545420615986,-0.07620083971598135,0.11980449093171636,0.01564073822336065,-0.012242362695191411
0.19953201713556654,1.7231113020488205,0.009797291871425418,0.005160342503548132,-4.3513892188023,1.2187645280190191,-0.2576305979796112,0.05187251058278175,-0.09299226232497554,0.08409707953102497,0.023511747555947093,-0.018075359683986214
0.14399693140319533,2.117151184789868,0.05441510708386477,-0.19207650881528682,-4.580614544351503,1.2251771569984615,-0.13783583845682995,0.0567964040608015,-0.10318743942700753,0.10663817737094344,0.006008705027674588,-0.017004380083215254
0.2078077587005358,1.4958475939115108,-0.001102642684200128,0.10753817836742752,-4.228735026118477,0.7289323551728786,-0.39899894770540695,0.04486079908531462,-0.09495989518598186,0.12005104765471,0.03407724016961455,-0.0021681148699566055
0.1896047329306633,1.6243731776744343,0.0006418829346725996,0.053527906134596334,-4.0744440192164015,0.7598272915778731,-0.28200876830803734,0.053227038170142515,-0.11152240864387503,0.10389974175663869,0.02036046091014576,-0.013536176877562256
0.2024365165283116,1.9892735224975509,0.023172271908070474,0.21044894044358725,-4.709790970570188,1.1623305571754083,-0.5623937702755868,0.07031124553554152,-0.09268950901932116,0.10626283830819885,0.00436105870317538,-0.014217756173088292
0.16391350680188232,2.2685463917423894,0.060337571140549384,-0.04238593978318009,-5.107572887384153,0.9499956267627537,-0.2649781943111713,0.05446103602200264,-0.08558824183717856,0.09752793821829414,0.01871732694984407,-0.030076712097777958
0.21596042056432052,1.3421353231200681,-0.05037885048226143,-0.10911712904190049,-3.4882360468682685,0.8062934115502358,-0.26310982677189315,0.09164428193518437,-0.09406776276176981,0.10518842472914298,0.01706084667028307,-0.010394841645870068
0.20439163640737604,1.8434861690561066,-0.038532631942786555,0.08231373020160115,-4.035240716262039,1.032362556172266,-0.43959530905972455,0.077238394870011,-0.11192917070523753,0.10453743043108896,0.004756772508358154,-0.018767536827031583
0.14417971032214644,2.4890551971794754,0.1369257881657071,-0.19935781194713306,-5.7671247833640935,2.423527846278776,-0.32415796757248505,0.06732001651698888,-0.09221506538048757,0.1161705377581791,0.016327696535948344,-0.033884683972303486
0.12365475312780957,2.174197414555595,0.10930291908728984,0.39127212168797354,-5.0409327641209085,1.7049821026577388,-0.8298833526980111,0.0681139067602683,-0.10469762059691162,0.1139289484676041,0.007598500822983079,-0.009422380723787205
0.20217711323997772,2.04985230895645,0.01662676811967323,0.3619553769643081,-4.8314396675523135,0.7181060178703215,-0.5386548287726327,0.03685532395647145,-0.09894371517873524,0.08036451942067263,0.012538405650509454,-0.015561469279855578
0.1621624856390856,1.890944812311063,0.03086223566990065,0.603406787450909,-4.374916192766552,-0.2763336327187052,-0.6145093379100534,0.058115313885104936,-0.09385691932073559,0.09444279447953935,0.00993847783837809,-0.027450548789299534
0.11958974894321422,2.3821597796834504,0.11242908788225581,0.258593128762747,-5.252571395166655,0.8850132815558673,-0.5542276638152523,0.046041298417486665,-0.0644578274459815,0.09780462171542037,0.021195175367036412,-0.023445751390885672
0.23227444650030404,1.8395042370614796,-0.02307090315644189,-0.1460223625230789,-4.571731785602763,1.8857380958491743,-0.28913364321077395,0.05506212437759883,-0.07329056219500751,0.10013222320885143,0.01167351594806243,-0.004163381757051332
0.06908152711261775,2.137698576477382,0.13328783088485863,0.39954153842128803,-4.548937309687908,0.7711032101550327,-0.7885962576047018,0.09447487225526885,-0.05857591681614488,0.11709150093223114,0.009080057682704257,-0.030763564068443272
0.0777666265932942,2.117876573973548,0.18205362008625592,0.028332136047450163,-4.9975794207826825,2.7488441765389893,-0.6331331238155811,0.05575285497613591,-0.08786785557318488,0.0861954675041594,0.019189386453463353,-0.02568500175919275
0.19729235751163585,2.043924206779509,0.05470250856249681,0.1369036367274267,-5.0419372903274065,1.285773518041395,-0.3748622563733447,0.029486146430752758,-0.1360915886877232,0.1009435798621619,0.010429958472036316,-0.01862087739547913
0.09434043694728601,2.2184341265909775,0.11629919751368512,0.04222775196579398,-4.991294325198318,1.4724300494611757,-0.36294383926398655,0.05120230396980108,-0.06357307504900034,0.12256669681639731,0.030648083226164746,-0.015595284151649458
0.12414617589596809,2.0145183080386064,0.0260598594647794,0.5509073683185242,-4.124220359883983,-0.8288797172402238,-0.5437046825943772,0.042816562187793505,-0.08133987458234498,0.08604857145794825,0.01596999188112591,-0.005646198126650459
0.2559716739416403,1.810157062796745,-0.04778069796205742,-0.0775721186504171,-4.451864890421312,1.766997073398311,-0.28995090533574897,0.07071048543569342,-0.07869846920789278,0.09691960444017372,0.00551125014780296,-0.022203541200316534
0.19557123907633445,1.8122380047691677,0.06085757170921624,-0.1339604746838199,-4.758646871714676,1.829594188145981,-0.43195885082169816,0.08079082440405116,-0.08763478204662262,0.11779272787768386,0.01105338108720011,-0.01977112175665041
0.14718983300816582,1.879460456338847,0.037913496788325673,-0.01358779024176024,-4.312205129002568,1.046715998009529,-0.3254032272785202,0.05898257222750036,-0.08309303029874421,0.11322144574799431,0.020868723138794953,-0.007620947425176716
0.20022784128117302,1.751166895873626,0.016578229843894232,-0.03166817420955842,-4.431414487433441,1.964481060946295,-0.5050166907229032,0.07784163022482588,-0.07784015666214605,0.11638459826367403,0.013690442090610655,-0.012007761735032041
0.006223565086645981,2.813081001214671,0.2277851853734958,-0.10825258234092117,-5.713491615609546,1.9785935537739385,-0.3860300185271263,0.09133293030215955,-0.11040310179249657,0.12914080105063624,0.0066777060344205275,-0.00779144094157358
0.26168946063999005,1.802001254526912,-0.040226944560367794,0.047560159397809276,-4.737377566876275,1.031746912469303,-0.33749039149129173,0.06761393595721574,-0.09627792998806695,0.10823048750857983,0.024626596789008803,-0.024081715006392113
0.2801491434843501,1.548104583927513,-0.085777859034047,-0.20214450980209459,-4.138188512752756,1.5358758374654757,-0.20310420251861397,0.08645942729060363,-0.06281307934316194,0.11126261865573339,0.029273272969641884,-0.03510477644286231
0.31664892886483664,1.096800785519303,-0.16010115089391885,0.10595915426538143,-3.45370539505954,0.7539329045885584,-0.4483214734164797,0.07227310947302784,-0.07959000018162607,0.11548891501421163,0.029588503634776053,0.015897134687382353
0.2907990270873701,1.3590359105909742,-0.0772480610466596,0.12825693310767317,-3.981582673244581,1.400457089642916,-0.5944209836220102,0.056983488181060915,-0.09127008823203711,0.1101457264713604,0.019719147841147477,-0.026584969257102187
0.15744526564203515,2.1192176800433957,0.08718252427045448,-0.02665452112875355,-4.964417744680536,2.441589223650869,-0.4003489105364576,0.052975371201919946,-0.1066198195403642,0.09270426319420899,0.014268508820529213,-0.0333146290236227
0.1697526700735311,1.8082947750600895,0.017315277915747274,0.1552216714020982,-4.328969796831825,0.5917767759058485,-0.28677448509552195,0.048150917739187615,-0.08379219463534326,0.09066834254304112,0.014277582590260351,0.0016746454055424076
0.150299096972606,2.240428110484035,0.07160978601883672,0.13533018795614984,-4.986213134946193,1.1831807478710832,-0.4674843243732645,0.06468043415576608,-0.10836400524299183,0.10025996826389705,0.002986811348526963,-0.010449546374378005
0.1344164278534113,2.0391053231737204,0.06964592348295118,0.29179792909451535,-4.597252374147335,1.3606315406703415,-0.5388846152729276,0.0514516229905973,-0.09613507808898031,0.07451612564780291,0.02617099200544326,-0.028105206903278113
0.2884035367670006,1.4813431625595284,-0.09102278180889278,0.30766912630487153,-4.0880333515487175,0.8362703132164313,-0.5616089884906856,0.06951212480448428,-0.08115740334933214,0.0987611351742661,0.011855535807857254,-0.014789664869149677
0.10707169480125815,1.8336791527516163,0.13537827846346362,-0.21226578747943564,-4.586078308084113,3.0569493756070583,-0.5057402961081865,0.10210639866227539,-0.08500690899464847,0.12414261109969993,0.012279580097656284,-0.008263984098165977
0.3392134525354897,1.1677838907050075,-0.15043626989587489,-0.33284180430770394,-3.5442880971688315,1.2610452108000285,-0.07409642211467887,0.08589822410221476,-0.0761840765627671,0.12027005459533119,0.0023379622761071084,-0.01751571286565462
0.07982081796943415,1.9750097806584115,0.1373950329199467,-0.0791778915685244,-4.488885001604512,1.79032875062097,-0.3795782873322233,0.07339170446060866,-0.0940861518407532,0.0998629246839351,0.015524268412688502,-0.014021788654884126
0.1775787147265486,1.7322461274503964,0.04418710080132582,-0.13783259442680762,-4.537023638259774,1.9889142052393032,-0.3747635588191435,0.08082194813903595,-0.09133714780650037,0.12094147246384718,0.023224506148059598,-0.007160598235041671
0.13466438931197486,1.8201475178108852,0.04249819268288246,0.4847161373724329,-4.084712168978525,-0.016455894013268395,-0.575143121938542,0.035890157371736786,-0.11623277181384944,0.08045725475282414,0.011199911290837528,8.049462943116037e-05
0.20077032967853947,1.8230090373511474,0.0014217171960912989,0.10059520413348834,-4.334367739402979,1.119877423224574,-0.45557124093985224,0.08767124585579375,-0.07903085023377315,0.11032640484514625,0.008425833496948254,-0.02374658220228021
0.17710572565827398,1.848512789702276,0.05705180112894903,-0.02725956002495017,-4.5599832254195265,2.39386198815958,-0.5503555922511713,0.07795587121377218,-0.07202908261290886,0.11075973730280056,0.010214546745075603,-0.028270579284742414
0.3009721033070345,1.4556420334726192,-0.11232942855119177,0.21791438261228552,-3.991164408875039,1.3186816201254916,-0.6510503519473856,0.08052766684440421,-0.07255870795884958,0.12751705737987226,0.016381763143611672,-0.026452052979109242
0.13061892602586,2.5523662674223524,0.0830833067426402,0.5607717580127913,-5.294436883903013,0.014446354198478284,-0.7356293603575612,0.06613539000205304,-0.07124724481845013,0.11464208322761998,-0.014854866154147217,-0.01553668871480085
0.16129603702077158,1.7753468820640306,0.008782651492428073,0.33404452800995277,-4.051104056874998,-0.39850400847611905,-0.5103581595265827,0.07761349065830403,-0.0601125256997021,0.1169768520200612,0.027850322495583946,-0.034792875097310993
0.25351421996725015,1.8619798326329176,-0.01882796595645042,-0.22893792914532135,-4.822168827562065,1.97258482659002,-0.1313519391131826,0.043206355061441465,-0.10007622168072139,0.10665483150185756,0.020260969606884283,-0.020672888538726508
0.0776410089528419,2.107304264450271,0.10081426395044568,0.6033503369357208,-4.372734163014427,0.24869265079119857,-0.807034000369028,0.03581739843469717,-0.08376129302474522,0.09649462479886994,0.01842834702371221,-0.01711166983238821
0.20045585259247764,2.051944188174949,-0.02059595290832683,0.3266878369793971,-4.571426711037332,0.31787182682964804,-0.43890159184216526,0.05568452751870606,-0.08247412751980776,0.0922703025946795,0.0006056442397607276,-0.00667349445429033
0.08323658608838844,2.214437900060005,0.14528090173731667,0.4925784558768378,-4.897126291330606,0.7859068983170077,-0.6759155256770373,0.061152315143749525,-0.11390398955955261,0.07639413058093975,0.007399198723184508,-0.02366295296321974
0.3573928731500903,1.5282395650527727,-0.13205662638657334,-0.09690269515958322,-4.2768352648523855,2.131501813450855,-0.38810944504388367,0.0757677457827863,-0.08471821224182505,0.10463048569181868,0.004512527232374608,-0.028387448848986696
0.23503586208334973,1.9218438239588096,-0.02109927729587313,-0.019898014226627625,-4.674180896340361,1.3934045933252086,-0.3291453282989727,0.04189933966701059,-0.09369353356437948,0.10658584823633055,0.006359879581770866,0.0032230415903999887
0.22601941737348025,1.9877955918857926,-0.030651774091017492,0.03436471175692088,-4.631855448009599,1.8242774912518862,-0.40547124192223827,0.09072320389111838,-0.07871228836119465,0.11713555232983441,0.01079583416598906,-0.031961689079272326
0.08759835921658594,2.2587263386258427,0.14282561827142848,0.10749521446610627,-4.997745953606442,0.6077602857898552,-0.3147885081260643,0.0608066339246674,-0.10459667950315926,0.08688698905588199,0.008048316620225537,-0.01564320051151713
0.3466607622748649,1.2660487630670536,-0.1584766505533456,0.16371240010934335,-3.784739562329606,0.8700967538109432,-0.40808288783622465,0.07287684678471407,-0.108104155535655,0.08720120517284602,0.0320619277533431,-0.02383709236741388
0.20708633461191853,1.5804136517946856,-0.07012316230651483,0.4947990897042519,-3.457048354536031,-0.23995845109050132,-0.6684567848114827,0.07278907896508091,-0.06621142811420042,0.10192839669940132,-0.0028343184330087423,-0.021159449452428203
0.18245871390665247,1.9363773001304607,-0.027111740933682738,0.3996678043127765,-4.085996371716174,-1.2913674717512285,-0.3596800236165885,0.04642313363745798,-0.08455201071577872,0.08925097463575299,0.024885626723441856,-0.0260670028332034
0.1652886893329124,2.2123357429325257,0.04852652366532362,0.0926495462220958,-4.993572187209905,0.6218646587699904,-0.38448247264029145,0.07489961136655565,-0.09737496469418638,0.11861614529969494,0.0047123768084713635,-0.010928758181407594
0.32370859966441934,2.223248233221894,-0.07401357989444235,-0.010186160437955227,-5.42203303764392,0.9862323867036905,-0.19300920031804217,0.05524429071291481,-0.11917999811302196,0.10792044684867969,-0.006382760192790049,-0.024862566525730156
0.17469687358776329,1.7900023289307427,0.020596826009460112,0.3335660553727809,-4.302270102558812,0.37949912100981653,-0.5529272933251352,0.07237136529635813,-0.08610269100851237,0.0993076869129956,0.020641526846715164,-0.03180280242873068
0.2486501749524118,1.4532950566640566,-0.06674942854086219,0.11181018434487454,-3.835420009276271,0.9906871147684493,-0.43586009406158477,0.05714469009265033,-0.061734640994586754,0.10487882236418616,0.025439983856342496,-0.025959097426114852
0.38478902749335486,0.9847360163620442,-0.24093560646027062,0.09015776055556589,-3.1016445834660047,0.35244921320274714,-0.4443642596604661,0.0828510160522711,-0.0692771873345223,0.12003987904201469,0.015766655071168006,-0.01209340030667147
0.45229327477344505,1.0514288079429797,-0.2990011538986215,0.01686699531870086,-3.3878625792400996,-0.2904302277028138,-0.16224447166146883,0.07940229688974386,-0.04898830472563283,0.1224454751905682,0.01895897455919715,-0.04550820979745984
0.1041679419111906,1.9107886022387301,0.0931492435746053,0.6395553278551458,-4.280266807434129,0.3996916227488688,-0.8719518097301144,0.05769120233330516,-0.09458939938590882,0.0882662056845552,0.01494123364596045,-0.02222021800751739
0.1609455947095841,1.6042710935829239,-0.024434321955830063,0.46720800015343356,-3.573229356966787,-0.9391283598990893,-0.4838459059714531,0.07344077435613733,-0.09126790022588055,0.08904707407641854,0.009240999523225046,-0.006468856865755601
0.11865314880620391,2.1420433499989118,0.10014490393599451,0.3385926576767283,-4.738892082614027,1.138873089199694,-0.6681411286922094,0.05622436529952329,-0.06900983983328329,0.09674448586926904,0.020099681076925058,-0.033839608878786565
0.2757609798669075,1.7546355413686814,-0.06747235354564296,0.17485150609253758,-4.4850733532121465,0.5519371828646813,-0.30400830720360666,0.055060877334061564,-0.10148950188159317,0.08980437014272374,0.020269470670982614,-0.03793556919510466
0.13302433133756172,1.766743980268331,0.07438276127453147,0.40078755836711033,-4.336626596027318,1.2728875749528539,-0.7375279003601369,0.05429157143164781,-0.08566748956051423,0.11515965148169621,0.02248457076769339,-0.010243996560580504
0.2910481018465599,1.4357382907960037,-0.137012123021941,0.32507976023755003,-3.7065246528408613,0.15802165338438692,-0.4737620387748568,0.06259560610488829,-0.07692472947331905,0.10480543729741523,0.013280179803332293,-0.018451463291434933
0.21663741251283608,2.0677632542943423,0.016295377478611872,-0.07692845559868944,-4.821678781459121,1.622904992382521,-0.25722561101953817,0.049461418194537865,-0.10882783358344716,0.10481579657239948,0.01950001045601535,-0.03956476465192649
0.07574911047093133,2.0909082042933154,0.16704269158467966,0.049789691079666715,-4.85855280751954,1.6962508389002362,-0.43347945335828786,0.05120705380240109,-0.10716938465577014,0.10270314057447749,0.011306935097518789,-0.022568116322435272
0.12583624016241132,1.6543461863581272,0.0626598289356256,0.4129124875591108,-3.9480569904737526,-0.20311973549348314,-0.5936269649214614,0.06450407898395646,-0.08277003846468617,0.07826223909886923,0.023394033162636885,-0.017216975578265625
0.22061149073924305,1.8556526923508563,0.017213240309398414,-0.15295015218971852,-4.759408472261234,2.106125323222814,-0.3677678126324403,0.07691292293648244,-0.0930385036874592,0.12291384187597945,0.007802730966294691,-0.026148201702924645
0.1294492715775206,2.1098712013394456,0.0554714235484044,0.40234600344350424,-4.432503535118014,-0.22855942880724237,-0.5638421762602919,0.06044196744657149,-0.08187939146224144,0.11434358857526616,0.008285684113759406,-0.029070804287402274
0.1502523874352678,1.8104541630757323,0.055431146021894695,0.21983401223902233,-4.310703220998891,1.3555648478090558,-0.4956395077278257,0.05097151848170425,-0.08987034231818758,0.07146151792749483,0.028025245224088113,-0.0242336537032114
0.08427995196849111,2.2647935433762676,0.17709373890684743,0.10599348908979764,-5.220829754429075,1.5622840223441534,-0.39731300289395544,0.03472173172108961,-0.13260688424894135,0.08388153390985864,0.010229785984030126,-0.01524850261904187
0.11995285830665527,2.23117249243305,0.09294097858102979,-0.04660565797704147,-4.886962300196486,1.2469492000653382,-0.19131009361930545,0.04004934517096359,-0.09252387585283517,0.0798609217265811,0.016618974873508163,-0.009080703555814584
0.1945436399539939,1.6603803794448042,-0.036424564377638524,0.40813093638373804,-3.8225917493214085,-0.060419570504279374,-0.5285629737403404,0.05249042551058436,-0.08432394368728702,0.09177139222587552,0.02408711806876196,-0.015546230956040796
0.05906479794448507,2.3198831970802067,0.15184370913475131,0.1694557723854265,-4.877592731979913,1.7069900246081087,-0.5780485734057611,0.04793410910948365,-0.07335084197629371,0.09343638802454096,0.002661200396652741,-0.00621097605247678
0.18492686197328648,1.472330718479953,-0.028016496536870217,0.38108571266857194,-3.563517471796262,0.6747773365325419,-0.6361822672802246,0.055269304330391344,-0.10632861503192129,0.0953029620034278,0.009193485040526361,-0.005365715264735393
0.16340266308432047,1.641881103806838,-0.009313580587494985,0.21203645746772942,-3.8269223367668648,0.0022310922127108425,-0.34866873359692635,0.038286479950138896,-0.08818773117478118,0.09026581620549146,0.03545907764217149,0.008794994598557704
0.31107728070174184,1.389102354616621,-0.14236032684524724,0.31300558181663896,-3.792809180203198,0.8365406244481026,-0.6320645481022009,0.07520998413256486,-0.05947230164812867,0.10791246596556789,0.013107669747143946,-0.012108305299282973
0.22746924298525573,1.7307817684204643,-0.02006046091532898,0.058034123382898706,-4.308221597327718,1.1816949452078258,-0.33085335055429943,0.0700315233507075,-0.13999758459371547,0.09561864420661684,-3.4252312884119895e-05,-0.008932128521186744
0.2429072266668517,1.8578970485255308,-0.018647560973863664,0.169251273631024,-4.696579335565454,-0.003542583258926972,-0.24261498614105798,0.04861423764502876,-0.11146119240306396,0.0925467492424934,0.018866305024176522,-0.02264506672847577
0.1481760016958261,1.6621016117927503,0.036219932545087596,0.17775476629902012,-4.048818318161357,0.9118062673366436,-0.4326603067807243,0.04434345129422981,-0.09319216656075296,0.09999039828459941,0.025661201211535478,-0.0033410771893462865
-0.010191090336900459,2.6745042158353467,0.21275842436881565,0.6480441664559338,-5.122137323745154,-0.39625851715005206,-0.6560432412592625,0.036330102454382174,-0.12067618268912078,0.08614226785714141,-0.003151029951411921,-0.019167011149310742
0.17527460652342902,1.7518547936848277,0.012729492445049395,0.7629217876569431,-4.040157195733535,-0.06674603521044489,-0.7670996202674696,0.02269765150816097,-0.11617674564286745,0.055573052417654645,0.015153234992513531,-0.02479181569496791
0.1861254172769415,1.6158109591507839,0.010042824924292537,0.4407850809324379,-4.1726658334014175,0.6831731417637252,-0.6970234089574985,0.047359431177064315,-0.08565608657930818,0.10640250317144953,0.027445947649524516,-0.007735248818884433
0.20728563613499143,1.5786693988277056,-0.03503896923305172,-0.0004715628599486349,-4.017866363046293,0.6844690691082419,-0.2350361084755734,0.07128897096757711,-0.07598985125562369,0.12225476504421662,0.03665135111991824,-0.015998774626943213
0.2436711825263023,1.3144704605175765,-0.10149721175932658,0.25522768720058997,-3.420124130762621,-0.532418859901754,-0.17609655384302747,0.0415250796795297,-0.09547028611281744,0.10632291051041398,0.03728280805644185,-0.02970011616092505
0.08830966058864145,2.6236718379148156,0.12864159595239433,0.15533731417022995,-5.336076791193159,1.1830704576365323,-0.47693759052515705,0.06036606741541484,-0.07717888291156189,0.10359251709656125,0.002317050907849394,-0.020913312897196668
0.26880034615928977,1.819513275618469,-0.06585892880322253,0.04928731882255605,-4.4782783853207695,0.6938171221358796,-0.3446397824144267,0.07571054553606099,-0.09037861899525029,0.11361993590895017,-0.001659232341627015,-0.014483417499676965
0.14524482513723724,1.9600850084255255,0.047762088074821074,0.3415608176152616,-4.375691127700461,1.017140128046759,-0.7157350365948822,0.07109954543658525,-0.07423767066925246,0.10199658540217343,0.008219893106601983,-0.019291301367416303
0.18708598162742304,1.8993747333603233,0.025198430496926383,0.012369682664222198,-4.515007377240035,1.2184089719488684,-0.4054077166323897,0.0854101603435139,-0.0900499278601814,0.12377858688265836,0.005844078763826865,-0.03510215392437732
0.17338111146882482,1.5335831454745312,-0.001648342642766365,0.3520486310209778,-3.8185608112297373,-0.3209803758577792,-0.43698126022916006,0.0477720293549192,-0.07963002988967782,0.10062411802071572,0.01923691029917396,-0.008728470437034785
0.09734142576944652,2.0283239385333136,0.10639067682751335,-0.07811647533979268,-4.623806052935311,1.7957112550142742,-0.3522233567439268,0.0671253697880877,-0.10315065699797116,0.11236658731777144,0.0026485770709168133,0.010296072768211872
0.12449187531251465,1.8932655947482564,0.06647575256206029,0.6301945193726335,-4.127939948596341,-0.45373882222101014,-0.7458888351477605,0.07768722896084362,-0.08790581924986934,0.09232684480492237,0.0022571450239737834,-0.03293285462222362
0.16653728833122333,1.482797203576954,0.028537932617244577,-0.2055940097403376,-3.823810853482516,2.8470219906685696,-0.35221508159307613,0.03367787524232649,-0.0735174302421992,0.08114541241418705,0.04013762878093835,-0.014888005651860936
0.2609654638494681,1.0190543746098433,-0.15663962128057096,0.558832300388076,-2.6744817141945854,-1.321758374748126,-0.6046903662066218,0.07439424716841582,-0.0730882514544767,0.10616563153979588,0.015843755178249486,-0.016356160729795677
0.31424976423856066,1.2248663407978495,-0.11430164363248874,-0.07258299421828698,-3.8027366589082683,1.857734612084805,-0.4168443646404901,0.08918146782898145,-0.09019086084322567,0.11514266242357593,0.019996428178500225,-0.014139116390877726
0.16660950972438396,1.7172355711952825,0.06492177128422971,-0.2431704089230086,-4.473566238855574,2.444743773849956,-0.37976835094802464,0.08294640203685344,-0.0905951530328345,0.13285009143370677,0.012018195664581843,-0.012331511693728703
0.19375768406417862,2.0748979329764694,0.029640673063614065,-0.1221497357719688,-4.826589496545297,1.0286143630148146,-0.21937844137141244,0.06676595506280764,-0.09358294200970863,0.10309993990229796,0.02316589811265335,-0.03372080417127854
0.19241311001399505,1.5351077815025576,-0.013386647626893455,0.2667756382134645,-3.80512355202443,0.05343575089335402,-0.5652510748870259,0.0867490671540489,-0.0853189502245662,0.12528014115181096,0.008468122234031483,-0.020688375631183975
0.10493748316429945,2.34922800502385,0.08109184621997878,0.33446983564166294,-4.740940947476258,0.5545570441077099,-0.5262957176761014,0.049332870266868445,-0.07959329595871811,0.09203218842955257,0.002271145851726386,-0.02445074634908495
0.13837130654209906,1.6682811373656605,0.05328288985532004,0.3980118202921503,-4.033449261315866,0.8436953498149158,-0.6831941798382013,0.053665474575529226,-0.09844791873574432,0.07492683683213758,0.013856617202129495,0.005924988520102925
0.10660674315288264,2.6096036995517586,0.14412747289430672,0.23434706410835476,-5.6306002248899985,1.2505212525376956,-0.5615202216003106,0.05513971654709149,-0.07988990645298188,0.10549779690492778,0.008314495835513691,-0.03133120458110061
0.22213022818761474,1.9025858634700266,0.02919955751181802,0.07560571713088235,-4.964739927873068,1.1011907473134475,-0.2550272221441444,0.030325087566883957,-0.10094006335080258,0.06342282944766961,0.03412877630310707,-0.025127538900187263
0.04295319605202959,2.083507586092846,0.21407786483937907,0.07150708938191039,-4.933066135826693,2.4064742878594076,-0.6029655094386405,0.04561845017973126,-0.1106555114999111,0.10449845068399691,0.01292200728652193,-0.00875439376033016
0.23090420179740875,1.6493967014263602,-0.045856876402943114,-0.06750070917478528,-4.091669145027678,1.9664458556493996,-0.4417493570185731,0.07204279332252847,-0.06682816916322593,0.10142661540667097,0.009740891340781488,-0.0034704007455672037
0.14931521757825347,1.9956781720223002,0.10338758781083102,0.25490865515531347,-4.937105919865624,0.8269863420171997,-0.5446133563485874,0.03440984463890856,-0.09039923041262049,0.09331703498999688,0.03507295589795112,-0.03417355378609799
0.3138585694282827,1.5990418334196996,-0.13065262777513476,0.22952064080500523,-4.0604602312555,0.877108197774801,-0.47145276288911825,0.044357975589550624,-0.08510705310933439,0.10444712820383362,0.011132452931302272,-0.015713939048063286
0.2555450846345152,1.5371145523703635,-0.05226452330600506,0.43888121136702074,-4.105825026664529,-0.20502531188065348,-0.5966355477302278,0.06224304915848122,-0.085551158519443,0.08980540203384503,0.015481711252271935,-0.012736224751629721
0.13487606375313485,2.3436011680674467,0.08912055663745622,0.05113991959946623,-5.087993419197415,1.2369234247875005,-0.40358238336454916,0.06568941705904785,-0.09584533381535204,0.09872946366147847,0.010733708107561246,-0.027447970673529
0.11624668337616284,1.765076822162201,0.11671984501507748,0.20450338140963878,-4.373904419773432,2.6809284490562737,-0.8109771334300115,0.0777284658014927,-0.10033126699135536,0.10925937990783424,0.01552821402730864,-0.017992033213882763
0.28869295807667084,1.5727288909419805,-0.03504236675365102,0.08457637068764338,-4.650011012843735,2.108096320053743,-0.5397484811729941,0.042655717623826805,-0.10632409231823464,0.10190034966586894,0.029293812169258138,-0.018905583435640416
0.29624677115350234,1.6080157024540238,-0.16285215092380445,0.23183339513112888,-3.677094999811123,-0.04515351798447575,-0.37645116435994896,0.06813259992312376,-0.07661134217050672,0.10767016008652211,0.0064315882660674895,-0.006602161889648184
0.1760014872745696,1.916752605380762,0.029712758373996673,0.06186040682982065,-4.604762340786416,1.1447527764330072,-0.3799210713114029,0.0655422854324604,-0.084031728393833,0.09873587107278786,0.017466003468622593,0.005343282193077892
0.3780696601837325,0.858175938466009,-0.2147117417022678,0.26720178348825724,-3.0708616068997046,-0.1171776262551679,-0.4355795782998013,0.06144871091599778,-0.09756461336774909,0.10248882746233298,0.0298085310839957,-0.02850562772293544
0.18332482227218694,1.6757696607264294,0.02373624793116269,0.11621843721091486,-4.29284312190489,1.037355142696014,-0.435060005879673,0.060091147465842654,-0.0767051665598944,0.09438832403985062,0.024094029756247415,-0.017817164128878127
0.023196841543120704,2.5572698028728627,0.1973889912062139,0.500441462117297,-5.217526012406557,0.5296848022281488,-0.6830560829768759,0.05480994666193606,-0.09513522068595687,0.08372785334790367,0.013527986084448163,-0.021568057904299165
0.11430157125917752,1.8882373007390434,0.11828123148496994,0.247160523520636,-4.5856605086292035,1.9954579460831365,-0.7913664515858239,0.05598346236327234,-0.08564106829611168,0.11662337915713866,0.02707596772791332,-0.017363764954406946
0.2611670089342428,1.629170512432745,-0.1403362415809981,0.3003595985971054,-3.6540475073430905,-0.5351675282839367,-0.4507209965064354,0.09663261614208324,-0.04143709215766228,0.11493934454706323,0.006467692982469964,-0.009297497251843256
0.22328270196468175,1.930871498395625,-0.02560085564333603,0.4782033825289065,-4.472319624094193,-0.3576229887127297,-0.4132796878313127,0.010957218086545761,-0.10810950838807099,0.06613880973576544,0.025993223954001943,-0.02079333901693592
0.22625181542280598,1.5943949683875442,-0.09224037134554974,0.5539304328258573,-3.5562892084822533,-0.5286940166421671,-0.53588921638331,0.0478448125388341,-0.07798666088796077,0.08048728937469046,-0.0016865367827350042,-0.009144698478238789
0.3295422443594415,0.8924341243031756,-0.14608036614590658,0.2102513998327738,-3.3697344683445047,0.5946951974249424,-0.27664248661551005,0.03418145718924445,-0.1006005189422303,0.055441638084948855,0.04294637149584893,0.00021440171923894913
0.31105681350472897,1.0641073861730324,-0.16872966174464277,0.537765122344077,-3.171720083916493,-0.5256290632931453,-0.6210469684765748,0.07422160602800626,-0.07338471238091698,0.11344093884884429,0.027308229653991545,-0.03276590973676491
0.15416885811749306,2.1606312595941706,0.0219529785774486,0.18108569248975015,-4.579625206621517,0.1300976790493823,-0.36557912387794733,0.08949736108071804,-0.05881572008580338,0.11573959965199271,0.013164932088140291,-0.023703171359699127
0.13843824346609718,1.7276604606278816,0.042406958530929906,0.1973696228510737,-4.067989780300847,1.033214263033598,-0.4758969143322397,0.05653605914446502,-0.10539353416927227,0.0915243937031017,0.029379344758654058,0.0023332291230889757
0.13091941431921836,2.1324166062702132,0.1213676577078251,-0.10187957744822979,-5.079649824267693,2.7328185630521764,-0.4633665722331045,0.04576135025715505,-0.11935236676919775,0.11325194279812228,0.011417883935218143,-0.0081205056215361
0.28173552375517685,1.1459295230397089,-0.10765114732591985,-0.1785218820529948,-3.5093552194147994,1.2201511799533267,-0.20719182279876958,0.0857808990320936,-0.06779814800222886,0.11265874304015794,0.03306655602616826,-0.017329752528206455
0.3838647230864293,0.8093051353266711,-0.24616443160194074,0.13013292127757217,-2.9699521749813242,0.27105314776397843,-0.2613624876421865,0.056768990291744884,-0.08310356463548595,0.0896561269961204,0.01725448627700915,0.0035407035982071566
0.20637557815335547,1.5845400949425354,0.018260119363620708,-0.26308190688215854,-4.318953931322716,2.3602594729571957,-0.1689120026764952,0.05944239970188678,-0.11815021105843349,0.10032189598732663,0.011400480434530624,0.0010587489182167786
0.26783651483898857,1.6460596823403917,-0.08681813436018482,0.171488076053192,-4.045786530823096,-0.27765043057500205,-0.2751354500550198,0.05919199050248666,-0.10886270530909661,0.10112764783799072,0.0047552667438779395,-0.022936740445482218
0.21240726253902417,1.5913638637193388,-0.008095880232094288,0.23593933873295134,-4.12285217831118,1.3981899856932563,-0.7092413842620058,0.0967525563162368,-0.09118125038944871,0.1144435898886643,0.004330235096990598,-0.010167810855337689
0.2687864360031137,1.453320017679217,-0.045421629409532316,-0.011946384341546087,-4.223304142499065,1.8160878425896363,-0.585243121837951,0.07982339004600691,-0.08696440402886771,0.12281216698526942,0.029160395215984236,-0.01517687272429602
-0.0035881664311567117,3.229487100741036,0.2713681513114474,0.05361298675874049,-6.487771680317022,1.761348196994412,-0.4008951939030919,0.05923946454113438,-0.12508268233491132,0.11394119108474854,-0.004857569387540561,-0.014078368649956596
0.3124264670799728,1.4095851872143195,-0.09704642242768569,0.048392579117113116,-4.054014190700945,1.3027365488735458,-0.37846628347943534,0.07213045213974598,-0.07302337284110108,0.09293583673422254,0.03285605825041793,-0.05504782709636791
0.05820411262455974,2.3238494121289075,0.20290538165884864,0.07748051916091611,-5.250608998505325,1.0774842850460082,-0.39217502215850375,0.05437769917270935,-0.1195293402990929,0.09161419706013885,0.011705786859346978,-0.022225235853358116
0.20171550173021646,1.7560543513918576,-0.014470606298681243,0.227022329973488,-4.237532060818919,0.40962217931335465,-0.5867129522393841,0.06769335528313045,-0.09019783702111839,0.11061797219375374,0.019678710159675372,-0.006053037538934936
0.3864276244436403,0.7666234096835967,-0.2253092338630463,0.04106470579373413,-2.9363708476477335,1.0158368462839018,-0.3347508112388085,0.0952155391294595,-0.08201066511747412,0.1054402640117108,0.026470179207296884,-0.030991491374460667
0.2522663675536158,1.2280758088500308,-0.08917335627012901,0.4680596276034631,-3.3260869645972426,0.6591027081492811,-0.8425764047651491,0.07479874755327015,-0.0878457897537932,0.10675041177125763,0.007116000034055159,-0.010711061369879205
0.17443429416504064,1.500102005087639,0.014302824607512643,0.4808327659756806,-3.855105369975948,0.6902623312182329,-0.7638241370344794,0.054700737146101464,-0.08979600326398945,0.08843941357897711,0.02197011197999621,-0.007194347964209924
0.17031676349648286,1.488194224556855,-0.00874648588987903,0.3552646061667673,-3.6139745624119706,0.6135034326265587,-0.6939341974301327,0.06745936773623065,-0.08800989960125699,0.10242439127968145,0.02417631283667554,-0.00040005986297708684
0.30958799577110707,1.3870791257284183,-0.14142206501925159,0.06101873752129054,-3.786050795754522,1.6277616037555103,-0.43736465314094597,0.07052509191773074,-0.08787749520243113,0.10335074713031461,0.013472391950879237,0.008125248873824431
0.13395413883441024,1.8008976208090104,0.0283645304595197,0.5479989981142291,-4.0032710038402675,0.06296719197462732,-0.6845567319358672,0.0325209393225975,-0.07812733794879584,0.08514933676477862,0.01863755205230211,0.001398175891011877
0.2541780018773761,1.392840256296118,-0.03397728779029885,-0.2793160580809654,-4.029551961011041,2.1810136206967496,-0.2812065294050377,0.0773059758341198,-0.11625121857863063,0.12058076046404931,0.008941453639134178,-0.017155696291287936
0.3806075747822346,1.14738219916083,-0.19403100136294105,-0.34545692584090726,-3.7554926070829593,1.1261524890071732,0.03920813329896215,0.07383542747384092,-0.0628614280478551,0.11162643211831558,0.023060064044240658,-0.022363212056388415
0.3274933630378219,1.5511333634610147,-0.11889324432192461,0.202282795799812,-4.259675954013628,0.6423848687488062,-0.5396994916949159,0.08276506036370457,-0.09144579887026877,0.1133673676888674,0.013482450673593827,-0.023223487994761927
0.19286455544461492,1.9213437271802927,0.014855382623727653,0.20813611054252612,-4.554960128096583,0.9164237648127638,-0.5182646498740147,0.077807942148164,-0.08566222490799441,0.10152783901695878,0.025572200307051207,-0.02648315762091702
0.22976475798758583,2.066919781160738,-0.03296988451884442,0.4506623410180086,-4.5975927548214806,0.15506896054445785,-0.6927235192584194,0.08239620491237665,-0.06484057427710005,0.10623513220431807,-0.008327007611615311,-0.01990213172182198
0.2850842188149146,1.4194382631381726,-0.1295691034335319,0.5908473166767626,-3.7248560016244667,-0.7230257252113423,-0.5544218253478891,0.044050246559271394,-0.09490540882029591,0.10351777695195119,0.028523313193451194,-0.013850404143393225
0.1308051013953154,2.58234427778705,0.10028351245716216,-0.18749339716336694,-5.3819196615245755,1.362295396439714,-0.22951447535435215,0.05508548639651856,-0.09154240205337438,0.11908534096239354,-0.004957072361881365,-0.014202114325119974
0.14576997959233967,1.9388551805137182,0.05965579287632905,0.45469635836004885,-4.532688642122051,0.3554283848871233,-0.6464170287853833,0.05541400957758702,-0.0862806276112586,0.09986100203597748,0.020364186439788656,-0.021558211454788756
0.19551491529158968,1.4076122842685181,0.017894284568246932,-0.0996868726607362,-4.0235353143741435,2.002688320815331,-0.38987696256513316,0.060491711273005205,-0.09653902952884458,0.11110129117033435,0.03315861183996743,-0.010046046195682556
0.18891304116683177,1.66773011733782,0.03598237293432405,0.03053129883645636,-4.396987717616779,2.5947249176662455,-0.5700489465831973,0.07687020729433866,-0.0876817305914232,0.09297305322401705,0.02200285230460508,-0.009746977857283401
0.19442377817244003,1.674731234916563,0.036520549458306406,0.06510877444269339,-4.2953724943716205,1.6212844171770695,-0.5550524795750987,0.0784604570527834,-0.11240954709800688,0.11182441814183677,0.01970438898737914,-0.03702055675321292
0.4398807894871535,1.098368245546508,-0.24972701363570093,0.16572861276593442,-3.756086966558134,0.1467881772974715,-0.3191008258583421,0.04529696769390201,-0.08830313320092753,0.113187801533391,0.03164239764905058,-0.02546978778775194
0.30292589597402614,1.3419904812385648,-0.10663371923193876,0.7189505385974804,-3.8458058983181704,-0.7645886554518989,-0.7540929089343329,0.07202377573860008,-0.10753159674872842,0.0941259878577074,0.02743937486334891,-0.041956168607965694
0.33712816009964097,1.1988949917679335,-0.13046130475442974,-0.009915722522753329,-3.821113660237167,1.7140747285565574,-0.41210225385025345,0.06118245182311072,-0.07793090046336237,0.09980086704211238,0.023281875364201843,-0.022755431515239566
0.19665935052715253,1.691743617301927,-0.008778154062006993,0.06215738043289007,-4.1437427316296,1.059909296359001,-0.3852998898696934,0.07091174549233786,-0.06994404905830115,0.10968147889249694,0.018899171386237867,-0.01533054624959429
0.1558599601365514,2.371185612555135,0.12404257245550432,-0.41830355960109544,-5.475588574153324,3.134935980269731,-0.23785452017634331,0.07266832326166556,-0.10956362708110651,0.11370417830257429,-0.004690403401145904,-0.023598975513969833
0.16349138244845393,1.3982284251118773,0.01766743174154628,0.5624267428604304,-3.6850487008025743,0.41196512005931907,-0.9372300628376737,0.06549873012110125,-0.06981825307758538,0.11151607711999982,0.02201286307546224,-0.012496186754310468
0.06284871880082223,2.2142152591555444,0.1761413460525869,-0.511681003633272,-5.045166420675381,2.8881402119001383,-0.11543162168372714,0.08346084239740814,-0.09393893547478738,0.1271364425814977,0.005821049089660524,-0.0021399143380044228
0.13395325502609803,2.6163993810442063,0.07436223040974266,0.8053709839906169,-5.125355821055321,-1.0441209640382005,-0.7610956604617621,0.037342401131499114,-0.09906143563584224,0.08299467583056425,-0.008524506100160423,-0.034465828044306646
0.08399297165083203,2.663600670017727,0.133269305200445,0.427644382590612,-5.310403039214883,0.29541487492801466,-0.6723405238854547,0.061014962129205985,-0.079854115582355,0.11049021868166092,0.0062251666414601114,-0.04142924191982433
0.2635237137797477,1.6893017845539007,-0.06680184750666274,0.3981416588382356,-4.282658040203329,0.09357827978295148,-0.6043015897227657,0.07244791089884764,-0.09122553690323881,0.11051859350539905,0.013916205103997714,-0.023400953974668237
0.355807693600392,1.3635684034057631,-0.1362414756785525,-0.23049552517556904,-4.236872223350178,2.0767919340052265,-0.2740277990004921,0.06872886053871219,-0.10156724627568856,0.12297517311708989,0.026689983835736397,-0.02168438588432653
0.1080911513919034,1.9624460075061245,0.10421509579963684,0.37409679016600184,-4.61849232543128,1.4740522696148421,-0.6002425797220665,0.004305071393615273,-0.10107806408493086,0.07569303937227995,0.03860785690763768,-0.011138216000928569
0.2325403464271811,1.8777985205853347,-0.014068413414858316,-0.015596724606569426,-4.7256152490605166,0.8578861657014999,-0.2395078821218315,0.036094534998597605,-0.10076649714596292,0.11242018038277468,0.02332776402401815,-0.014348264756122497
0.08127710549018913,2.237472728382912,0.14910351112547193,0.10218362971860825,-4.837176910485705,2.0305382356949226,-0.7044711918363666,0.08367037812053574,-0.09010159307291526,0.10100225695976456,0.0028812586145695596,-0.01253551758949012
0.23932638731017972,1.907289285112533,-0.010813865205701712,0.053722787424254514,-4.621837231625351,1.2376291359649458,-0.48691729983726106,0.08171055983069125,-0.0882308924777298,0.11444699294950389,0.0039593007611037345,-0.036119139512278964
0.19922861426201233,1.3523469965915695,0.014622568466102659,-0.1778289542933692,-3.9234964979925566,2.218174646215611,-0.32059713064841505,0.07755719223579804,-0.10272673140697441,0.10190871360186568,0.03291169992992837,-0.001471358424777136
0.19248238828382244,1.9890602285419647,0.060075101720440616,0.38728844258013495,-4.951952704670359,1.0489216732240567,-0.6554751265838645,0.04082952416871516,-0.11955348684070677,0.08736470937584068,0.020839973532294387,-0.03223923171169507
0.1892376221244953,1.5507724499832252,0.009280530904115403,0.1585672116744214,-4.060891986831761,1.8024183008313204,-0.5889688193060312,0.06175980023820035,-0.0843438442864679,0.09721762048613725,0.03024493103358744,-0.007167746163214916
0.09436820238507203,2.158370487582098,0.10392281335752185,-0.1705067015562496,-4.730784440829089,2.3167477202371916,-0.37712847566765534,0.05795719984361403,-0.0802822517038958,0.10906010549457204,0.02910013051592697,0.008290984803433599
0.14591685878012117,2.117197325985113,0.06835457244196674,0.4069218016715871,-4.667247207575935,0.07797943324203288,-0.5278539537413274,0.032410318989515574,-0.10585172620760991,0.0956983316003584,0.013026299451415313,-0.03882021932203106
0.15566697304374996,2.15594693720503,0.06889783835749519,0.2834659341154492,-4.918570973061461,1.3953831760970052,-0.6184394732664324,0.0642632757461642,-0.08332136580196359,0.09054531071725203,0.02291875954724909,-0.030638941702715528
0.16890317643825054,1.899012826057988,0.043196985632656615,-0.003315571545581042,-4.530196156088484,0.7897703743230973,-0.19035601390234438,0.033026978312562794,-0.11803125821250171,0.07971520016879138,0.015954171175119214,-0.0029991894859290325
0.33913068976496635,1.1975290120741564,-0.19483277709487645,0.44751227854369,-3.2939515872824447,0.5107835742479843,-0.7677105459797727,0.07967046334492295,-0.07942883733424422,0.11144865634688117,-0.0007528822015496761,-0.01055212527391547
0.13299638908937597,1.9520295580506513,0.059978825295225136,0.28503164193813135,-4.3021547679080845,0.19399026659744395,-0.5757867815624258,0.07241008021360668,-0.1051624183894182,0.1269251506021251,-0.005789459177057088,-0.01712203368060461
0.24927806967631916,1.5122191752549698,-0.07452423545682463,0.5584503194726597,-3.8187771793377006,0.5517235930561343,-0.8573640491346773,0.08461107958791356,-0.059144821688575155,0.10855557188848242,0.018575245589391054,-0.025700119162305857
0.26075598907394615,1.5889748671123483,-0.054899979505871,0.26324599364904894,-4.2270027895544535,1.182830245863197,-0.5992547038559758,0.09826423550194097,-0.078117172133088,0.10437744129295587,0.019911633884829194,-0.02974660451058697
0.23228241774358255,1.564546625976458,-0.0208246626917048,0.01705361316569526,-4.271743326227399,1.9047558406806007,-0.33328210778234163,0.028847877606008043,-0.11840014140895572,0.09875096654264606,0.027506134165934115,-0.008694673638215411
0.2324791442846366,1.5011097682562127,-0.05766800049153431,0.21513185052150058,-3.840201103220022,1.1523152927244549,-0.6780420493915827,0.09092330804204773,-0.08340114053324113,0.12358657189425684,0.015710692910601454,-0.010360621043644658
0.2429872248143297,1.726665367907034,-0.05706535084416109,-0.14364172934608865,-4.132900734139492,0.7283348503676137,-0.1801111219223751,0.07575875901884516,-0.07417650753421878,0.11565870761147046,0.006628019550086628,-0.023125474081434616
0.20436576800045866,2.1733300369058965,0.0073261847400269975,-0.004259794726528127,-4.932830817886181,0.4408420478451768,-0.09006557896500628,0.04272023656995144,-0.1158361917186208,0.08969823015395428,0.00907292533295101,-0.013016357485257646
0.08883646890831408,2.287823481504696,0.10296431169246079,0.7672157275341835,-4.712623355106719,-0.8742574411186695,-0.7078568133033595,0.03549546268919962,-0.09341315482087109,0.08029608117342873,0.01700020896061627,-0.021481839719491136
0.3969379198615887,0.9938273296588154,-0.19773990571176392,0.04232854676681376,-3.7693166051877403,1.4336660140575568,-0.39349046853944447,0.08015419128076759,-0.07403964299750229,0.10182489347637502,0.03517780455805758,-0.008052458818796515
0.2521589831436847,1.920628631129806,-0.07895999551209876,0.5495401885735812,-4.351011009938711,-0.6584759057589152,-0.5513950320784136,0.057351115951768894,-0.08659863450166844,0.09913666850533775,0.01687298475647947,-0.041269051645078436
0.1233662142194218,1.8793313364985471,0.05061220588795168,0.5648175331299091,-4.200051618437788,-0.21588902574881058,-0.6272063599096218,0.042259825121278516,-0.10162533781551364,0.08520987488041848,0.015896644721073105,-0.0011880417944933885
0.4029372466236255,0.938439903990997,-0.17698964359153485,0.3171318071871442,-3.733252375638827,1.2707715737123295,-0.6382374403198946,0.041578779846851224,-0.11082594002386478,0.09624121411574826,0.02825742981766588,-0.034516273905343564
0.34114769036324466,1.746881570203395,-0.1297722023747664,-0.01782787866570093,-4.627371134460909,0.6086977361210363,-0.1213496423089647,0.046380776437905,-0.08598365244626141,0.1086826980582633,0.01835740862907209,-0.04169156327676682
0.26668911008666113,1.6413179077643358,-0.09255102177990226,0.0207929770916349,-4.037809511292447,0.22202881821747603,-0.21161113658768163,0.061292959606220276,-0.09451166712389597,0.1089177563832551,0.003079741623531973,-0.009921351325430372
0.23997597566807158,1.5700208160773852,-0.0472873210436755,0.7758684998008682,-3.9459504626748205,-0.3743694743060264,-0.9376819808364414,0.06485326043004025,-0.07609541207802983,0.08795417888367407,0.014335905265736304,-0.03522343198378164
0.09080134190574624,1.957176651717991,0.12868557576654238,0.23885752908974842,-4.445934036749655,1.1692616800852336,-0.5696355070251496,0.04952574212601607,-0.08610867566521813,0.10316817767584505,0.01697138248304042,-0.03366528064751628
0.18561149681648742,2.045127665893115,0.029811043288066275,-0.4517354967988738,-4.855345748744743,1.3699686149947792,0.10019970862294295,0.06643621692699714,-0.09855388991907676,0.12537802151496727,0.017129296132533334,-0.00861137957437541
0.31144329575493845,1.1707587376871307,-0.14682951191727178,0.5256908121010435,-3.2301256149692277,-0.8231493997469168,-0.6739163494182019,0.08668568711869853,-0.10709459437003802,0.10735161185930628,0.008436832425117946,-0.03869689700006418
0.21699893470415915,1.788886170325199,-0.028499840422669953,-0.14789767533849452,-4.308014782766312,1.7636376197223682,-0.36601574847756047,0.10276402682273672,-0.0519067846879846,0.13226899735515996,-0.002607892445656401,-0.017324440961267285
0.05175215891095678,2.5855350600871474,0.21629747255607823,0.32296649000056543,-5.55520667680566,1.8097413868574783,-0.71228147730074,0.048559317872940044,-0.13076637341822428,0.10145981052100406,-0.01019056087507575,-0.014936572541960569
0.037349088929152556,3.083276787949135,0.23542735813704563,-0.07543077883661398,-6.280591898913998,2.469556835924684,-0.5104522609552509,0.07555473310057848,-0.055113502765828326,0.11737044564679355,0.0012964221850044755,-0.026785953809003615
0.04294492192387284,2.9808586166195967,0.2490123373034132,-0.00841289832306788,-6.303671243820139,2.529377879485266,-0.4391709328304597,0.036461268412520176,-0.13174260445435904,0.0918027533443716,-0.004483853137627447,-0.011099291381457599
0.4274229321079479,0.9554685712208595,-0.272038009954323,-0.16879938199257036,-3.319012079420774,1.682582083887743,-0.28251527811836874,0.09256887305390576,-0.06820852342279092,0.1203599856903442,0.02437190597060518,-0.019859701372192978
0.1772463872834686,1.5477660740327992,-0.006237712778779936,0.42322346671405287,-3.715485808705727,0.2751810441236611,-0.6434926615860095,0.0796330978435287,-0.07328503314744789,0.10075112963254237,0.019410279002568198,-0.03700096287231036
0.19074840610320176,1.8373824803567593,0.005651336632221282,-0.06309744384541902,-4.374499916851348,0.5906409383070771,-0.22210280492642817,0.08732897425572339,-0.07887573497520961,0.1175102717851714,0.028943896471359976,-0.02822051659006586
0.36334296122048465,1.1662008612293961,-0.17987415916108973,0.7137926763262623,-3.577695332203232,-0.3281891561066352,-0.8164877253604567,0.059444788890453654,-0.09039524697025403,0.08406564071615462,0.012330008133662085,-0.02183365583172625
0.3142012079322817,0.9728554246060663,-0.1878656524836259,0.12106897598987423,-2.887926942092832,0.4983825173532532,-0.4167735557933688,0.0971878054342919,-0.06836966158026586,0.10546553528890756,0.026693490833927497,-0.010914941256192412
0.20453136755427945,1.8625635590491796,0.03647517002267564,0.30001063810139444,-4.832763148964282,0.7302095659483105,-0.4572271637332246,0.01971963960527101,-0.11618956627968774,0.08417413769888688,0.039579048436671926,-0.03136297644193342
0.1549920623506363,2.21986990298084,0.120387675766217,0.4208123460031219,-5.347495392078453,2.091282662834602,-0.8440515436112745,0.04304295073509862,-0.14663254204327714,0.091680697980136,-0.002606078982385851,-0.006752506872589437
0.4487338524218091,0.7039645168632289,-0.2930480718481731,0.08766511292671472,-3.052525432329743,0.56098857453419,-0.3005152047674906,0.08325809370503956,-0.08754701502572224,0.10207440876348055,0.011478839480920391,-0.005398806593584687
0.3364478499351335,1.1024847856983997,-0.12923325409177056,-0.2113718579483657,-3.598429454171271,1.8438495084254902,-0.13276074784493952,0.04795337322505417,-0.11978934189677362,0.09114317559477474,0.022950627279535257,-0.034274842577287745
0.1664579491321891,1.881419042028839,0.027109458844466694,0.2809531903241165,-4.405691394272208,1.8522468647926764,-0.739519118215598,0.062480507441407596,-0.07236029868284771,0.10357916472679718,0.017860476225408983,0.003391186206510688
0.26927542692994877,1.6268685451005989,-0.09783883419515949,0.04749600593058964,-4.136977081435818,1.3094503471961494,-0.3599002134267722,0.05322811888227008,-0.09185308700207262,0.10782199728873279,0.025645117250585936,0.006682539471409066
0.3659591365884696,1.2041412671837377,-0.23366971049653507,0.3104646368110226,-3.26213910324668,-0.8282712842083929,-0.3644334849376422,0.05959538858699942,-0.0629419648552779,0.11063858103930115,0.010051284667432936,-0.015230286572757268
0.16840173999882277,2.0883051793927763,0.05167184303272676,0.12462139895439958,-4.7559585267388975,1.519622195072353,-0.5464865846107834,0.07508154567653347,-0.11138102178015385,0.11057170800561739,6.559762460434104e-05,-0.01767119393172456
0.20929987043788542,1.6717713164434236,-0.0064397018459294575,-0.13268618475830288,-4.312586219314928,0.91560780472356,-0.1598024414326256,0.07134152130909618,-0.09962593876101733,0.11010776205286765,0.02808009627095054,-0.015871890279272716
0.11962247612221431,2.0577929052833888,0.06970507325827513,0.15663980015554582,-4.346465967426174,1.6232312348470537,-0.6788188341992527,0.08417460030121926,-0.07955342893079798,0.11454711101132614,-0.00135598116865987,-0.017313779243792515
0.09579727150391344,2.2405885303090587,0.1213841073053854,-0.09354415990802128,-4.879298582373931,0.8854174015557907,-0.19409287177525467,0.05299000772537332,-0.09373639007824691,0.11203497771071197,0.01183076660014415,-0.020080393788157402
0.3561041172993327,0.7763617908240166,-0.18410010186262799,0.2552659922670586,-3.122511213705405,0.6938570158593252,-0.5498181095655793,0.07149852866435591,-0.07078731496232184,0.10817843732254151,0.039382003442445995,-0.024318783497503743
0.20792344849377126,1.7013175437142571,-0.021296657104557304,-0.056413764117172444,-4.219420453498689,1.1370578290775735,-0.3611169186547173,0.0999005522128919,-0.06441777170860019,0.12019538359583115,0.016201173612895636,-0.0196542586707229
0.17009677355538272,1.8048640583034354,0.03678780338032461,0.44242490783156213,-4.354318187494608,-0.0691512315051937,-0.5335894851108687,0.02912547586707917,-0.12091662783649476,0.06536779490183042,0.028054482700486716,-0.01402391203385489
0.25918378231779693,1.611274032771167,-0.06611313062211188,0.3469580818042992,-4.122234942244145,0.2626500191416537,-0.39041225702123206,0.04628530731388347,-0.10842750125366785,0.08068703831992849,0.012125938284680893,-0.022332183398420358
0.2145310615747406,2.1510046540481813,-0.017175324219138144,0.17054270084259243,-4.774330115163834,0.09138185166219703,-0.24367252019704905,0.05461981240520036,-0.09778579830875778,0.08832149856493948,0.00820436559030735,-0.023016589074856153
0.1806434806857362,2.1632321791899836,0.027699341785788922,0.0762497826646486,-4.90719514837588,0.952634337100557,-0.3954205188677655,0.06926620294647051,-0.05970132378840387,0.11488023132172406,0.01716711257509318,-0.015869178289392716
0.34419706861942534,1.3045323376717675,-0.1443348694890113,0.022497675209179474,-3.9808602529728,1.2036400510331724,-0.40868693036337983,0.08070773871428107,-0.07796531800812839,0.11710892805373764,0.01888523601492198,-0.016333520484551778
0.24917280021096463,1.968017380794799,-0.008165546172576033,-0.027200264853279837,-4.95099334457592,1.7734223695981421,-0.4465482367234178,0.06296845229298675,-0.08511850404125298,0.11465431822223032,0.0011166396287163316,-0.012759913464757466
0.4193694557694053,1.10735757262007,-0.18462098532777976,-0.07528337715688704,-3.988417232195059,2.482069941495764,-0.3747676644060598,0.05009694758881035,-0.12470370676713333,0.10191346840616146,0.019277463683073703,-0.032536515604051186
0.16803720477236037,1.8687956985986993,0.09212188497302976,-0.45197367658445514,-4.804047527977547,2.9366619691215594,-0.17300622739896815,0.05392122721778653,-0.10188182071226765,0.10915410478907106,0.029560210249013563,-0.024367633898189633
0.1453057168908408,2.1457344414944775,0.050237579894347295,0.29411062378602715,-4.689737596283107,-0.02147525787671806,-0.366954049940375,0.02767374128876038,-0.08195038054590476,0.09270864690917924,0.03463068504231814,-0.03903304410154573
0.263757979846619,1.8975123785847898,-0.05682768546211481,0.5180174340266641,-4.494479890024632,0.6125917723669173,-0.757639577128953,0.05528513901121779,-0.10300642280167727,0.10722971415570487,-0.00801734634536877,-0.030488447349451553
0.2501780093838667,1.2925915480004495,-0.0882793862489013,-0.0465184975472354,-3.555843778424918,0.46820866798887684,-0.14024295180160395,0.07114271693852417,-0.08905902336916616,0.10374986625626267,0.027297688835232925,-0.006572295985165066
0.13739943560458195,1.7726842053680405,0.027973213799519447,0.7953148130938328,-3.8819641708338546,-0.8804633343917541,-0.8340620609609463,0.03915251873369818,-0.0783140452492867,0.09241182679779647,0.024997283168210593,-0.030098364197363225
0.14177333532770117,1.8264312443552009,0.054853943198877486,0.6168985626326445,-4.280115839071896,-0.660337913898664,-0.6305449252827969,0.03830431618349889,-0.09971927147988857,0.09510179291317439,0.028587670829801404,-0.03078575472194922
0.2515656815416734,1.6316685882874018,-0.0726077528920599,0.24278407628717283,-4.085373033102958,0.8844312586862498,-0.4682099033153791,0.05203105774072003,-0.0772197145550273,0.0906655106300169,0.014173032192839274,-0.005616867568339234
0.21502751818331914,1.9513695390515422,-0.046765300324362435,0.1654825188590636,-4.3171339779828575,0.21097345024242142,-0.366618854784469,0.07019388241610047,-0.0905561459039673,0.09689217910557613,-0.006656645721912491,0.004032371205618723
0.4246208139272215,0.9217459992274961,-0.2354500075522848,-0.05539278114316681,-3.537466218556683,1.1823710086281267,-0.35581345567266076,0.08441300334771004,-0.05767345428056553,0.12798768483729425,0.02020361722494937,-0.022849480878922024
0.25830465222995297,1.5318321744652275,-0.0632090860393053,0.38919504314635756,-4.0861327436169885,0.28078121453621885,-0.6618024137489363,0.09410178940847996,-0.06430882646054897,0.1192673465137511,0.017625692345888178,-0.02839295760041416
0.19763090640385844,1.3898329889983132,-0.03417242557601874,-0.13820451629173125,-3.6118295025682654,1.3208188289140927,-0.43149464106928886,0.12182629889744828,-0.042873219755627134,0.13839747714426998,0.022187083576745537,-0.015147791875481764
0.203742486985733,1.7311841014747964,0.06574201044977446,-0.027861687296326487,-4.856995002692108,2.761850564549149,-0.4661704376696457,0.03259463867548107,-0.10093784829533164,0.08738193144426792,0.031577441538163886,-0.029399984772795262
0.2940599781338822,1.6323193588992377,-0.12999045562600386,-0.02072584690932286,-3.943484966080176,0.6429575106463232,-0.23732514444971575,0.061283091507875226,-0.08859450601647711,0.10356483115659565,0.017064033217522423,-0.01612503091698858
0.19658992468547734,1.7193612137085268,-0.014442823446311426,0.22864838458159692,-4.081730162819277,1.2272386689663326,-0.5763241350123395,0.05964252518060764,-0.07917124511869106,0.1043134586660309,0.016745613034220175,-0.01554035412059629
0.3519703722733012,1.1835433938179356,-0.11787959299140116,-0.0098345104771006,-3.9359210812817027,1.7381067515922521,-0.4077326831175097,0.04515301523078431,-0.12269335647353588,0.0975453951830515,0.023968005706199946,-0.03117031665534198
0.32502639551015683,0.9849688610557112,-0.15169295886254935,0.4112988588016232,-3.205430781923879,-0.07315827914395358,-0.5168947826656531,0.05979513347154444,-0.10093432875555322,0.07825281298172634,0.022479925588248295,-0.02542712993588231
0.19021444971081813,1.8633029736082476,-0.00881604019436355,0.7557370727447529,-4.381921761774199,-0.5352425148782034,-0.7104753762967025,0.025123805626505652,-0.08783421881674597,0.08742763870387638,0.026023748356346577,-0.01036527900665074
0.190777954796148,1.7712485785444987,-0.016974567217679093,0.2701785671714072,-4.107120248791952,-0.20523685180989812,-0.3492796964157119,0.0387385529552593,-0.07208283192649068,0.08454601631878764,0.02606558087752564,-0.02417646517163774
0.2786211652489391,1.8678835038629007,-0.0901627231174792,0.06838082629391301,-4.330367082201951,0.31801071874611303,-0.24266350094593903,0.049676997952587426,-0.08423092794689296,0.08172363135928223,0.01215620193737732,-0.014709834027685553
0.1904843347710433,1.5918564400087651,1.407127213925996e-05,0.08687842258376517,-4.029045694869625,1.249062178015829,-0.43898537959914147,0.04818411335880657,-0.07176371661721087,0.09662615615822628,0.027608087304807905,-0.008044227160783235
0.3740604506085166,0.8631401199855306,-0.18275670305603392,0.17576645044122585,-3.23089774235045,0.9857276080081434,-0.44582464248790615,0.05235430536654538,-0.12267697575446868,0.09233582123464257,0.011041745069823417,-0.019232148014451833
0.11697839200289878,1.7897321958440524,0.08558121176894096,0.41776944752482403,-4.287695339200344,0.3121137705682983,-0.571265376179085,0.043706420679467894,-0.10098903173691143,0.07879703469979357,0.02640695522169323,-0.009585315709261688
0.1557205758672288,2.1907882019101486,0.07923329955747205,-0.2034911290318509,-5.04562730103368,1.5280477444246239,-0.13900963082147652,0.04956630364152759,-0.08761291966137796,0.10084406045545624,0.009841185462373447,-0.01810378347061159
0.34271174910472524,1.2343419273595468,-0.08496707348028065,-0.028705169633337566,-4.289410855430356,2.4095619658299325,-0.5098792335477885,0.046049035194292987,-0.10180309841814345,0.08777330720434268,0.02444503993925451,-0.007617323980000312
0.3763221605469974,1.2113165235127923,-0.19534594959361873,-0.26983450532714615,-3.721829947121498,1.134469184126089,-0.1544300349161582,0.09740541109095235,-0.05860816285646123,0.12168479905141871,0.018484118919740222,-0.02826473999433099
0.1224339630370915,2.46738823594576,0.07638632960014347,0.406413949779976,-5.048236735491326,-0.08703870302826983,-0.5633344616891116,0.06127566253124861,-0.09388234121670319,0.10395580004399985,-0.00021705245097858317,-0.01925885806994654
0.4601734415241744,1.1182102961981413,-0.25762016086171136,-0.431361942129245,-3.8846496253710643,2.5085644835314946,-0.08668853073529187,0.07444814083160099,-0.08564798101206283,0.11732024836859703,0.008432531063097826,-0.008791939300802187
0.06788602469926452,2.16351873613602,0.16056165691344404,-0.22874093922320538,-4.869050613599706,1.8264351851772498,-0.31151534046842355,0.06978900310960273,-0.09792986791783237,0.11808098850910548,0.023011283900149837,0.010304005860701348
0.24052959567374754,1.5161423277115893,-0.06440645454437433,0.06563940624586298,-3.769430434120519,0.5917947729076076,-0.36792005927675203,0.07783987565098083,-0.06857741738362699,0.09138109378210185,0.020430711243717592,-0.02298425087442435
0.21305346426064967,1.0512741300705781,-0.016382045631059605,0.17385525709718985,-3.4168871628697035,2.0582883676919748,-0.6627421188195284,0.07842058348900376,-0.08137309815940497,0.09104361233829802,0.039532798394750546,-0.014075158569256008
0.09848898800720618,2.1929605940911765,0.13370521752163333,0.20012432967815807,-5.0003354218927125,0.8199812151460786,-0.39834525146259314,0.05890254180066312,-0.10465664482137338,0.0875218888500228,0.02114024543928439,-0.02382228744512349
0.22414630333952723,1.717109018779494,-0.08036308363882394,0.2927611836791165,-3.8559507954852257,-0.6491736688618974,-0.3066529255218282,0.07268581041293429,-0.05630689067228328,0.08897417502029736,0.009653546732253271,-0.011698601252492224
0.1567756342432445,1.7772935817173308,0.04053837630835089,0.2860218743913927,-4.193908403137632,0.9915086439097961,-0.5996096720365196,0.06666823404569716,-0.0818063350140481,0.11394779913861369,0.014710168027645798,-0.026443674659524796
0.34301557958625883,1.0270650966181407,-0.15588786786700032,-0.1382757935172257,-3.504406261047888,1.4585101388879946,-0.3085246448128535,0.1086954405351697,-0.07649387298880236,0.10615831697267236,0.03236214383384195,-0.021750683449097585
0.1981923322206282,1.7546116958878357,0.010263955160874083,0.20893587994264934,-4.358323116295694,0.9791570861749936,-0.3923704529178166,0.048517103500148095,-0.12018238060672609,0.09079912512448218,0.001183429495440813,-0.004266987743918538
0.00789583873496603,2.282511228913602,0.23430873825396614,0.4244959879875947,-4.943868641588237,1.14240269984751,-0.7618527756507472,0.056969609782641706,-0.11300431477989042,0.09556019801498922,0.0033911941616668884,-0.009760964188609278
0.32881330319463753,1.4737757180520175,-0.12668881400079968,0.06215131569266713,-4.104710875976766,0.6902284576130402,-0.2824395202015792,0.052908045952538424,-0.09278847254747813,0.09120834483999957,0.024744942343523924,-0.02310048624953792
0.3131822098160115,1.5448877197112005,-0.10539821591732845,0.09518981718029922,-4.173550694494122,0.44723939679566577,-0.35049267828130065,0.06232720623605026,-0.09469126878707246,0.09796077931299951,0.021493986045673596,-0.03325538893958052
0.11741771826981444,2.1192809235692116,0.10660728698371136,-0.16806192466162673,-4.941265865863514,2.208916704838384,-0.33711490938440397,0.06906142973700219,-0.059555202842208776,0.11545839606545735,0.02270444271066452,-0.009260927201854674
0.29471393033595855,1.4731566019653284,-0.10790592926457909,0.19388261453290068,-4.194200663475818,0.6873974095293636,-0.38712831768583955,0.05988048218494574,-0.10033690529905592,0.11782516630905795,0.026444122585436824,-0.003672759008709614
0.003580095709818125,2.2287139463759247,0.21605369754476667,0.013048474271105004,-4.799684571494036,1.4013079843091367,-0.3787015248905923,0.06393047572043659,-0.09300336000638598,0.0975913376618861,0.015067423358418708,-0.005593767577781739
0.17759509771485102,1.6885645842824342,0.04096357961186281,-0.023309176087128736,-4.548350523278556,2.0650616062427343,-0.4115463134177556,0.06728377557518461,-0.09347527171364284,0.11418783523811538,0.028073318215555476,0.0017278407517216099
0.27606176942687494,1.599928071952046,-0.078448819386995,0.25348435408025216,-4.171051993378859,0.6011848598566607,-0.5419157054507034,0.06773639694393738,-0.08230994401411806,0.10294376179098894,0.019277067908364587,-0.025639607561448063
0.1802819265679818,1.910644350589554,0.01924389380876601,-0.2580362238918864,-4.403601071587622,1.5372738695290056,-0.23525666987038032,0.10218545766681161,-0.08004462981192995,0.12427623072915528,0.011286454051623318,-0.024044291218637714
0.3169209161176762,1.19218308079297,-0.15389758135001008,0.3459911187139375,-3.4193151156390234,0.704327760956537,-0.516121931576314,0.05827322513706107,-0.07025404799560872,0.07599534175917264,0.027192984919588326,-0.02915059053315322
0.16159247131378018,2.0888059449696126,0.10283038063142724,0.07668583804252484,-5.135143357496558,2.262131890045157,-0.48264518156578584,0.03004425689169221,-0.13655240120126955,0.08046440809214628,0.007167494382391393,-0.01741621148796313
0.11204839479786284,2.214291616178177,0.13457198729883735,0.5629984252351697,-5.238484613805399,0.8420496157358819,-0.77777608114944,0.03440874116763509,-0.12052936710943268,0.08658784578304851,0.020652477260614366,-0.003640570566937007
0.08386976828466837,2.409857149035779,0.14282542173296275,0.29847521965772317,-5.067869965565946,0.7244613524443937,-0.5382441580876645,0.039202536484673034,-0.10380080522005064,0.09117858429983244,0.006176098347236425,-0.023512558860543042
0.2469162805501586,1.9856230359849003,-0.04147326801854079,0.06158012787859424,-4.750966972687749,0.9173407804338853,-0.299327865841059,0.055136161050791554,-0.07494741177808767,0.11381660427718493,0.011961625259333641,-0.018832845146049437
0.21804522910289215,1.5902903839218805,0.02363907855926617,-0.11199951981831899,-4.482439831699352,2.5953574018934717,-0.4633480150185061,0.07182469974171957,-0.0989880406430817,0.09869130497024145,0.02042763315503171,-0.005938283024562785
0.15177102658939234,2.014832076638941,0.07113227589171744,-0.1886114811314969,-4.637291081634951,1.915408324482913,-0.3761691586291669,0.07586609113851861,-0.1031955378271322,0.11286724184548813,0.003095825140909003,-0.01477258389724978
0.3537586208895773,1.3390847146390894,-0.2139549271281156,0.48319822573539595,-3.534940059608981,-0.33511275465447127,-0.5672459610655133,0.0716570741016122,-0.08641841919948706,0.09890484777770447,0.01420187197983308,-0.013032637093679633
0.12308293913167888,2.1800118358665648,0.08111070749733873,0.41920623520935035,-4.697733027948043,0.8513239460883797,-0.7042620610723422,0.047886569401496215,-0.09330123006720059,0.10281296000577261,-0.011629261030153049,-0.00776696233551033
0.20467945070014024,1.6143111898393872,0.014815825500444801,-0.17417396652303813,-4.240628708850507,1.7804930190720085,-0.32578713555950195,0.07810994775837121,-0.08740273275367352,0.10965326477327941,0.015939234021903337,-0.0155533889144287
0.1382263517128213,1.5793899059440155,0.05819239900661588,0.36845537704712494,-4.0232577394983124,0.7401760208203632,-0.6764763818949222,0.06437052884254676,-0.08265546601905427,0.09551842936600213,0.021478833224089278,-0.007329094359170618
0.4611312085260181,0.8484408469500077,-0.27349356097764266,0.17179076316757091,-3.506144966442016,0.5697624853989866,-0.42795798684125613,0.0659498856781918,-0.09156030145491312,0.10562151529332953,0.027744537510625444,-0.01101141938284228
0.24585900539084415,1.383085505191152,-0.09012337608952148,0.24418427359276754,-3.56681948351385,-0.1501438515276079,-0.32461850065530834,0.029417478171372136,-0.09854284580338069,0.09846944191375237,0.032068043127231216,-0.016871675293011035
0.25187838400081025,1.541090729765231,-0.08909348482287693,0.6613319844766322,-3.830248632851793,-0.1952123062715626,-0.7635723345271133,0.041316061458104625,-0.08899087799454769,0.08818749720471727,0.025604860813234098,-0.006489294833045667
0.18411888170726595,1.8709453376522052,0.05741294531542773,-0.21504049699671957,-4.7246986772389565,3.049546206566777,-0.46224661234871695,0.07344474525047312,-0.07868493441332924,0.1257362839765202,0.010073128052107916,-0.016424820273907792
0.07930185115219453,2.2684476018533837,0.11388289297688714,0.21777557531708186,-4.573371640875616,1.1620716909003324,-0.6151568194600172,0.07785697958179516,-0.09665674449390677,0.10794301935619077,-0.013557124643332696,-0.019347481776703424
0.25873164773006146,1.537636086206321,-0.03406078410052915,-0.20494852354986742,-4.329619009343261,1.7141383816559683,-0.26891215141445246,0.08116496358861869,-0.09329542582475708,0.10081337205725999,0.027834579195036624,-0.01685099777342669
0.17280736628299193,2.150190382267091,0.08767032914749695,0.08121536816861805,-5.212716590614974,1.9670879608942062,-0.4803824565470392,0.05732996076471231,-0.12562757926474405,0.09794915794481912,0.00930127984614404,-0.025737799431163055
0.24755715317032767,1.432454311336752,-0.053199763054182614,0.16587917151969628,-3.927272016956908,1.304051846331935,-0.4970554305671852,0.055547107425120645,-0.07685121411031554,0.09664920587504094,0.021510986993336867,-0.014123675064255936
0.04931793789461815,2.559868739682248,0.2014238667831192,0.48120365086634626,-5.556845213573751,1.1846373503699286,-0.8489867567726697,0.05194265262433462,-0.08953564098030597,0.10429367216287011,0.01956812606738456,-0.0246440887067908
0.19501195102353258,1.8615177118568242,0.027665274897266556,0.1585717836251549,-4.60368873736058,1.2121428140030077,-0.545663113738055,0.06563770615270648,-0.10046182177221902,0.1124051248434455,0.010991339931516353,-0.012528699945973387
0.21790252919252906,1.5947111290933258,-0.0214368814546968,-0.01600925939469458,-4.077992763823567,1.4118917463719416,-0.4553278083012194,0.08415401631324729,-0.0821398630115234,0.11278169725274728,0.022769510950164218,-0.024847320385728566
0.30157361416295275,1.1479602552509525,-0.14740623270463027,0.3002382770368703,-3.2744924385017655,0.17191644321137048,-0.6029975904988321,0.08510252935129228,-0.07406691415116659,0.11369506139695432,0.010166913419510593,-0.008451665638429917
0.279343453304301,1.5856202256282126,-0.07394481091191563,-0.07517562394024072,-4.235310921468858,2.1212227668188413,-0.4591189761909228,0.08393011073135645,-0.06670368016476863,0.11834949962384245,0.011509525940755494,-0.018264059114552422
0.37919364886362494,1.3148837263877573,-0.1804091714088899,0.2427305040674444,-3.8999117790138484,0.5012354790246414,-0.48811223230286166,0.05737419667235538,-0.08793102642489412,0.10980101539545128,0.013596516761711641,-0.0335285880567866
0.3247641571180405,1.7559377004742096,-0.09133688335083645,-0.058526157007858584,-4.771650255989572,1.2680013544796904,-0.22073918890367467,0.06377402954380668,-0.11506189682744719,0.10436480523036518,0.014040661957232525,-0.027042794259586556
0.2576984080713925,1.5274036925313346,-0.08942670167688616,0.46773038874316175,-3.9083882629758113,0.23893018567961566,-0.7359743749807373,0.08553659805244501,-0.08615477475539784,0.11600736327782168,0.014027589969216547,-0.01574114048357067
0.2703083033203947,1.2178640232373346,-0.11096481908658407,0.08578616823051939,-3.332769502842802,1.2838175930865736,-0.4901598248018634,0.07950579050163863,-0.05297932466214472,0.11459148886527973,0.022125695460303352,-0.02688043032236842
0.33175727866976684,1.7851524768395761,-0.061139300712720335,-0.10107857205097212,-5.105342258451759,2.373997730924128,-0.3967773894277213,0.05983385315627354,-0.10208440867135599,0.11469915680293113,0.014141978560360258,-0.030465881272125794
0.03521812418209708,2.497891265051471,0.18614729281233688,-0.052667804264543094,-5.3210639081365,0.8605753470324413,-0.1631074996049486,0.04295830811727602,-0.08757506366181439,0.09314155389805678,0.025309420588230047,-0.009470834066523715
0.27360896533383117,1.5087018819590825,-0.11167496310459935,-0.03563003489785466,-3.7818116525877685,0.36951515046811434,-0.12628989118232514,0.059347589670981415,-0.06596849338113664,0.08436999045894092,0.030557821075556046,-0.02181182384119673
0.21315817344941432,1.913953332842757,0.0003089192569807331,-0.09605496284952927,-4.549563760885283,1.6828313308392013,-0.3211979918888577,0.07333136947269042,-0.10881114477566833,0.11037946341263044,-0.002333324055280084,-0.012497512442289915
0.05468571847943934,2.2599843986445873,0.17810117793763647,0.44709198469493244,-4.940534683545417,0.4116608955080846,-0.7072286727089997,0.06283289827145155,-0.12222916197651928,0.09934332374109589,0.0002068898401857977,-0.0032756357196630503
0.14166852547642997,1.9335621750921785,0.13072280435199157,-0.09344499747872426,-5.073014561779839,2.743819466756156,-0.5343437730516456,0.09102866349138944,-0.10675195356252187,0.1118429980684002,0.03025343368400557,-0.02409159491340651
0.3092019592968923,1.6472277470815593,-0.11242347773311767,-0.10431981273519533,-4.33435807264372,0.9687416323349695,-0.15262742946947838,0.06796460780661737,-0.08321339127190505,0.09409903332880634,0.008776293726142637,-0.013664734672551027
0.11914525439171597,2.336633237132023,0.14563928108400193,0.0423020580871426,-5.299980960600445,1.5672440711332574,-0.4708268991753425,0.03032291631735895,-0.11316099836013543,0.09783553774536086,0.01707333982794801,-0.02834047732009204
0.10443454117938897,1.8976682397454174,0.1338832431741549,-0.18340327837247256,-4.731865874678251,2.601488042330743,-0.41320902380981683,0.07748616056303884,-0.08613377752402779,0.10337469140406635,0.01839864366911026,0.0035094214535650314
0.2092162458075179,1.9441022938415409,-0.05725593486148406,0.4368103315057601,-4.163573185174658,-0.639359622478028,-0.5164594858719329,0.08159905997233569,-0.06697089439700366,0.10235762849258268,-0.0026803131262580493,-0.010915823260348123
0.28144677236511495,1.4004644558726203,-0.08340556347833494,0.02371514072267504,-3.9215107181341904,0.8277218104664722,-0.2975729609153298,0.06850882033117855,-0.11285498844904046,0.10294850581397125,0.013462619532799591,-0.016988654522240465
0.21720484197535384,1.38961507814935,-0.0698301647657178,0.7858834948343564,-3.4220272130399234,-0.5979396296316758,-0.8482101731300533,0.05770433395020119,-0.07980379994267617,0.07983946938434755,0.018506824063149963,-0.014736619425831987
0.22403869705601165,1.6890270378828895,-0.05536065666626033,0.04983811569713023,-4.03087585825134,0.7343170056010337,-0.32067116442943966,0.09482955250306574,-0.07290754371560587,0.1102492754328051,0.0036049126205514037,-0.0064123665498048155
0.2589324567124478,1.4212195355311066,-0.10478445495291244,0.21504578019784043,-3.7029420083870046,-0.4680828706223716,-0.2879229112930334,0.068261478343145,-0.10685811021202585,0.10859693681506605,0.021870772505690694,-0.0027688424278171087
0.19795330277212214,1.5768650454046544,-0.012302726448756629,0.2798531908355095,-3.9855460025531193,0.25175385029259184,-0.3468306180814914,0.04082693440116811,-0.09284997204007844,0.08222106518732428,0.026156194047043613,-0.01396458189234917
0.20436023234126952,1.690749607702987,0.003630098045533381,-0.25597155061197135,-4.264834757842326,2.0725805705422085,-0.23108795336501833,0.07840991460707641,-0.08550984690083024,0.10208582576099406,0.020403298943049708,-0.020750384771887065
0.059042991028890816,2.2417115788534576,0.17581923697264723,0.1185395490075819,-5.018219153517432,1.4772993237961165,-0.4485404884905229,0.056900785520903,-0.09500045579933136,0.08710426655653347,0.018172293103536852,-0.01932949185507693
0.16601116734957636,1.7956656587684021,0.021285255914985757,0.2419323027833507,-4.0742016636852,0.9856511305236806,-0.6371063769171122,0.09061732417162671,-0.07200478406095634,0.11478921274350185,0.01634639567808749,-0.0264384913872594
0.3589941304936529,1.294514105022729,-0.18884970927166145,0.07046392030052968,-3.8063039504036973,0.587216680190476,-0.2172793249645631,0.05695392056073206,-0.07159527890435605,0.10287057962681527,0.01720609002924156,-0.009103738526720917
0.2892278629049135,2.032636782166012,-0.08884188200986132,0.3749219808480149,-4.756394184697136,-0.32404600700702135,-0.3807904104511687,0.05642392235559299,-0.07276370819433003,0.091272259682392,0.01820562332205311,-0.046088418198308445
0.14737965419993534,1.9008287254674143,0.105877892316116,-0.07409600383748938,-4.786568467986089,1.7550615124548552,-0.3932953415429137,0.046859574639221746,-0.11089012222900141,0.10402043597153737,0.02122609356392513,-0.016959511001085614
0.28493877941916324,1.666607032300043,-0.09388083403791425,0.3705456885104394,-4.331322465305398,-0.16904860913716424,-0.5263698259104634,0.07262724968713585,-0.08632719333889238,0.12338417551852318,0.011395898081541067,-0.016238766140383776
0.2709911209772842,0.858370010754412,-0.1166177103663153,0.23259881768897905,-2.9692349326143384,0.1712686380579422,-0.4344819846456769,0.07783040872287704,-0.08170890620036217,0.10933486150256104,0.032926896084454704,-0.015352318068375392
0.0878619271051234,2.173753114371104,0.08669083408369094,0.3085387579524336,-4.516198584744047,0.3836870563168977,-0.4598835869573096,0.05635294671274027,-0.08864498138066834,0.09089282609060445,0.011414254205882046,-0.005508234877793616
0.21528088405556334,1.6238306275090326,-0.004487180638383714,0.04993514890818976,-4.237366226506704,1.6117107749074704,-0.49003793709932314,0.07764718488535638,-0.07159153575797361,0.10599158621834329,0.030951513783329276,-0.0333977690905124
0.2689920087304542,1.2747620588071407,-0.0933518192873547,-0.05529169392843415,-3.548511612976734,0.5241829928881779,-0.23394169465475034,0.054251291507987215,-0.08281434592149683,0.10940739015832707,0.02625152678475745,-0.010862575642294758
0.2583832822916885,1.3621228729136288,-0.11163479903096996,-0.008575802651816442,-3.460387311563238,0.16922630546049938,-0.24403907840166203,0.09305349991148076,-0.09463359412954453,0.10941880304672058,0.013942451524389665,-0.011252122488628613
0.21972541510320187,2.1467010936745994,0.015022088449315296,-0.14690486287754403,-4.9240816288374205,1.507886077622291,-0.3726889918485426,0.09573412151012595,-0.04630265850960519,0.13031656276967787,-0.008972414148849195,-0.04079498939115778
0.3052911645485951,1.5334860254197187,-0.07044971280694945,-0.2685127546324846,-4.4732267627785856,2.382731412603269,-0.20822325474828704,0.07724981666932279,-0.10882545547674011,0.1081011595094151,0.017091244930304395,-0.01753105353323492
0.3631969720621157,1.032667650876816,-0.19959712376196953,-0.04232896503977102,-3.3302322978810004,0.03171175247935938,-0.15813078259025878,0.07068145486253846,-0.08440692208829945,0.10608674412035579,0.020317978677490633,-0.019819860350876517
0.36717319400792103,1.0231827112115854,-0.16735053717677845,0.08236491304604743,-3.744652671603749,1.3072246935285061,-0.44067587160992255,0.0449007487587412,-0.08618278167466614,0.10618086143432826,0.031099031813479228,0.003683664867544234
0.289135302427866,1.2621642650776117,-0.12742391795653463,0.3344927574978037,-3.657708402740821,-0.10888565302939374,-0.28831696956997505,0.030640745445410372,-0.10509248614569805,0.08574872604886774,0.027613304784944614,-0.0006478025487195449
0.5376699095197972,0.7559754867014248,-0.35352498535416027,0.12707365800535406,-3.3943464334024886,1.0930367239851126,-0.2635480753970989,0.04870293375195402,-0.08989988826345614,0.08512362773443327,0.02345933004752318,-0.028781039262639557
0.07293725726635474,2.5596698838749417,0.14434594412981094,0.3492682500243664,-5.280282347707811,0.33498231949401125,-0.5280501576772761,0.051181768023085716,-0.0913400649263576,0.10664547777776562,0.008612588934351795,-0.023346614172559454
0.1823246657752509,1.5897620605411837,-0.01632943032707246,-0.23607214294776802,-3.7914882440770694,1.497905665233673,-0.19436122643885162,0.07336787164256695,-0.06300123691973536,0.10813112001474862,0.015970531511917685,-0.010791361016431189
0.2904525407788869,1.5004893005530364,-0.0970369137810766,-0.42230536618002473,-4.094839007652354,2.246338930210329,-0.06245056312810586,0.06907309180659987,-0.04818634348286846,0.10474683485974862,0.02062021960753102,-0.010314127162952269
0.37985424801427614,1.2413765291254713,-0.188916437914051,0.07288362532234609,-3.826315563151768,0.347659921683513,-0.3564698258917373,0.06653379247850982,-0.09433282490171055,0.1319309114170359,0.01573656023935943,-0.023796753494548184
0.09495730306699979,2.2354408343828784,0.11356316140605571,0.272450506516173,-4.805262102345056,0.21112935618216566,-0.44206955922254554,0.05690272948348868,-0.0972344169487897,0.09411770962716476,0.018350847531234393,-0.02323003334696505
0.22936279423020905,1.3168598049276452,-0.04310950061194696,0.20409882996031614,-3.723014734414277,1.1723722980500808,-0.609554090595327,0.06845228661793434,-0.09090330744943131,0.11184382685581296,0.018520019894399165,-0.007864940933158149
0.23726335287829206,1.9663119685663464,-0.03448662582943318,0.0625409429095538,-4.575080402527443,0.7936693445726003,-0.38637827477502756,0.0742657738240542,-0.05017205899580118,0.10695488239033965,-0.0021607864410191358,-0.02016340502331937
0.32971326217833685,1.2453576763694523,-0.14066602641629766,0.1818479131512365,-3.6119997102700028,0.7980795958759814,-0.4165789478740355,0.06468092581258059,-0.08458441313760137,0.0902703844246079,0.009727278958736651,-0.03408347154427904
0.2710030523035254,1.8284705921978002,-0.06190545827144511,0.16204825182297822,-4.391067057630968,0.420769509627972,-0.4018144277651494,0.0835232057600408,-0.08716682116643293,0.11504604314728023,0.0033462666513051076,-0.0536623604038432
0.15071951556683325,2.3899948338047134,0.09580089095712596,-0.5235888233941454,-5.6275495135469775,2.3709670558616063,0.01965877524399992,0.041761955809205026,-0.09809153220017658,0.13706648252273212,0.04423226747557263,-0.018020210707590856
0.25837040728789273,1.5388662280506056,-0.06407418305675239,0.46161100900901086,-4.0091300296147345,-0.13472571661494148,-0.5774326631878729,0.053476069490515366,-0.08115348452828103,0.08442126573663652,0.02850022228995336,-0.04052796655072838
0.26187019639138504,1.6785235436005017,-0.07896637647722127,0.07242897858513414,-4.3082825998752705,0.5739552177067506,-0.3389975400423052,0.07484676976348173,-0.058708992005462035,0.1135369632206299,0.015719727191973454,0.004598148096592869
0.2064506284654793,1.6251276074602383,-0.022491236869201736,0.5315408275701295,-4.054473249725389,0.44985064546700265,-0.7648395232414277,0.06742943083280795,-0.1033151004123965,0.09425552869010573,0.0130302116903524,-0.011126849315210463
0.25256321979045215,1.6104886508255583,-0.10599714487656953,0.41598492297339984,-3.6884435196977945,-0.6014859145889782,-0.5611764045975597,0.08117290056633042,-0.08805780658886225,0.11510874506210242,0.008054146468353729,-0.030378862082895697
0.18702148141074612,1.6887741007580293,0.009470842969534377,-0.07518122803283833,-4.0558736703887295,1.3322621771855367,-0.30277898022719474,0.06580354163906743,-0.0879035554762026,0.09397450560153475,0.015566488167784276,-0.02762749185091007
0.24915480940344326,1.57631414310843,-0.0639959536410648,0.5589816299392458,-3.9033869691250147,0.12781262861643028,-0.7213733549483065,0.043136695646830425,-0.09331567015886444,0.09250281395182336,0.02174691449322319,-0.0319638744500742
0.35477262877396926,1.0135927254638561,-0.13745402016144698,-0.30108406029986445,-3.675134488744886,2.063614827951624,-0.18818284914877353,0.0962719172942258,-0.12479302228295627,0.10210465776015792,0.013553386605343332,-0.017074948554947067
0.1638971240850208,2.2137737473196744,0.021354865194601835,0.25482325539106054,-4.5941664784902905,0.22973682814468158,-0.39936022489510725,0.056458332945445056,-0.09607414291444022,0.0956770471570042,0.0010150059730793526,-0.021318151796597018
0.1737779847987819,1.7555673127602593,0.0014516128471813161,0.5402707145713599,-3.9874498403138237,0.3733779241798532,-0.6748287329149013,0.045167605550046175,-0.10174910083527611,0.08060365670877725,0.017386567405157982,-0.01727366701669275
0.11160814615508349,2.0019818510440675,0.0630480767699233,0.43823465802380385,-4.229551584676108,0.33448745434126326,-0.6834064573021849,0.052884476492714494,-0.0739448435935744,0.08229801323170394,0.010890078780581236,-0.006761485880741214
0.0754944669164117,1.990436345528852,0.10304885355073345,0.4776310788025462,-4.186965394950954,0.3282344746929339,-0.6622370942003455,0.05234196321797335,-0.07399103563011244,0.07884135480462962,0.015590060620478852,-0.021225366751824515
0.21118850087123692,1.8136172922149851,-0.0005505908688563377,0.02938054106146981,-4.524827261107961,1.2262557594860442,-0.3707853556461178,0.034965758630097044,-0.08720828514028478,0.11750853631700436,0.03025853555458946,-0.02001863823248573
0.11299042128830053,2.2919328913093606,0.13326568824009954,0.3861488914181765,-5.260311036284974,0.4766933606739876,-0.5738341059424115,0.025596884508057027,-0.09428030832326251,0.07753295720757525,0.032090619275258025,-0.019434811637826344
0.313594531806967,1.052532776879825,-0.1735854620092523,-0.30281801552193277,-3.1308739713319507,0.954305108004185,-0.07245499373833506,0.0936545427642943,-0.08017573076085374,0.11901064824540458,0.024945937144294106,0.0002381371665249321
0.23397350175057546,1.7426821751785293,-0.03867088755645731,0.31672266991634024,-4.362639215475011,0.9830264730572691,-0.6442207546055362,0.05697169054240714,-0.06720538107761598,0.11056731466476688,0.026169625300392352,-0.021320630882771474
0.09729214471732348,2.3315397090831693,0.1031541165962846,0.12249411973098828,-4.952392065060436,1.499770317927968,-0.44574361088778053,0.07670403618157717,-0.09551919507146034,0.09573706831450907,0.0003649764458101279,0.0010385634218577078
0.06423338612223484,1.965623480079156,0.15213093830814406,0.12763607318288187,-4.472831961035896,1.405270625042606,-0.5387067903933854,0.07251635502334225,-0.09462332447904331,0.08571658040360397,0.02489999283017852,-0.0025427791397300004
0.022342952042762702,2.125368837206724,0.14694258797282278,0.39045891135064914,-4.184861292274474,1.1786638525329145,-0.8034211005765225,0.08130125490569046,-0.06727130076537435,0.10721587080740225,-0.008061053878371527,-0.009332004380302683
0.17508414701633013,1.98028234257001,0.03687994009453743,-0.0710539944017671,-4.60400146066096,2.5087638759028987,-0.5262002678044811,0.08416335487903409,-0.10840053105956604,0.11494115576554964,0.015371794142426287,-0.013574506739903791
0.1618901798809754,2.2044813957070093,0.03141328498161844,0.8900904234630609,-4.808373707098534,-0.21781968822205966,-0.9593573787390725,0.0575025930132943,-0.0780363207249174,0.09597926516349503,0.012764179956498811,-0.01744435479565065
0.15781214721725986,2.0099851335433576,0.08324122461963879,0.10263655330554053,-4.749864676213364,1.562497475117273,-0.4698904845125157,0.03990576345375163,-0.11063021467752615,0.0856676841906458,0.010297376083104437,-0.02690152978812732
0.12109524691331705,2.2014378317039984,0.08964982425710977,0.023160539553410214,-4.9535150159366115,1.3768428498388399,-0.40415253251799577,0.07169014414763647,-0.08068685094229217,0.12941731691564928,0.025689232693659303,-0.02849110467600735
0.3668606900447106,1.1020130825428833,-0.2076371275496216,0.5338994826115496,-3.3314062065391092,-0.7748337314834212,-0.5909087960043053,0.06779403335162003,-0.10225452438506694,0.09232144668030301,0.01443383687089439,-0.02229623279886689
0.07500088373010244,2.180136870526211,0.07877559154897606,0.6848209212101579,-4.276407754355302,-1.6650295923576492,-0.5824388422735082,0.04230128217729423,-0.07810064968984098,0.10971212525229967,0.018304048332782763,-0.03073389597647136
0.18192643884010293,1.8823928532243506,0.01836588068189582,0.09637440480607258,-4.421390404749077,0.5528490122810262,-0.32806313929955516,0.06315512703475329,-0.09998968203816277,0.087810505214194,0.013409720874508757,-0.0089988896976817
0.14348344419432632,2.1870453608326748,0.09729322698994691,0.12515931927367333,-5.064712112468838,1.2411087480182543,-0.5192423080823652,0.04996526210432439,-0.09344114502832451,0.1020566559344685,0.01931869821723764,-0.015813311083379022
0.23029550448199068,1.7350008295833588,-0.017442955149283623,0.2658578033159823,-4.376921377887615,1.6576143407811033,-0.6312571177798418,0.051742193406575154,-0.10063898042692293,0.08923337422585045,0.016704897606134417,-0.011308423382643151
0.1387671023559127,2.2120602722155573,0.09728099345930996,0.1756633427012583,-5.047997324881487,1.0116802452041809,-0.48724417685800586,0.043181985196241,-0.08914583116993474,0.09279635927708735,0.0297120869669546,-0.03456747721436848
0.14580543152694947,2.1095225753314386,0.041461916652854036,0.7382182076644379,-4.707724589658596,-0.7113409192974266,-0.7309569244757185,0.044200440252885775,-0.07818440536255494,0.07456147062097448,0.023645782905983515,-0.0038207546707411666
0.06289760252746393,1.9297145787523322,0.10758236731127901,-0.1559463797078988,-4.186121003238415,1.0186617830073696,-0.220860395815681,0.09755684996926156,-0.05924642527362328,0.11969037768886287,0.023482056904825077,-0.0051846383736078305
0.16211850818568527,2.0491069087525196,0.08444011314287403,-0.2588177390617107,-4.942853142437454,2.116472515005564,-0.2092233376027125,0.08615175913621126,-0.10597279526438708,0.09950400061381492,0.02146545036203551,-0.02594333055812248
0.20293941216102468,1.7198196362159388,-0.028288796910103553,0.05558169228821454,-4.0563781629522735,0.28724905088643743,-0.3143711617666261,0.0856567195574584,-0.08824441284169887,0.12233515828642655,0.008862340970872351,-0.02174775882457536
0.3562031474702981,0.9957242415317498,-0.17874872309269352,0.09396642453698294,-3.3154092238717987,0.7973796328779168,-0.4464409887182895,0.07196698994262149,-0.08707167591207464,0.1068706068932545,0.011719750487249103,-0.017662986668053382
0.18965999539343972,1.8636351412446666,0.010034849785295341,-0.2068113516144332,-4.400021116311745,1.2618324483558785,-0.16936203221900195,0.06497328864962704,-0.0883754207351714,0.11219929824397898,0.008608017167040738,-0.010209964572584385
0.1309829249932135,2.1396000863661317,0.07656018685011268,0.19940028986695718,-4.791922443410445,0.8907825193745188,-0.4026314602362445,0.0476446719353113,-0.11469047324931508,0.09570571175223436,0.00518688318936722,-0.0010521176920491593
0.3365515492764274,1.6029814713418902,-0.12321887277103605,-0.26698797447684874,-4.427829506706441,0.9949983820949617,-0.04135476278674405,0.08783604922882862,-0.10012078939212038,0.10022882777016476,0.012314719973419375,-0.019266845385017606
0.15291239320699102,2.128930777640091,0.060078499757375114,0.3772331342126676,-4.76594355416107,0.4093829495538655,-0.507333517160318,0.04923418692068493,-0.10689447296314036,0.08946520077313025,0.00961410534486673,-0.02153029168554299
0.23824629395924243,1.7328447062851495,-0.026695086155549164,-0.07456499735149821,-4.372740085023833,0.8447100951364571,-0.10512934404481071,0.06766669157985533,-0.11681081993516479,0.0949194980769402,0.007179430617891391,-0.02579003457473883
0.2591587006358997,1.4682142178668716,-0.06939644496502684,0.11691506343698345,-3.842337865703553,0.7016947795725712,-0.4672836794919828,0.0713848716427101,-0.09309883864813404,0.0931465806568201,0.0109340014442455,-0.006975026629374215
-0.0006681844139835916,2.7313463721337636,0.20607887793245538,0.5527419042731404,-5.309904708557361,0.06781173346856138,-0.7173659680173786,0.038958762038562966,-0.08043242001451645,0.09159258852870278,0.0064352400693550305,-0.005138720553700571
0.2255154448302133,1.510863489155599,-0.04558699435499547,0.09411901269887571,-3.7856278223899147,1.0479307968953442,-0.38761684220165,0.05110207443465317,-0.1017264428729314,0.10093147626845383,0.01298609136193174,-0.023289513570071585
-0.03064346833189315,2.919181875760482,0.2536475737230002,0.3486880330769392,-5.600453349795641,1.14126446259387,-0.613678996027643,0.053273341866796775,-0.07851273961506022,0.0887231479175809,-0.009598217904219775,-0.008753553400664638
0.30615855900370165,1.5537014326179777,-0.13136953664429585,0.07779656362455234,-3.9773258040750523,0.5726579783207616,-0.3181712114401389,0.06541675944654046,-0.06114048655431284,0.09760342995675432,0.010256501840836818,-0.01035043637390931
0.27315055458011434,1.4370971493525089,-0.10099369414310544,-0.12121291321220383,-3.9250816743191845,0.9831391856743018,-0.1496433328740952,0.09111514637145768,-0.08816945941102694,0.10515803632844464,0.03296231171430336,-0.008434366001291604
0.06707370864039053,2.4163528041948688,0.16103915149015147,-0.23600829986563515,-5.275482984407509,1.6438660446124906,-0.21029274956900185,0.07697109073021619,-0.08254244514499542,0.12393408531474276,0.010084552965526461,0.0008852667775191003
0.21787834190243424,1.5020065190438936,-0.009857361090464756,-0.0644209438133842,-4.10050818044689,1.714573372220812,-0.3433126248529055,0.07213108489549513,-0.09688769935125474,0.09929426679899755,0.024065630270512006,-0.020003976178768534
0.20893382663485252,1.7392689809418616,-0.05655791896398221,0.630686277335382,-3.870039940008924,-0.5586467515887598,-0.5700127517376851,0.03602113134859103,-0.12504271349907314,0.07089937741685859,0.007840848846105752,-0.006293623615843291
0.12375571546837905,1.9281697340143376,0.08396790399392229,0.21633114411148457,-4.375211906249374,0.8978472354476008,-0.42473365242866357,0.041203692012938276,-0.11665974389130063,0.0768799507073109,0.008224251004851801,-0.012431062347887156
-0.014310282280381366,2.5345442062694103,0.2852856715529546,0.021886425085985817,-5.415213939054061,1.8347563859922567,-0.3955666871471838,0.0388888521223556,-0.12542516165852552,0.09150900568680864,1.9326300869759727e-05,-0.018697136741457898
0.2507758969827866,2.016111985978984,-0.04331738046380407,0.4542747911984001,-4.698816732950106,0.903728715378867,-0.6886042744819817,0.0463834121901916,-0.10923641211623392,0.07764449904252296,0.016109747511592665,-0.023640874586112304
0.2018078516582003,1.7500879142511512,-0.006985077827097896,0.09854703700225115,-4.217101017365806,1.0310823518518366,-0.38481205932606805,0.053457085191496945,-0.1016855678007001,0.09724244457887798,0.014294026325045395,-0.014660580098977749
0.2136620154952976,1.7465931554605385,-0.03198183410103084,-0.057522846836906893,-4.237307906688598,1.297762660537583,-0.22640460388102523,0.06357416981057434,-0.08253559818797124,0.10211996669996726,0.015033059812325833,-0.01368842171511131
0.0879851504145131,2.3916426270967728,0.1508918257051819,0.10327448821056809,-5.282543135639031,0.8457862516741983,-0.3662678390079154,0.0622973749661454,-0.08108531017120735,0.10521007675115862,0.022213985397333325,-0.030894178910666037
0.21438516547211325,1.9474769123740376,0.004599561923526396,0.028083953764890215,-4.764998449521372,1.0973158315643812,-0.269859741325294,0.042126319840358306,-0.1302638081070489,0.11241115334298785,0.01725955214244357,-0.01668179228651734
0.21340798553850723,2.250775855385693,0.021933367811647564,0.3767044135842177,-5.025959089440178,0.008734078783946365,-0.5133019404107396,0.07633419688041793,-0.11562670917427598,0.09915013269496231,-0.003472396665694877,-0.050695938462920975
0.20116117013224213,2.094295997038537,0.05007652744109792,0.16670144891386757,-5.090645777149319,1.1473311566656452,-0.5845856926793908,0.06119435932420664,-0.09188892311917862,0.11054242858358349,0.020780110655685302,-0.038463565892529084
0.0952520328529158,1.9851376897017874,0.1600369174085361,-0.04726572160086334,-4.834652502443232,1.2536735324641235,-0.3412004394035627,0.05124129954376844,-0.11716110165476856,0.10533363959865408,0.020334154270935878,-0.016012911198587942
0.2607014684155479,1.6563420449324893,-0.04912999996387757,0.5699512391780769,-4.327002413444299,-0.196349470753503,-0.5612708725114112,0.02550286645354824,-0.11372062843871317,0.09031354026578692,0.030515184477556856,-0.037459584173017424
0.08650657614155766,1.8261281206040234,0.10339412777024659,0.20225741484209092,-4.185920720099372,1.1809087202805764,-0.6131828752630787,0.06241689353358687,-0.07573525854060259,0.11539505859882135,0.00905769196496975,-0.0015947408765798476
0.18643890769382188,1.7701967511803278,0.0007242658784260003,0.302601575777786,-4.153146679961857,-0.3027241913876593,-0.39063994363929233,0.05621357211514727,-0.10618424688196382,0.09763541455304284,0.016700452265576482,-0.018163699920157317
0.03735154273827749,2.256732136156736,0.19775961444202483,0.15884062583367725,-5.054680720687812,2.58173979979809,-0.7417876415909634,0.06952224819326575,-0.07671159738821359,0.11124186014628001,0.018243949927485348,-0.006784047247087921
0.2264633450896326,1.445001778199122,-0.031297656313631794,0.19900259209622215,-3.9895868395687737,0.6967427293839265,-0.4506571177014697,0.04734493666478504,-0.08435904127682042,0.11498090914369247,0.031228765782334356,-0.012214498288018849
0.26911475202653296,1.3565827511649164,-0.07822246020673673,-0.037796021947366976,-3.932205358368465,1.0666332335219153,-0.33538647802224586,0.06853077874121988,-0.06994678708218471,0.11743882808425979,0.028915112675817756,-0.0101961924245767
0.3339856162059189,1.3475475955885383,-0.09813367044433963,-0.3289719352896147,-4.219352573744519,3.3473386421614033,-0.34907617686316483,0.07725667522428815,-0.08813333776701068,0.11639483236837139,0.019390011539117624,-0.03090880965306564
0.3645455197452126,1.2507263523574588,-0.19570989770025382,-0.47993101136833066,-3.6352387953128678,1.6805002124180421,0.025552332080453488,0.0932282524112169,-0.08332799353694734,0.12654662667724811,0.006111103253177097,-0.018118414431444296
0.22922042471839257,1.398479881130437,-0.06565324893453872,0.25720230520639015,-3.584829477276442,0.5348942838420175,-0.4651372045230636,0.05544123484312238,-0.09390513146239682,0.09667850251980192,0.02209673850257826,-0.008605560724744388
0.3261214324849897,1.3693365094574657,-0.1832533916180169,-0.17973824012093265,-3.5899828096576387,1.3936145541356353,-0.24096984790722023,0.06722345780718034,-0.06496238084103512,0.11779259440936368,0.025909586772535742,-0.011771992374840279
0.26254173022408256,1.3163472585970317,-0.11399629214323315,-0.11409038990877197,-3.413366857460411,0.9483833750750049,-0.15861847314070926,0.07859385435735827,-0.07529180066776348,0.09920410619625841,0.014378236687613788,-0.016547475701457315
0.21453453960665092,1.691918784446569,0.0031236344243510406,0.4282540510464294,-4.421512627265676,0.5414710240497516,-0.6389681385636263,0.04963257648578759,-0.09205403067593793,0.10858411123816047,0.026341679170021615,-0.02351215196348455
0.22131978247999778,1.2725511426205023,-0.06974949088974125,0.2078424913538437,-3.4228444062375085,-0.06268183887364782,-0.23067463729761925,0.038659138066944904,-0.10787978641091833,0.10079399959072274,0.028279762514057227,8.317669463958621e-05
0.262598713940194,1.74274837300268,-0.11010483065852583,0.39398494237375714,-4.104543054783339,-0.5754885693149556,-0.41828479314037403,0.06169735069135368,-0.08168602798754793,0.09325203618909142,0.023738705760637857,-0.013936135355563373
0.29301491829114995,1.6187899288479763,-0.11602608344638277,0.3421120776659698,-3.9986588524052054,0.2254030236762446,-0.4347034942425879,0.05816452918053264,-0.07736741163068947,0.08680072660870825,0.007598885319415105,-0.027705803580002186
0.2620050291487552,1.6651095551988109,-0.09049115231570448,-0.022682646063099027,-3.9821019197906473,0.754192230345611,-0.22023688330951693,0.06341204425460356,-0.08892215567235506,0.1077964968553809,0.006723331834407653,-0.028420175952026838
0.27388741682315243,1.917731602938384,-0.07447247848409355,0.14987152518816324,-4.479709342575262,0.3602936959486422,-0.3887179913860209,0.07277340494099482,-0.09276926944200178,0.12424862141547749,-0.005880588209002502,-0.031090365654676377
0.21666463277536022,2.082423604045233,0.027771038298623596,0.16537043977277494,-5.161035768560697,0.7913478499677862,-0.3737990170410158,0.04197042104070581,-0.118670038125885,0.09574550799533194,0.020091918243171913,-0.005336614194527911
0.21717255170312114,1.6636528171833331,-0.052462436912895094,0.38323387285858856,-3.9811104003506816,0.378382718491237,-0.6359315280283022,0.060299418465256605,-0.08658159154240216,0.10534341404725092,0.00497217146396034,0.006824094524336521
0.23699380580766086,1.3292439793034554,-0.0431880981286602,0.1296813566560468,-3.858459618249325,0.48596309645263935,-0.3609277129698192,0.07438046129723394,-0.09173213548878123,0.09174595164733051,0.02512969946623933,-0.008978080998122584
0.29942344643446145,1.3477978806577502,-0.09634018276988332,0.32315046450491597,-3.91746540565482,1.0166029305693323,-0.6584970786112441,0.06305100663705736,-0.07534746763043876,0.09788013666260237,0.03121541412577883,-0.03634063077811772
0.14426483589208178,2.1498245773480904,0.08827871720690172,-0.0005203895348822318,-5.126045125414516,1.1899399961981107,-0.2857414858068284,0.07703100345878616,-0.11739893337180979,0.08813078622631731,0.003757595440028072,0.007705324084356313
0.23146643708715636,1.770977809504699,-0.02776598407181241,-0.25347709634357246,-4.381238431706802,1.8013926345961018,-0.14808794406911946,0.05554580271962595,-0.10054925770394596,0.1125507249360933,0.022067362097847654,-0.02023806548181195
0.10813208229565749,2.3179786627568144,0.1472625160937986,0.5275199619625708,-5.120691054573672,0.3931955552373247,-0.7124792601283287,0.04684060339420548,-0.10440764215310133,0.0757351615941908,0.015346711810592661,-0.041366526629526446
0.2745053690577012,1.6526178232316096,-0.07085762483352187,0.19398873959108845,-4.271656678190345,0.8909720744645818,-0.47959684277184145,0.052971974810346045,-0.08917143766714578,0.11024288822097306,0.012775144382460302,-0.029024300937728453
0.19258248504236475,1.8487622869948233,0.026679293606139298,0.17805987839784848,-4.515137758070046,0.5590808710116804,-0.32447050232498775,0.03802193263562004,-0.11301725636882626,0.08364196284152098,0.003037567960771259,-0.013622401796691719
0.2326872863907497,1.6393561272375485,-0.05253130450144572,0.13124715732104192,-4.089014044178177,0.16223389135962538,-0.2733140766271596,0.06551017166074807,-0.09504820660919355,0.08335381081801316,0.013242007047477022,-0.0032617228574425283
0.16094252120025945,1.6812144066307124,0.05182259867595751,0.06175747036176511,-4.406500161192381,1.7084358902081855,-0.4948065548616421,0.0712186803159191,-0.07180707128482722,0.11082369702476241,0.033033746334244496,-0.020639539160054565
0.2157519432269918,1.681846941708508,-0.02943345303164857,0.3242606030878936,-4.157704039317454,0.7049857180056557,-0.5545896412261512,0.0590106093072634,-0.08744743248676401,0.10619237749206545,0.018727354993523737,-0.014958422934362892
0.34081381654091336,1.4220090831752383,-0.1156000262975575,-0.30262599743667284,-4.274992511685746,1.7993785838595744,-0.08147784860481291,0.05165281419028947,-0.07078860632051931,0.09372993620969897,0.03716086459711326,-0.043313896902768156
0.23523274784587186,1.842854822820597,-0.02036704556235125,-0.17573740880542812,-4.608205245051258,1.6204142898837517,-0.1353809142861111,0.05180818386238384,-0.11983992210841043,0.08934915463495369,0.018918278498836538,-0.00020257522171240883
0.04435101104499545,2.46236817345338,0.18452124819882232,0.4604597559135448,-5.106105728038631,0.6428014350654689,-0.6982980362419029,0.05354281144431605,-0.09898295949661207,0.08214033881344185,0.015528749895100113,-0.024120970278805887
0.16589468841172633,1.8951448330509995,0.01609517720757525,0.39559574466369446,-4.180405954964793,0.4002344062242652,-0.55230961640262,0.047164439241464684,-0.09224758894344737,0.09134799046872766,0.014708424405447174,-0.035087171518333404
0.2488720717838867,1.6100005814099658,-0.013494721560771472,-0.4550730899675438,-4.484962824511718,2.6029100854507563,-0.11663943851206714,0.0706414878688475,-0.09266267902899186,0.11531926176860266,0.02356862327324627,-0.01755059848845586
