tr,n,benefit,harm,mean_gap
0.2,32,27,5,0.12660569549532708
0.3,32,25,7,0.16336189806874005
0.4,32,26,6,0.3644707038972177
