intercept,q_coarseness,vote_event,path_event,q_x_vote,q_x_path,vote_x_path
0.1525103052379313,1.8881187943626052,0.0348931485075612,0.45677912595887604,-4.1278428606789666,0.29173278102962735,-0.6168010247708496
0.10523627976769542,2.206395213371921,0.08810801532972379,0.3290801233939388,-4.4973466412481695,0.6742498665107208,-0.5574237859527715
0.277946607684968,1.5218469277163271,-0.05002641031592092,-0.019635134471210264,-4.242161377683712,1.3828596500215682,-0.22941560694384922
0.24011373431943123,1.701389897416263,-0.07090475762651316,0.4826416751823983,-3.848050433873977,-0.33213786410972435,-0.580909338001657
0.03540270774308061,2.625744088436211,0.20051647967930553,0.2699742988732508,-5.479560865201249,1.3495262223801208,-0.574457290235409
0.1315265709012845,2.07902755539152,0.06894588265494805,0.35937468002719064,-4.326375270282453,0.247130598076854,-0.6052443569665291
0.06826575586864712,2.8446200661556937,0.1798520155417389,0.260962456547687,-5.568136740986386,0.9834364602798804,-0.6273436085713785
0.15823836604464295,1.417490066975238,0.030690554414817495,0.08687558897338676,-3.539070931561398,0.44866549506388237,-0.34374886577835734
0.119900923735251,2.2927374729727945,0.08893390478549823,-0.032527914998406654,-4.6386721592643925,0.5923435430416457,-0.2319431745504479
0.2698577759973263,1.4791566181278621,-0.037574993582449645,-0.036234018793856404,-4.056516961425961,0.47017342992928207,-0.23995781560336565
0.08558198335319354,2.2729809751577306,0.11689012093186868,0.3116778657071405,-4.586210465930771,-0.012551427629192653,-0.45399970498673636
0.2852879353288648,1.2861915054613458,-0.10370326035385335,0.17813872753259286,-3.600926448804907,0.14138292142079556,-0.29734396695095366
-0.07255534735066603,3.0392578939478114,0.34483021582935525,-0.2300332124489909,-6.08063360243738,2.5610927236813046,-0.23685244461311766
0.06297138039870298,2.377658454999342,0.13523546202266123,0.37471916860744325,-4.843822378704845,0.3649017877809901,-0.5248489656573632
0.31598307999805725,1.635494757590367,-0.06492702721600985,0.005875341314337701,-4.578608819075308,1.5746479988624706,-0.38811998213522625
0.3299386211838846,1.4058734769595853,-0.10771471735660232,0.16062372590983834,-4.150859586696113,1.1207314422075505,-0.382315476854442
0.05133149511780919,2.2781450647851735,0.17660915913302633,0.1695030819402748,-4.902959796614248,1.7019837225156715,-0.5342200322775953
0.26141413828528615,1.2751217512529633,-0.06718146460998353,0.2698610296348699,-3.6319804759220236,0.7762607663229699,-0.46437728035875286
0.11662754705488398,1.7430926242353029,0.09244055530892403,0.23992758078941392,-4.1377248908931366,1.5392333867584298,-0.5753141677049038
0.15817256354255016,1.6218514233863242,0.0809382253470945,0.32755478865372745,-4.315134640047747,1.3817937449445692,-0.6481352754955637
0.18707815874132544,1.7152627371380753,0.04045059341167678,0.06465870747069863,-4.30730960245089,0.8185737082047692,-0.34388031500688077
0.30800211937669875,1.431412681753357,-0.09281649800987957,-0.04250120783525346,-4.07283009271984,1.3295549207089508,-0.22965409058850558
0.1444148658813065,1.7271039349334034,0.05980326054420626,0.0937222022629676,-4.186942861398457,1.2455994440581888,-0.34274167898815416
-0.00424132826465147,2.89577946612635,0.221886766508955,0.303141041114483,-5.608834609157432,0.8392984681521425,-0.4583411129304503
0.27665063142285806,1.4454389479051146,-0.059091480893853854,0.10917204609511559,-3.974867181626052,0.5980060756031033,-0.3717576870676586
0.1485950263204097,1.763097239130794,0.06815853341780964,0.19654113185646793,-4.25708859332248,0.9144498477947148,-0.44457942018726154
0.33314708860501663,1.0641121828177615,-0.15413852435805264,0.24433052543545963,-3.2973680025220964,0.5285890869559642,-0.3709974523027494
0.15660524430596623,1.9639956377555743,0.01634429387470515,0.5413558967785441,-4.085991930465367,0.23537252099705483,-0.6742913700050421
0.34855080237515207,1.3543572869660747,-0.10561437426614295,-0.10327744767060543,-4.101465628379875,0.9302882488485398,-0.19315060563505698
0.19859595723890794,1.6110834059366428,-0.029821952832647547,0.4744825634522937,-3.703344064850369,-0.16911351106405653,-0.5928387599938074
0.057737561791426,2.873311324032193,0.20116670208250476,0.17342469979690178,-5.839559308112438,0.9684694015075975,-0.4320397714412313
0.31105709806690035,1.2937016664581216,-0.09129678708964717,0.35372434787933593,-3.9584086933357283,1.4252541173746327,-0.6398116748207592
0.31664647969804327,0.8773153820192333,-0.1702786444370275,0.1259048994541941,-2.9810450173398615,-0.4750114259930043,-0.053521209318272554
0.19656271826658428,1.4611308639877094,-0.020552506748768407,0.3277309558464905,-3.5898574494424906,0.45972762868868655,-0.5062285613594293
0.1495901025145127,2.1455201296293716,0.07367995893012469,0.5650562976681393,-4.715579857898599,0.6837635643905192,-0.8416566642994217
0.19401788885760152,1.8471081183548088,0.02493280036709522,0.40488038423254535,-4.33287555028989,0.4103059436956512,-0.6283960861137801
0.020785394305255462,2.531497944166407,0.21075311077169223,0.11283549041561941,-5.178639790150265,2.2785085147316804,-0.5374650079890526
0.19668202524886158,1.938801290703428,-0.012847885734490916,0.4015803655791145,-4.146689651444371,0.6102199117935168,-0.6359865365787642
0.37791362720909166,0.7539055888023038,-0.17634581952109862,0.44252674836876665,-3.1137002800762192,1.3135539374131633,-0.804601637609563
0.05808326450146955,2.567510005924976,0.1632745244248981,0.21598228633485417,-4.985252237124559,-0.30581586381034254,-0.4240850965583671
0.4501074312377085,0.7514737362109647,-0.2437776369149472,-0.08427210927591047,-3.3067379318461683,1.8197974637217693,-0.24964423615734602
0.1473656727105226,1.9768963223361282,0.07937370368783969,0.02060875775462706,-4.438343062769341,1.2308581346916778,-0.4421517497335406
0.2150745600490964,1.7077402783682571,-0.014454776400455005,0.03874481304643021,-4.017740051714811,1.1781739927900785,-0.3879144291410779
0.11531665127758492,2.307842330432242,0.12430703432516754,-0.0655142973738804,-4.9559647701463625,1.4016010259057323,-0.33116518129858297
0.43020247654753535,0.9277500976965414,-0.23819667076629142,0.165536785997568,-3.3322413647309808,0.5468429138867721,-0.3629419921915625
0.27152699759502186,1.4991324070815546,-0.08251395822115726,0.498957058027247,-3.581355026710013,-0.5680898226978093,-0.7340974390183891
0.09215083841290045,2.3108896830850014,0.1444818063623372,0.09266976827494847,-5.050478644790412,1.2154925514999482,-0.3800620890357929
0.04724519760952028,2.488243263756273,0.19197237552118285,0.055041982083063656,-5.041985167661775,1.502766946949243,-0.5048858082868966
0.140531093496219,2.0561825275315035,0.09505989375852675,0.03718621857031523,-4.699447211116642,1.607601708162387,-0.4168788940028638
0.30954179039499174,1.5566008849558228,-0.11452964922228925,0.2126472251590145,-3.9537402109258033,0.4062181536959186,-0.41814054500760783
0.27109353412895604,1.2461978781918277,-0.08836982297804663,0.21219534267454437,-3.377374374001611,0.5321305404581048,-0.46966696630246674
0.16811645849550674,1.6986111354302327,0.05065612097355787,0.2650425910146411,-4.318085593334334,0.7801556229243866,-0.4981461629945971
0.08219436316890853,2.423610413050255,0.1329156687909736,-0.13116768770947757,-4.805119039946813,1.38680964146298,-0.23937137155984303
0.03930689887857544,2.2254436901826002,0.1750685683097397,0.39239035012027534,-4.730550096558292,1.0961582963095526,-0.6593508872170482
0.3460498409249355,0.8270233345831248,-0.1461496328813079,0.04109417829634228,-3.3661124565643603,0.6381649993752254,-0.19320567862214943
0.31272372581547175,1.0372824553003137,-0.08330953364898985,-0.06073729860706005,-3.6009259666643794,1.8988839684108323,-0.37324191343146307
0.2697001744160249,1.6443464460438917,-0.05903822675120707,0.1586923553049024,-4.223238272806909,0.6892840784496742,-0.3813475941704779
0.21985248947996658,1.142235774790632,-0.023434587063349,0.709348339105292,-3.4050399084428395,1.0876065911930293,-0.9940697806307383
0.23916483361262506,1.6742971462982734,-0.032214987347509716,0.4511763203080208,-4.17452879311532,1.3119739119910665,-0.7268659956178658
0.12585642793189553,1.9568288247988783,0.1009069261794997,0.2165024547589474,-4.472230144021586,2.151644062792349,-0.6627772187880095
0.17862077629857048,1.8477822977074156,0.04762971843193209,-0.057668778167764834,-4.305337759136554,1.4507953525536363,-0.3690681915624926
0.12246157937344239,2.145259299361883,0.1259865149822108,0.1022796788020626,-4.976463611938506,1.8488577088461093,-0.4979254900671668
0.3665657689268436,0.6267955555191043,-0.19676429093527242,0.43138947145649925,-2.5796992892104464,0.20606131032176014,-0.7085555177372757
0.2464987614686192,1.504070905503742,-0.051054165607365753,0.27067739286098497,-3.931448152247371,-0.1778397521861836,-0.3419082200380928
0.15628534116485074,1.728516858433586,0.027046051458310627,0.34554572961848334,-3.818277295157328,0.5907154850191021,-0.6465439432603397
0.1756909683745381,1.6756909836768237,-0.0004592968475625181,0.4686568214965739,-3.832834224896256,0.12525215822984098,-0.6164631185199959
0.17484357053498104,1.8269757680315033,0.042476161745990115,0.16720433883668012,-4.4239488520793175,0.9193816943328195,-0.3980190157544398
0.21892015085225777,1.556849251851582,-0.008594839347928929,0.34562236209249136,-3.9380142787418713,1.143929967907796,-0.710344496852729
0.15429446076101694,1.9951190011566418,0.06578935444702894,0.547713179335022,-4.593432010710799,0.19036793125163118,-0.695202188177212
0.3255298107914345,0.9473672683357677,-0.1266556525949542,0.5944191255752416,-3.3605454380214588,-0.28682193580837684,-0.7198677121697963
0.15112304161019602,1.8983546835765877,0.03600967536610544,0.5172796325188233,-4.308458935874021,0.2963655579957346,-0.5906257379078808
0.15837163148745884,1.9744267913956306,0.06983863478461139,0.06984263168637944,-4.528639116986305,1.3371943927483911,-0.4114554489762142
0.12870922122154219,2.0068764595975748,0.0906456724267164,0.46390612437366535,-4.408727925022651,0.6991178435132679,-0.7890969827231326
0.19998208245150378,1.7010340594482534,0.027296245042285783,0.4690691228348487,-4.414498847783958,1.3579918931812525,-0.7133987199837291
0.17934660775365152,1.9197695793104939,-0.009867667209854103,0.8168488416273183,-4.123894912892222,-1.0781785358243627,-0.7955944701650952
0.21281682495073986,1.930997265798244,0.06535142113210601,-0.24370609408507413,-4.933599846530266,2.2638540184940843,-0.339149349558045
0.1959772196750401,1.6419348787098058,0.007385481832327345,0.265114132089997,-4.0159705458793695,0.8715402174174209,-0.5238814641376774
0.1628459132673459,1.9924602423572408,0.10704006658387777,-0.11466473954100787,-4.9528764904251465,1.9900015320996005,-0.32980045456456264
0.11428078836140822,1.9454630314764352,0.12184311827142325,-0.21172912436606034,-4.618293159593038,2.855836398987916,-0.3022309989267723
0.2511987904830243,1.3615738484906839,-0.05785231214686126,0.27197583535242276,-3.650790331255676,0.4982308061678397,-0.5226257318481162
0.19934020899356286,1.595046244728472,-0.021198493174284128,0.3161438755089121,-3.788074296897248,0.34722653425358346,-0.4703120006090613
0.1925475750724073,1.5236564304363782,0.02870290985570545,0.34804818343039645,-4.2168538538900675,1.3720882726069679,-0.6174812304636149
0.298367664001358,1.4390768732296544,-0.11116108468776942,0.12537421218698425,-3.5699110714047415,0.43008505710136846,-0.3226385818216042
0.1368869532428282,2.003847441502821,0.09168450415469853,0.36552809622547333,-4.595853648400598,0.6221161532947732,-0.6478716559955667
0.3599218959032075,0.8518662875601124,-0.13589272957375564,-0.1444189957415763,-3.3952658337642547,2.2935858310225528,-0.34124252281071804
0.10587021178501484,2.2620042463574754,0.12439233193719268,0.3936325313785899,-4.805041445270873,1.4774431436992508,-0.8153316353774549
0.04316329290504066,2.347012693905332,0.18908432352790205,0.22584516867633178,-4.960753703046214,1.4792966266126546,-0.5539858555088926
0.12118563522771919,1.9149540125611333,0.08064669272399194,0.35242123048348506,-4.306535952078565,0.7404957204186404,-0.605460899559932
0.11689280685654649,2.008746029823484,0.07106816801280025,0.38729041535309217,-4.2465847733161395,0.5371600379582117,-0.5934479620444588
-0.018923160000231188,2.2475249936928705,0.2118894234038835,0.49358449377139174,-4.416825538065823,1.0708795213017475,-0.8346312070562548
0.060489851987210796,2.3640782120917008,0.17492470019284956,0.1370920298654183,-4.900286203274276,1.0254268705589793,-0.4715235989281724
0.14901832002763443,1.5633987246937278,-0.0055796358393218615,0.8356368584097518,-3.3154541920676883,-0.8630548516153045,-0.9045511828678764
0.017943553462392493,2.5515619290859184,0.17290297181700032,0.385637405642708,-4.8037493022457225,0.05681993066094238,-0.5256787212182706
0.23351326219102195,1.5776351755500708,0.02206606307830694,0.5957940594891435,-4.354162473781736,1.2414623401231923,-0.985198823311332
0.23264992169064755,1.3809002322068806,-0.046045945064776994,0.09772554316689885,-3.529045888216193,0.7350579920163526,-0.3012098232026593
0.11258839741556051,1.9835894692203881,0.11123158674428502,-0.08147550778006074,-4.589395963494628,1.5673450753108702,-0.2667302770987338
0.2837043018266734,1.274017505836861,-0.08337686000976863,0.26848364273926295,-3.611600199836244,0.9492091561269712,-0.5746374309820539
0.22898395867124618,1.524397820517828,-0.014455423536498202,0.3241271635986122,-3.951693426185004,1.3861191904541694,-0.7087792041862014
0.10655086874717697,2.5832166782784203,0.1233538282764064,0.1263183529761654,-5.230476211011689,2.53962741591979,-0.6096917008053255
0.15171983777090997,2.2875656375432105,0.06988902920381546,0.389642842442119,-5.009563082888983,1.3062898380991972,-0.6343285456574785
0.21380282516997293,1.6982862626852018,0.004831480624230444,0.30494434824610595,-4.358163915640746,1.4889031490059186,-0.5751736574431806
0.2274056896579567,1.4278726656247511,-0.025510320920654306,0.09976787932795181,-3.6550770161596806,0.7969230031018985,-0.47576261248032764
0.12614429023665372,1.9566423069963423,0.06651508486353297,0.3293223121666933,-4.05105263179034,0.7323583675939389,-0.6730346460632324
0.11827050236925135,2.0901681582951914,0.07877837832975465,0.26592680376161076,-4.433802619073165,0.39329346552952604,-0.46211424730927164
0.2669699313201568,1.3062142443334612,-0.05577100861926998,0.461608337694167,-3.7478419773417166,0.3111292593074094,-0.6946215565903028
0.23203168965744936,1.6405944787723958,-0.01947197559911018,0.22962838411346667,-4.112625467616729,0.7254335612706808,-0.5279474890740592
0.3272924908312137,1.102927398213157,-0.13834313463689196,-0.14301934155731044,-3.4407438787834943,0.9357858139781224,-0.0719264537959803
0.12290645557532909,2.031932173245893,0.051384090748941125,0.8753256795037032,-4.310483910595819,-0.3936548858537083,-0.8653210253043027
0.17154468337561,1.6681433282364773,-0.006400793367746127,0.4092637953178425,-3.651803259548219,-0.09885131603483874,-0.5413658332310012
0.24525367931336595,1.3995312175462793,-0.02595741027832743,0.17559495048757884,-3.9893067454472106,0.27386784244991424,-0.32410545079915276
0.19511329361147015,1.8660769658784797,0.026240478107458776,0.5072117300470673,-4.580811260780761,0.9291789585407766,-0.707081111811524
0.10484241396095068,1.9044532973388653,0.10750738626198464,0.5613317081577562,-4.380950409547034,1.1569504750162811,-0.8988745648210705
0.15674791017861536,2.1561500659236037,0.07250675830053122,0.12678112877334952,-4.787439422774755,0.6328179614540338,-0.4208845544660414
0.17386561875068826,2.094999987971244,0.07406240290938815,-0.11666976298204648,-5.010397734808585,1.8421095393514697,-0.2283555754113591
0.18127241310878772,1.7339793201933444,0.0031971429814952046,0.44272218765996985,-3.9982752685195293,-0.4115956480774655,-0.4861334707569325
0.07171581745234065,2.666738686510611,0.154810691881059,0.4163294163071182,-5.411730831762174,1.1281965284654496,-0.6370696790619743
0.029246442026486012,2.1688056794249104,0.17114550281566032,0.16637505140507874,-4.283185668411466,1.3110555888972768,-0.554914968046662
0.1273352775660403,1.8260655137942858,0.08848477114060094,0.37614016527971833,-4.1260207915439135,0.5884155344350225,-0.7292404313507395
0.1945961984897128,1.6411810441656152,-0.009772699990623357,0.3873226910268024,-4.076716322060082,0.7484283581262965,-0.51631690553057
0.03668361641613915,2.579944639968477,0.16798780924866907,0.14478666507179666,-5.064939074453873,0.2693518512804564,-0.2876779853843459
0.26161928579947774,1.7458832917178797,-0.04644141217026121,0.07230885593780209,-4.345080569908439,1.2327472013349299,-0.36188324674274974
0.35573622303725755,0.8776764936922503,-0.1585836434659309,0.21772862493449185,-3.227924574472087,1.2728111395198998,-0.5275215295151984
0.07096930666643811,2.739042106227577,0.20173135311440404,0.12281559126905728,-5.943782130045092,1.7274174531423072,-0.469884671857124
0.12050543324128424,1.977226448536548,0.1426088676316961,-0.05726534082154139,-4.7620834471413245,2.9957220040872223,-0.5560096350162025
0.12238712574938114,2.4105674252193854,0.10118205386432066,-0.1608609105009618,-4.9335103017064625,1.1342432317382636,-0.16339139835261193
0.2681762621412593,1.2506725071553775,-0.06477557262532974,0.012896939416564612,-3.541649831771925,0.9947031734568491,-0.33399795870472443
0.1321883862201875,1.989141953173722,0.05557582325811272,0.28439586148360985,-4.5074121877211475,0.5402385233180165,-0.3979998237335073
0.4272860241916974,0.37379734004477505,-0.25202309423235647,0.23220944367451338,-2.698550685036025,0.5894014917631295,-0.3069507207446869
0.12384286712717847,2.069042218519942,0.1110969694407069,0.5803603133096569,-4.6179710650172066,0.16012165546167975,-0.8210280380747956
0.13473245566082662,2.0937864571732687,0.07867063924888917,0.5209110009333808,-4.416267326738862,1.1002475131798164,-0.8734520188439343
0.21399330460694316,1.7584393954336786,0.011884481718080098,-0.06768595654669365,-4.391674161431352,1.1190402347256583,-0.25712257901335545
0.10696192065103063,2.5713477767728796,0.13557308333728635,0.16961591364638384,-5.313296616254207,1.613040475739166,-0.5994969230875224
0.190131541985878,1.7541910298671517,0.0010850503935528888,0.023498971187577378,-4.035585821523255,1.1969049369454636,-0.2709878141431622
0.17254308534798596,1.7094864115781576,0.05328640212978142,0.4038918279045648,-4.262311758650277,0.7217304393990328,-0.7290515722449744
0.08318622366460886,2.6649216916961107,0.16432599631060363,-0.22175039333093782,-5.62860853078365,1.7544595204126812,-0.07700227616862715
0.14630939710173824,1.8788918931889318,0.0456350670686787,0.358315895455033,-4.236425052845009,0.29288450047099457,-0.5098388597389321
0.12557344403783738,1.8596014171199144,0.0751904288367149,0.23034664780279937,-4.288626377417466,0.8466246138126292,-0.4522294075075786
0.23180015950624264,1.6107368599708378,-0.029197797897424937,0.37964279962588554,-4.1354651891551075,-0.11838808133598724,-0.4914335595693089
0.08423688282215164,2.676414567572365,0.15657235610222875,0.015497188271532403,-5.463082454296811,1.6244051377576592,-0.3496230580325619
0.16119325033358642,1.951762195582543,0.04028074240021784,0.5088892375597871,-4.398819807891172,0.6877822152108763,-0.6847420347087714
0.1828688184689172,2.003299616099161,0.020575880926743784,0.13477567689193362,-4.447432180180896,0.5786168915130425,-0.3373777237266593
0.2127603894019646,1.449574023590766,0.008815906517245953,0.15802797973634153,-3.964464816695856,1.7791407140945685,-0.5358502370900595
0.23888604549286432,1.6905964466729313,-0.027699756883514226,0.3292581391719694,-4.124688316016978,1.176259886791022,-0.6832180456573196
0.01910882055853722,2.534347075424092,0.22870823261235484,0.20579691443497677,-5.315830566042462,1.224462728428818,-0.5068081450963464
0.14997962391496183,1.8243158404799176,0.05480886938011409,0.34673798720081694,-4.241793554412592,0.9162510939085158,-0.5414599412840675
0.2720874322983704,1.3950771834321092,-0.06852761960047815,0.27065575667238273,-3.9561594225694323,0.42813004489780715,-0.36571309845724276
0.2685976751201187,1.3296772378121566,-0.06443580384187264,-0.09131985501728536,-3.7051642207238067,1.6395960785740815,-0.2806638918617617
0.32697992697328865,1.1330647803530165,-0.12074768963001292,-0.10773399569553022,-3.5306598735425916,1.3819327904949288,-0.28164787687022935
0.1096164949658183,2.2895367718072324,0.09414626413193106,-0.0630367376255504,-4.813195355536827,0.752317670703396,-0.09886636445085023
0.2761414129990811,1.4922004132528721,-0.02357505668648141,-0.029796964010119747,-4.257928235291746,1.7163741489918147,-0.43617891785902985
0.026803587484258866,2.5262550555345515,0.18508068749767048,0.4685115842299764,-4.9626288177304465,0.5280494999165876,-0.7219469211157763
0.2367172822993513,1.5928560434879975,-0.0874484290787172,0.48192498716241794,-3.577064122196952,-0.6618533927851308,-0.5012381307643919
0.3508562692728101,0.5995406893690827,-0.1575256368451374,0.30687939675252446,-2.850400369459571,0.9985594934799708,-0.6057771249172267
0.19509785320665374,1.5860514000072563,-0.023910352655803324,0.13540658131657005,-3.571859013257214,0.12729242736281793,-0.34933158434773504
0.22449677265707615,1.572817264908839,-0.037317559477088036,0.016681730417842017,-3.7146918457010902,0.8422965400116261,-0.261914071431438
0.19537200588320333,1.679865950757087,0.0343811272939154,-0.1944271361875216,-4.399705419911237,1.65765027970582,-0.07426215726386423
0.1522879603480395,2.3111371663413616,0.10699308526211171,0.15341902753373687,-5.065842618351036,1.5559855135863156,-0.6357259077521771
0.08709851027251414,2.6702067819544815,0.13849543156518695,0.08026505089386171,-5.3251523578030895,0.8749308194011218,-0.30629659447331065
0.1462983797184198,2.0154825323081758,0.06103296696524119,0.16822752422607506,-4.405605968170319,0.5499678487674036,-0.4279516745536419
0.3110286853834304,1.0458782606316597,-0.09954718336656376,0.23884296640318026,-3.7372352619810365,0.6680460697349762,-0.330502725129232
0.07793856333098084,2.425533768485713,0.1541147878920699,-0.018351948706901128,-5.183573199167653,1.3859203877007429,-0.20838809722208826
0.06701180506411322,2.618918810659277,0.12312096733256306,0.5205712362181814,-5.025565740465697,-0.07606631086139937,-0.525014534145017
0.09451708540890422,2.3370954741378944,0.16408227470838455,0.3655842330232427,-5.426234434511003,1.0690137068724814,-0.5764123490372222
0.04847715307897888,2.6439488497449677,0.16402540852631642,0.2784282248480056,-5.233926879203142,0.09740498408351299,-0.4028947672679436
0.09321960902860141,2.3766658403393497,0.1511090297748081,0.12859432537130194,-5.131032418872446,1.819333657996168,-0.5295935940419163
0.16616400100397763,1.953226334094052,0.09289797037258274,0.18584071211361747,-4.855006058024809,1.7386104014627606,-0.6115010579638192
0.3099746340710199,1.3388188119263973,-0.13755045429955748,0.3173536411273298,-3.514728540403317,-0.01533215641794634,-0.4583157672922875
0.08643142952774295,2.1518109538078742,0.14906481091513824,0.056898705263206895,-4.8404982816688,1.896743563912939,-0.45775777460177935
0.2665807583691874,1.2017157816545476,-0.04620476350022551,-0.004950262264478297,-3.6262581366257156,1.7244091086976496,-0.4683680092469753
0.2246265730699246,1.3700077175849046,-0.04133341872962981,0.3821325858033406,-3.4410813742614343,0.5673847390928979,-0.6804136090856351
0.10686953931929158,2.3815887434407204,0.1390650566368008,-0.18617161891531156,-5.362991172508801,2.0929170344574306,-0.13812582765876832
0.1789153371765364,2.049667376969593,0.010517957548112689,0.3235892660539702,-4.271035743634053,0.25402319993270905,-0.5543802673875763
0.01772961161543939,2.579341834502832,0.1913617456746599,0.07203639514855309,-5.052024113070275,1.439575242220233,-0.3918491037833445
0.2691688761596661,1.5452035260221502,-0.06668919134710771,-0.0334092566495863,-4.110254239877578,1.0202400910212412,-0.14659682789465386
0.23286710627689497,1.6889199782484228,0.03356752344101688,-0.05087274533652025,-4.537013107493606,2.705429969696335,-0.5278070041282238
0.13876368684130955,2.224524464942941,0.06713442635168532,0.6577200051354455,-4.764126511814246,0.2237015041148003,-0.7534465647538886
0.2938648333379882,1.6498752221450768,-0.07746879032236409,0.05863731830869462,-4.336851928570926,1.084931254784226,-0.28743650546838967
0.06395550198479989,2.0564662090791224,0.2235015467414312,0.13085178760539,-5.168532234439771,2.7617958221363654,-0.7032624106367398
0.04401361953664863,2.164320709175683,0.1616406516752551,0.4767670977469116,-4.440352441300085,0.5294942782328543,-0.7362808287035405
0.2968239080231787,1.3109156052738862,-0.09478029283381517,-0.13216756415842126,-3.757810297890018,0.4469800175491986,-0.05462509721299516
0.29013381524439064,1.5556107304089997,-0.07563526587033997,0.38359669278147684,-4.154531815510325,0.4207848537745695,-0.553459531125934
0.2323108215030333,1.3303931223863723,-0.051729770574552414,-0.16797823485728713,-3.542211612405204,1.010347637514517,-0.09969356696248304
0.18058399445835696,1.6543883849583958,0.03486256802977672,-0.07413275889823759,-4.283746439718817,1.2721181940972721,-0.2060912360429008
0.27544497290306386,1.1501386637236846,-0.08075978760505897,0.03195959387341116,-3.503733202452572,0.9555226689741613,-0.28226871034853585
0.13358689404711196,1.9814294255961085,0.10094191455117474,0.5056186398756246,-4.547868880848858,0.751971110476673,-0.8015819927779985
0.1121060644906097,2.2028982359249865,0.11845334026349152,0.3194140108856954,-4.6695982644997605,0.9078125946157108,-0.6953262694567973
0.2506603538600165,1.363684951213258,-0.056252971764020665,0.4695819740587912,-3.8398871642004933,0.7141564089975917,-0.6388772797760963
0.37622385814290205,1.4192965170145329,-0.15468799810123046,0.17674871426940025,-4.153071723287808,0.8751431803336746,-0.3666588026314126
0.17878516811428774,1.753764817194999,0.029403115682454573,0.14265539664409607,-4.2110463905301145,1.8559082927424526,-0.4976903267206552
0.09049624249846,2.2751942709981168,0.11721708427689714,0.3381417121992522,-4.74738885153727,1.5615885795436482,-0.6726571584676354
0.15166745308592688,2.2136369041641495,0.067278489546164,0.11418080619801874,-4.821502583689635,0.6029392643232966,-0.35324775685814314
0.24989768860575795,1.4705301967116293,-0.054463885880220664,0.32838499256346587,-3.9264608742867955,0.6746895389125303,-0.5257765557844264
0.16137866024762057,2.120205648784045,0.04225630289591065,0.3192790567416468,-4.728375888157625,0.6713427899953035,-0.4245113387355501
0.2055353297535966,1.7508425795120885,-0.012849609966662623,0.5166329902729383,-3.9808827666150433,0.2683330842520998,-0.7146580869106379
0.20155671660507757,1.9478513988002273,0.046071397845976136,-0.001617203106723697,-4.857102953616336,1.555582798944933,-0.3475317951102666
0.1437472680698991,1.9684264390050092,0.07250233223095703,0.4048068860705172,-4.302452968252627,0.6798040093394568,-0.763999695921439
0.03788134856908457,2.3178290434290854,0.17102166865612944,0.2247067880267672,-4.67577786582485,0.6404760551877118,-0.5104197480653961
0.16554456366755982,2.108302061549861,0.046150934327439996,-0.14369597672353612,-4.69316746210078,1.0328039970679062,-0.05733283115384161
0.1114085007488554,2.452612169552402,0.14000484417939885,0.2509296453762291,-5.324700194233602,1.4536938674193685,-0.668112336386745
0.1974471507309359,1.9125069335182148,-0.01277038851916501,0.5381633958126532,-4.221140869480693,-0.3361028089501186,-0.6407411462895081
0.15669975314496945,1.760576963414132,0.0492097154261284,0.5165060357838069,-4.165289226972743,0.25111629868431967,-0.7112419215810959
0.11854176445306341,1.6497497942032955,0.10663048548410181,0.26584191590475037,-3.95661990099708,0.6343357419943063,-0.6198315804478094
0.20666547686531636,1.200407735013273,-0.030143276077427172,0.37382925999042377,-3.334718698026827,0.08455515378196776,-0.4798977904552633
0.3413565942510357,1.3122074994392952,-0.13710593812983463,0.35956561897510153,-3.9757881654348806,0.578560852615083,-0.4384644486150906
0.14470746020033232,1.8556685662106136,0.052022422341970964,0.7185750923326151,-4.214460894846559,-0.20530923235282317,-0.8624457664870313
0.061450059904169914,2.465958943999235,0.2022281522031275,-0.11568292644579281,-5.431068836248263,2.8164933200281044,-0.4325929484796349
0.2938070513044801,1.0190211023714209,-0.10565641834796446,0.15273837869315832,-3.2740831036087314,1.0291874997718486,-0.4516937025876992
0.21730995616338378,1.5894989121970948,-0.04079296897361395,0.306097081568811,-3.756187228583749,0.5773267586797077,-0.4812068588701221
0.15072886593349585,2.2132327432611936,0.06478740946282935,0.13100426847812205,-4.735255381419113,0.8739082625533627,-0.39434857123768635
0.13886899210371695,1.9583431322832592,0.08078253581375971,-0.3007492661359806,-4.565057711933809,1.8637966667928592,-0.06898112581253987
0.22107332787230982,1.8428667629994784,-0.0016483320702289639,-0.09652860650566913,-4.263177234581374,1.9220906712447812,-0.3417435061105616
0.27468750352270993,1.5631953264237886,-0.06484471283497961,0.01563354806683931,-4.07022666368277,1.1769645306165084,-0.27777659604579685
0.17997572916834947,2.2529066624929768,0.020764530455750663,0.1986399480132292,-4.723948476137525,0.7302698650328003,-0.39840406215188506
0.2784779583392097,1.0225786865234923,-0.06782799688849472,0.1649598732434095,-3.289629204256945,1.6458952776825613,-0.5713385875719666
0.09028357727586048,2.469266636648089,0.13082986569922395,0.12702277210597018,-5.194946957188725,1.2950207469500663,-0.37961207552962944
0.26659077159728656,1.6634887694589342,-0.07995039331338116,0.17688129824699494,-3.946845644943175,-0.5341668175402856,-0.23382663530246775
0.18177505710776953,1.8162707628577268,-0.01882561928661719,0.2717424429708132,-3.8392750732519265,-0.26593354290728627,-0.3622905213964621
0.36380182644347037,0.7371957198553544,-0.18792575639142423,-0.15526694666854218,-2.8115564888513505,0.714411634455022,-0.08390637829307762
0.1272022709259115,2.3364221482386647,0.1491553428185699,0.25953286215720167,-5.242784539475064,1.2805173038523336,-0.7430567861888338
0.2356668284634198,1.4880686294706242,-0.026727644521291616,0.3010010066210859,-3.9856778159059822,1.6274576540483792,-0.5903517264277748
0.24364452604311312,1.600755269203545,-0.029720387323519226,0.24030103805945016,-4.012906739590078,1.1656475065584502,-0.6042604883583683
0.275707778135988,1.3104673153302318,-0.04931403696677583,0.24616479851636594,-4.110953953523553,2.0723303732119627,-0.5735079060703387
0.20803517707019087,1.5563444669185993,-0.01096494654067337,0.4937756210177892,-4.036319921861957,0.9341059467986947,-0.6816377467640359
0.19154529600895268,1.9278180846644575,0.04649263053696151,0.3002032466365492,-4.547032143559751,1.8653898221908678,-0.7851317452728505
0.18911795547672483,1.8682120818717205,0.02431679089638772,0.17673181377474392,-4.465551352144226,0.6773391733154475,-0.3381649699539777
0.1334002770895007,2.081071766393335,0.12519209049606728,0.08253251640814199,-5.104840304310323,1.8578796103227078,-0.40931531020838074
0.28566445739517565,1.4052289538570084,-0.10796509964921275,0.3947180068494862,-3.794203363806215,0.5590094340351094,-0.5052305303256679
0.3030526463165105,1.3589583292730434,-0.09271066144240736,-0.0854683255427844,-3.7310951129206003,1.1120326369056803,-0.27299173733130133
0.27546567808727157,1.1676403243911735,-0.11429901478431703,0.31441632097394107,-3.215508814409602,0.5884578980772412,-0.45180112459631816
0.17539493669734155,1.7299769387072361,0.010464016041154212,0.48706131452393564,-3.960403682751193,-0.30320943670834044,-0.6030115967615385
0.20892577893226771,1.3549433105831645,0.004216231855929453,-0.008669648802674318,-3.6645382322033027,1.7750076142201177,-0.40226283840108273
0.23835196427563438,1.7430754250617169,-0.0017906344852540723,0.14984268663183092,-4.527561746404278,1.5929130557242825,-0.4984250972512796
-0.014881328258362567,2.7691052715130513,0.20619760771140427,0.22849535995021925,-4.998614062703078,0.9253271396277266,-0.4663470341075196
0.12064167080044583,2.2205893235036043,0.11522418071381413,0.034836562516200875,-4.987788714594075,2.1088956456736847,-0.425814513351017
0.17790826941152937,1.3631759482187353,0.05066041450814074,0.08739448463878721,-3.826406941996844,1.8797350566489879,-0.504051526904193
0.10539722354638206,2.633483488139291,0.14104794542204901,0.5508535337290745,-5.448813530637118,-0.24794958913966286,-0.7385318375022126
0.2170960322454623,1.4936647293447887,-0.019256718307874898,0.31787670479600616,-3.6744538400088027,0.6125853911832806,-0.6369555359858553
0.3174636706799096,0.8526005042336207,-0.13205662215802366,0.7945049418044499,-3.082784934260125,0.5147933557056682,-1.0006214133459816
0.10276108687475626,2.4584398107894394,0.16172220144140637,0.29777515574276237,-5.454662476603712,1.2092023614198772,-0.5953804759761108
0.2693512251399862,1.2262016980334174,-0.06409503255495419,0.6539839037579169,-3.652111906986037,0.7350228573389168,-0.9062319087253407
0.17595383941648368,1.978069980905306,0.015704763793529475,0.4416166217566984,-4.28356976293477,-0.4073684053531506,-0.5450043428021436
0.10329240613756667,2.594795431560209,0.12529419886786597,-0.09871690453091853,-5.317785157607643,1.2944458960600278,-0.1659607421758324
0.2331473324162827,1.640140713980399,-0.09285807499863585,0.6591235485656904,-3.6609570596604906,-0.6999221391469493,-0.6134496866329784
0.40810001608812746,0.9214889183919494,-0.19398893667342465,-0.07949169278534152,-3.4095233360114086,0.889136051974466,-0.21698795258592923
0.16121705959244495,1.5919066401706097,0.03327339449904265,0.3765372887408748,-3.713223454458865,0.0849145783891656,-0.6467159209829539
0.016200668704866455,2.1586456182106875,0.18925658402572254,0.3809422948049833,-4.54472726198834,0.6885992470847826,-0.5878957975406247
0.23624143856367993,1.5895426435428468,-0.06749188397840822,0.4279679819451443,-3.6875927337411305,-0.6687919422009577,-0.4324997607174604
0.08799827740473452,2.200045832403421,0.13389214920788328,-0.009896374306024441,-4.671698640732959,0.5876738436418103,-0.3092259514161503
0.18222294790720683,1.6676983458389145,0.040434223386046186,0.00887174359133891,-4.13956887295594,1.1098264765897936,-0.34357432589294057
0.2521345006341194,1.7220885307535911,-0.03678155749394252,-0.012569760347135611,-4.221063670137082,0.8612107740742572,-0.25608629535425964
0.1160647210339408,2.7119857027392076,0.14265269704891548,-0.18218005567951434,-5.602120579028186,1.2977845245456532,-0.2105329876057737
0.11054655732236876,2.2355767490598244,0.09757052488734463,0.0951866963168071,-4.707789180218624,0.8681207071031104,-0.3490755056358581
0.29649645902695787,1.5353836782165688,-0.09017858763113562,0.2385112540425554,-4.160946573500765,0.8216865721263996,-0.44081949405242427
0.21166734557186526,1.3822468583737761,-0.030265305666035136,0.15862254432969625,-3.5114976118767265,0.33499564751457805,-0.3259175283591396
0.09313398778887784,2.3393036299460137,0.10633183445680383,0.1730754202915168,-4.700213727809319,1.3029506913865891,-0.5325163112769625
0.15153453377995765,1.7843605139387866,0.049776255569523586,0.3953503326879753,-4.035241451304015,0.8310089620162742,-0.7026176206687811
0.24217879594931196,1.7584383619216541,-0.021567387491653323,0.10322751159114743,-4.274260905789793,1.0904069991272483,-0.4596523222122102
0.24101104291014083,1.7090491172673183,-0.001863229450596915,0.580546904011181,-4.635607758288225,0.10985109938897952,-0.727905545910794
0.16205638476754217,1.8747933008229252,0.02868327996952491,0.29680608399410907,-4.12971153158701,0.17406107433114457,-0.4424967876807098
0.1701568766599772,2.226333740783051,0.02070423129441945,0.16829733469094899,-4.4457174519192835,1.2204881161746746,-0.49342740779730637
0.034645287137599595,2.514443031105159,0.16215231002211494,0.21847205317083768,-4.827923773698876,0.4249440709836055,-0.3631232034313926
0.23502624099429878,1.568174086223157,0.01710452355785952,-0.07903719793965022,-4.339162341782252,2.7060567917121294,-0.46422987978326213
0.12075587009768303,2.416933051979399,0.09717002505799832,-0.03247245269290655,-4.916911459743887,0.4472290578243995,-0.2362107859924613
0.10236470668645421,2.21499452501063,0.09858272617667563,-0.0048515273627820765,-4.610183694933217,1.4527550104533673,-0.3315392443045895
0.2563133618645032,1.3355605344890278,-0.04887940140271274,0.043112276803493235,-3.691180126942954,1.261704681989996,-0.35105598373430025
0.18639097221620396,2.113112873884107,0.008159774096975436,0.1341041399007449,-4.700249078040857,0.7233788672887106,-0.21039910049378677
0.12078433090003715,2.1999170969550628,0.09996375003151758,0.2664715803299083,-4.769117881445723,0.9887823043340942,-0.5243251759138393
0.2453885509985704,1.3992145768303745,-0.0323922282771647,0.4205706300308679,-3.967297632624903,1.5908055731132695,-0.7952167226079682
0.06673817990018104,2.3493938253975726,0.1617042642140516,0.28085165231891224,-4.929413835597357,0.48182799536392407,-0.5349009031104075
0.17114605004876812,1.964010627480886,0.05702594659050386,0.6876283446109979,-4.669654482715717,0.4389550316957963,-0.9256327565146445
0.27227068485703265,2.0235006368674653,-0.02922837538475309,0.0025999019457882133,-4.853983942381514,0.9903978278467381,-0.30243890710586313
0.11069552579070667,2.2086891729532474,0.14058122581855592,0.0694177713383288,-4.959511260098797,1.7754416273864944,-0.47853118258428434
0.21922709115779718,1.3531004910822206,0.013762227749941291,0.30375026825500523,-3.807341976595745,1.14757646297818,-0.737713909556789
0.10455104818681371,2.207555266039887,0.07918574080176843,0.23464421062537263,-4.488773423177718,-0.07942796683107944,-0.2880235794974546
0.1619385778459427,1.5430514232770434,0.0451909239419499,0.15781310686569464,-3.8962824023849265,1.1698168884659752,-0.45811706875864977
0.2554253840143581,1.6074739010799264,-0.02927720404503087,0.27396783326071794,-4.203405317412147,0.874434400200858,-0.5838029154328044
0.15374151357235635,2.392205260530583,0.08793667554761941,0.25895385045671204,-5.240725290411873,0.9489054363831876,-0.5304659172107461
0.25535646327887085,1.186477672997015,-0.05778077594571884,0.39056621948922793,-3.4199765988566733,0.6588847990253017,-0.6538530816607446
0.24651321321957473,1.5558570027997314,-0.04671852641672203,0.013271471059270096,-3.983639717842872,1.3664920268288248,-0.25941655052313406
0.09410819494674412,1.8987074497406724,0.10584240662737421,0.555222835932323,-4.3469797822673915,0.3347996231007227,-0.6800970812322589
0.23966959378132843,1.2301142646893644,-0.03116052947969461,-0.027921423190642475,-3.6506102561060128,1.690126342157911,-0.27469325654523796
0.10685345652308623,2.074576425494773,0.15240525404153393,0.23094527093228986,-5.060061621109822,0.9445767197066693,-0.4953222915304675
0.17684137604222,1.8988023717894251,-0.012478957498176069,0.029034372523097235,-3.9763186606845133,-0.3153607405508887,-0.10030378416715702
0.25696104821191634,1.3460936393498502,-0.06554000722320097,0.1778290259508372,-3.7011642058043255,0.5615441635219481,-0.37228316787795374
0.11317904751683389,2.2913957647404204,0.08664272718175381,0.2899931497527277,-4.7743635564666445,0.9305330524253744,-0.4833121028213706
0.11349209970501185,1.9027054751030317,0.09143573824727191,0.025340290098680385,-4.1783964061952625,2.1422976811860917,-0.4662192983439545
0.23275866127118747,1.622532763844792,-0.029963226638056284,0.2994739654126664,-3.9978689180892384,0.6619941354443222,-0.5732587291015758
0.28388928734745633,1.5004585089289104,-0.09785330452353147,0.39814297209047694,-3.8318729810748025,0.1287761390864453,-0.5098346491311635
0.16269407102378272,2.1356963673102403,0.06331817459842992,0.27814183815075755,-4.679002404760951,1.5166674463787384,-0.7092583062992456
0.06200794761807818,2.1000771978620736,0.13564686663580328,0.5712327619383105,-4.378506990138375,-0.007648365705123117,-0.7077721432627988
0.09494465116856846,2.332502374325999,0.12161236093384775,0.46323534013929735,-4.970368828694138,0.939789262681656,-0.6714294106402785
0.3248922057158218,1.2252410041150352,-0.11671315391506942,-0.31700325377460875,-3.5869693775566454,1.9540574660146415,-0.08556652935439778
0.19076114163907262,1.7126279206364652,0.05463647022212115,0.4331866547689861,-4.425071820610195,0.7489071645147549,-0.7522808975054682
0.19167760291223684,1.5914791389459948,-0.0006137356011119977,0.19445666516178448,-3.7370110171355595,0.8740533543858117,-0.5088704603971297
0.33578507024315424,1.269150411121224,-0.13397513255912452,0.2718333756053447,-3.7167415038603218,0.8438734611279787,-0.4989706802640937
0.16439137280762536,2.0421331900683777,0.008736362220266747,0.2241795393160496,-4.073134758769083,-0.06828361964131324,-0.37126513183334053
0.27131282194221845,1.4028450157488448,-0.08764636847884777,0.4166556743917466,-3.6045107135493883,-0.2502046517346439,-0.5676401928433616
0.15385248524841783,1.769947135829259,0.03569088798068698,0.23138885434915724,-4.046979252911363,0.4876024841044142,-0.41725508877772477
0.2185533451264112,1.4661406086996347,-0.02548150023812612,0.042103808623037337,-3.714846269521172,0.8530527787844531,-0.31857165298229567
0.10776097729156596,2.2809464050167465,0.09555889576767673,0.09894838083749344,-4.841059922018671,0.1004003257263591,-0.1445387054813968
0.09786875258680976,1.986266767342597,0.10075185000459808,0.06315421424980364,-4.203272699716367,0.9811327576501111,-0.3952758427876408
0.10663717620070709,2.4566954643440617,0.09726139915278686,0.2054433592708027,-4.913262687517688,1.1189219797937455,-0.48012165722117883
0.09773245406963235,1.9374060277338039,0.15117243785862433,0.30038498049375784,-4.541076449968683,1.5827134814444785,-0.7757613970167649
0.22129436162951935,1.4982444286293295,-0.01292680156354975,0.07985064946662532,-3.8641732884819495,0.8308618391919185,-0.3428339341537823
0.15288662167244194,2.000328851717026,0.04587933257024779,0.0027231822128873096,-4.269442062637637,0.35276925337847287,-0.2188549115106571
0.39043085193359806,0.6119458889338735,-0.2411681716346694,0.4048324441354067,-2.607876662654956,0.5266858478268874,-0.5511573931134983
0.18227851921863064,1.7737510655557607,0.015152033711946178,0.16839530695740185,-4.136376722684605,0.4428389468490251,-0.3713989190044804
0.296088268743099,1.2717672921233483,-0.13964406531192164,0.3797592480630585,-3.1784795081983326,-0.4285774079250509,-0.508264019756563
0.25837939828113815,1.1477048904104823,-0.05261490453604856,0.08536067198462108,-3.6398763596033015,1.8264118934751916,-0.37888355961325204
0.05913290679030873,2.2580406797542896,0.17142553687709028,0.19420290860416675,-4.713635516210513,1.3373402149324223,-0.5606126081197151
0.3964414376630732,0.7015711278906868,-0.19726938127359223,0.11447156933293143,-3.2391253845403,1.2538384317729572,-0.28649360018844044
0.10767638922750518,2.5931104099594835,0.13039704386118167,-0.002825261058998385,-5.265188349947096,1.0672411752652318,-0.33904751869299765
0.1715626374882285,1.6514013190694217,0.00953204732652324,0.25084449380963614,-3.7220505319357335,0.2624537426605086,-0.4867426080858064
0.464562640975617,0.2160003970216629,-0.27409323480131276,0.2294758828386292,-2.5211910965440656,1.194606444447404,-0.5844545819805963
0.272887448989039,1.2778392718082339,-0.07776786077426279,0.3226100289463619,-3.6029884770999487,1.088981540988903,-0.5829041875886666
0.14873556102853921,1.7843864160345253,0.0670421258940539,0.6123611355257335,-4.262381372781726,0.8528649341879201,-0.8733513734591487
0.15991662547001775,1.6602378701482925,0.04237023425431663,0.06693967139557938,-3.9899259604959276,0.9376411064295211,-0.30606647351977645
0.07691745416473832,2.5201678385395363,0.1263013645230382,0.25873153390991005,-4.921791054294125,1.7280039189782812,-0.6278859274983857
0.3409159633471364,0.9622934333601338,-0.09780384136329551,0.3487231950681438,-3.597027705707257,0.6775536354661252,-0.7200270320356636
0.31605283931360556,1.1894695780028535,-0.06830275208646042,-0.03355581323943688,-3.922043906829128,2.187480033807098,-0.4505323109045513
0.11682735985385903,2.13791657945092,0.09673684951372374,0.3159155333628275,-4.516028702674866,0.6189696046773585,-0.5747007809499066
0.08205059627488293,2.4515118670437883,0.15077975472697602,0.3433582669452021,-5.131787184030138,1.0492132899722784,-0.6187863357924459
0.35846206172722594,0.8204844141986256,-0.1598472237942184,0.3033677999140251,-3.114457767764447,0.7024789178701677,-0.5439052027886839
0.3154209487717942,1.4753404026346375,-0.12453259733658717,-0.04608735660635903,-3.88374164542873,0.5952811264294666,-0.15540893849046583
0.29123476279835203,1.0976484258349954,-0.09233439851608438,0.47119832906764764,-3.50538450631558,-0.15780491844312522,-0.5503414166123246
0.029228914176600597,2.472777876721731,0.18148752713530425,0.43207903797103564,-5.073066810036002,-0.020475579898169484,-0.5077012015844464
0.3111609105056095,1.1562921250552767,-0.11834419880931046,0.30546928444657623,-3.5301316469940875,1.1991183568816015,-0.6062371348717756
0.12052768615109327,2.2636937985612935,0.08870631913590321,0.04864265983690347,-4.672544321015019,1.000873287433412,-0.32540285082184134
0.1698881897726675,2.0814414145433884,0.068893331189255,0.487094823870478,-4.829257947497257,0.5827862093762561,-0.7540588955103307
0.3017451651278576,1.1126945119377651,-0.08571630045308543,0.3647515644629056,-3.546628192691644,0.858318079274929,-0.6785996205931498
-0.03912390643017122,3.0718289775769057,0.3408290157291538,-0.3012827959524897,-6.191620344371868,3.168058845636672,-0.33342624356776845
0.12218152849883837,2.2569883914573716,0.10280851204925678,0.5428367717752203,-4.848387594932669,1.145641239796521,-0.8506897704346975
0.2875190463559297,1.1673677901182207,-0.1086728523422662,0.2781996673933274,-3.306378188338636,0.0015500660823747417,-0.43748155606239847
0.21546823500447765,1.64229573446468,0.011695031071746076,0.37805228748764436,-4.163881540831931,0.6539455908940252,-0.6792504546722617
-0.01895978003249834,3.0262982938374816,0.2989735107280094,-0.11938925654298121,-6.0730392055561735,2.2851172514024114,-0.3569799825052484
0.3765782752097448,1.0187969370628325,-0.18352315198714775,0.15638858443157871,-3.3189897512311006,0.3926303707387596,-0.3785520218024319
0.02044164627950944,2.3339945526159678,0.195564413956548,-0.1464109063440297,-4.886127455891218,1.0587387950640483,-0.10605458758450742
0.1015090772907309,2.08401783459727,0.1227460673142442,0.21354302639144834,-4.505190881360577,1.632584626342362,-0.6760026721324486
0.3395276098901525,1.4820931468345464,-0.08731213067354748,0.4514425508324017,-4.499374773335789,0.7511887246465971,-0.6675104112672531
0.26806552851424753,1.4776283463646118,-0.07265759869810107,0.23279659656934737,-3.8192156360196927,0.2868773301378424,-0.38464041427330453
0.15789786330322134,2.0116653895072205,0.06591452714257029,0.29289794206124076,-4.6685449935043595,1.005508893115874,-0.5452528586684005
0.31923195289391165,0.6940083733673925,-0.1775091741955866,0.4133547719171345,-2.426963269145685,-0.4288209124278684,-0.516122081709592
0.1964933805206792,1.5857915957278352,0.02306318868432622,0.43742820375763974,-4.078317214300147,0.5578879882949089,-0.6491845053112071
0.24036784767979588,1.2713319336313174,-0.0020962055686214454,0.39476246208424476,-3.9881185390154568,1.5862066542774294,-0.7263696884574854
0.15767095883398133,1.7992896495237811,0.08780908588124192,-0.4114006883176803,-4.427977098831609,2.1817772446196293,-0.14168336622850783
0.22349361831244427,1.5121998058519956,-0.03189056618622432,0.35296412850517933,-3.81751006513845,0.470375165412371,-0.5435177050396064
0.04972073799896366,2.3465709437716247,0.16286232272864032,0.1942729831556239,-4.785484712199689,0.7626437056965608,-0.4394069921911
0.08053041079883477,2.4967005008669934,0.12957492046593688,0.18607390295137755,-4.907464301773438,0.7866164557959275,-0.4343405754685411
0.2140637037437379,1.6105936616889613,0.03693631995541624,0.4401358503139313,-4.337082372847542,1.5568771157559362,-0.8508478813614442
0.26562305296224537,1.375561187286156,-0.06078314687963626,-0.1870592768095257,-3.7723850857552206,1.516434174222316,-0.11615170635587455
0.40821345591361125,0.7791523684735775,-0.16770119127867403,0.02024398654411544,-3.6025764365986412,1.377044592211342,-0.32392366583848875
0.10245262178185373,2.1996161552111166,0.10960911690510389,0.061825611662129104,-4.631845516609843,0.857952773342681,-0.3667902369717342
0.14348514727592654,1.9922694160732985,0.06645610202616137,0.2542023612675596,-4.42579043541085,0.3129092675855246,-0.4273935686357532
0.2665686485855268,1.8646635939908738,-0.02477083746887443,0.13067199707076313,-4.545010990375933,1.3596552335462855,-0.5526711842928349
0.2541752049301646,1.581261353568586,-0.06629488601175382,0.2983330075711943,-4.000380721122056,0.17746660567033548,-0.4056325190096743
0.1946082894117207,1.9691494256815567,-0.015521875629030957,0.71037966550944,-4.117852269874826,0.37066045441641277,-0.9434347349495558
0.03714659626794837,2.411596714545003,0.16980736583661127,0.5629122839761456,-4.741133857754468,-0.18134268151219735,-0.7211532935960974
0.18646655779363153,1.4772594611463594,0.025425106504140427,0.34875292150583903,-3.9105897486814,1.3377284808884762,-0.6535214573249393
0.08224042055665508,2.642138395920916,0.1612926192589561,-0.07535192248680139,-5.427176149254425,1.4867402381522754,-0.2825250679127123
0.09549374147529942,2.667606513523393,0.11897907041396483,0.4157065803206735,-5.307054782674549,-0.09841637163824907,-0.4924583268910371
0.26655531627347784,1.408876359359526,-0.062259940868484964,0.3491967429351486,-3.977901667266743,0.48660664794260156,-0.5156060495812528
0.4347858073281296,0.8208377013127586,-0.25943818121115736,-0.2526352024173778,-2.9564506941258024,1.6557723528600132,-0.1113420696028603
0.20291035412868857,1.6381516868352006,0.03287231621434783,0.211029201905568,-4.181201531875965,0.9864347433806331,-0.5807440457521822
0.10152096832590074,2.595184505459773,0.12663966836782192,0.08857712793129846,-5.156233520390845,1.256654924042285,-0.4522635261120065
0.11358922013596666,2.191206903415518,0.10567487116986096,-0.10668559234355071,-4.773241191850537,1.6198113513013832,-0.2669994066030008
0.23684477010327792,1.583301804933301,-0.01961342264617172,-0.019154004409462355,-4.029646269039866,1.021257862446144,-0.29871374216915514
0.09358749410743543,2.4279354233064554,0.1251373900921955,-0.07651906743846654,-5.071712155878019,1.031276533097097,-0.1558469045103316
0.276203399097125,1.4015528973839044,-0.09516849316912213,0.42291273839146387,-3.8224375181681736,0.3314481271373992,-0.48097906340412855
0.10500616690928162,1.9530461805545585,0.09344586334750193,-0.1047054807189636,-4.200059203603661,1.610900992810179,-0.3074067854017136
0.2586544865921676,1.6135006638903562,-0.056128473285328884,0.34618525207270723,-4.03253094784301,0.4999588330489563,-0.6051925526474723
0.05112352697626051,2.940333238500921,0.19776082580134435,0.1377628110624184,-5.768888327631954,0.6818682511031944,-0.3817468479495071
0.010004519187615987,2.67566033315324,0.2368556940907638,0.3091689539648804,-5.487151503689585,1.8262945551924121,-0.640622366565899
0.14411410787923992,2.3177647369514203,0.12215700403213425,0.032553227526634226,-5.329798554722904,2.1861544662066708,-0.46237883305328287
0.09337271507058674,2.1860323216253628,0.1132146902767952,0.12501357568040336,-4.625746482901018,0.9986634441074758,-0.4287238190600443
0.28210175008470556,1.458160094324187,-0.08416620020446508,0.24809950285568572,-3.781794842844759,0.27925284294016417,-0.45859261030498244
0.20360541110461117,1.6879974548987633,0.01912468423261071,0.18701971253290706,-4.204663669557693,0.9289205003902888,-0.48548467056960387
0.10977160734135447,1.8830011486781357,0.09369054561068779,0.21631675951688914,-4.249022679108765,0.9876720962955654,-0.5143755786902802
0.29913353377458796,1.4364793204314799,-0.06897396383183008,-0.1740116355346721,-4.02648666970784,1.4665381053700932,-0.242755868253817
0.15227613215138125,1.8283231528904367,0.049340431743600366,0.2453654161907319,-4.273036061194278,0.5005395980190245,-0.39371815709201685
0.3410323740604136,1.421367821110807,-0.13535380235656824,0.05295929703949834,-3.8994569863357325,1.3969826310273998,-0.4142833188155542
0.15859606962334835,1.8267642330341434,0.10127688951115776,0.17655710258562896,-4.76153816307714,2.6016062788023593,-0.6844376517344332
0.15538712025433804,1.84148334335657,0.0651112062059922,0.1236251985864325,-4.36105240325409,0.7910520785513298,-0.42982123662861527
0.023962057227105187,2.535142411368452,0.1806080150701468,0.6197338902550333,-4.979640616230478,-0.1473441146446512,-0.7300015447676431
0.07710093843848244,2.409672178185977,0.11837939332618297,0.1723076438246883,-4.796215991497901,1.242808624664738,-0.4473579464601054
0.30389817935028357,1.3333877166045651,-0.11481652812231746,0.5681186072526635,-3.6401873548704806,0.424006548972384,-0.816945991768236
0.23737984004114956,1.988938887186335,-0.02048282272976798,0.40850948872093035,-4.5359891053374195,0.14773955630190966,-0.6116692596274491
0.08416394946991106,2.0970536231612473,0.13063474085003812,0.3054445152816584,-4.604481777905318,0.5614173065927014,-0.5382617715511815
0.0432110457828449,2.693994201790952,0.21338593292450092,0.28765296258504613,-5.453445529105146,1.8105472744922961,-0.7363141319833832
0.0929299094022157,2.0902626015472947,0.13523701650934172,-0.26163897815164294,-4.717056861396526,1.9758602875829703,-0.1107765382757176
0.3365374673103143,1.2203575577682226,-0.1474299793074214,0.14679081194303623,-3.457186366287809,0.23644267914098657,-0.3768829709165341
0.37305050158091135,0.9801159442031291,-0.18869775353581036,0.49970334801214145,-3.116261175401341,-0.34199018723313535,-0.6892861978771321
0.3510948736649421,1.019574128773035,-0.1500585321975968,0.48010922612097334,-3.4643603469277284,0.9188487622037328,-0.7760982494590543
0.21416511995520124,1.698395879718932,-0.03722540778099237,0.17664893259196526,-3.958650470330145,0.0037771239802199402,-0.20307369384401772
0.20955180731148332,1.7491750344400174,-0.012843358945124228,0.3053429402170591,-4.184882732819878,0.17444893369219164,-0.44736996111371186
0.22617584597280657,1.3100815127833538,-0.03922247097499021,0.20794930502846298,-3.6196549509109754,0.6863812970324454,-0.4037462416522227
0.1252292706846105,2.5074224726375283,0.09969478571423962,-0.34208860026712096,-5.126227158734124,1.7960593983045259,-0.013918218741477556
0.1872039003047164,1.8615681538813367,0.09391722763141885,-0.30926743033342474,-5.042116384111541,2.759059061457897,-0.20779568639359605
0.12767909897710056,2.0906007982396395,0.09782687788823896,0.1296666746924962,-4.719939371017449,1.5944545811437987,-0.46394538932906765
0.2747072612692755,1.4970855193775099,-0.055031124557555655,0.3126500698816808,-4.137092622832142,1.0120722629208576,-0.6209640613101276
0.19262847625909163,2.343411728618458,0.05144458366794069,0.2789932541968323,-5.253301530535845,1.018349540557641,-0.5594546507464153
0.2180120694680751,1.716219348409691,-0.01781844503855945,-0.1146574875524857,-4.078013181650755,1.8331292528364367,-0.25929994151316543
0.30428862424746994,1.1234277802769683,-0.08991022771356372,0.22484217955836072,-3.6386295211069837,1.3623606573650218,-0.5389088862211178
0.19133189987296162,1.280523383373964,0.044131916166965546,0.6084156232933187,-3.9551739527300924,0.9882491909255022,-0.8539240858737775
0.1402619728214778,2.2826883281431862,0.10426632484867038,0.031484908120607114,-5.039036433383383,0.9148265707651158,-0.37957012130162904
0.26237241286741947,1.1630879000650105,-0.06935941760935971,0.45408433579344243,-3.451478807059918,0.6395764866665624,-0.6683604171189333
-0.018438863119304132,2.8035230853319066,0.2239871916206293,0.22242656241421632,-5.194730906690771,0.23423730213886407,-0.4046972289600976
0.11805576581975402,2.0967741181308552,0.09769780279225793,0.287687613806916,-4.546183154836801,1.879216227438132,-0.6721775238686856
0.3166776913196339,1.3146683722224939,-0.11017595293887739,0.04155725651828683,-3.7007735123241137,0.620224802835321,-0.35785118198421734
0.08744390152937383,2.0052289670306336,0.1187892340968475,0.23555811838332985,-4.261859585273357,0.5308732591309312,-0.5616190766419609
0.17549434772611364,1.7095624422824944,0.024404721861375878,0.3816011223851042,-3.9448133997028174,0.8962773413402991,-0.742488147576792
0.15382049476064147,1.611470208037899,0.0948328127660949,0.08452965363396461,-4.443661136381595,2.6727283281545815,-0.5510579639416195
0.11901687985167426,1.9100580109085825,0.08233023229532366,0.5886411287258595,-4.31357389029967,-0.09601959598309667,-0.722548372614425
0.3195943663491071,1.223214030954963,-0.13000079809111764,0.47402966832570775,-3.7103113772178307,0.3026924539254904,-0.5601632706100611
0.30359334100977525,1.3105223349032018,-0.09031561838910895,0.13789183142270356,-3.8148689459626195,1.24681520191095,-0.4462179410663377
0.09877816734887368,2.0205470522387343,0.10148236748693074,0.11499283819956535,-4.245303335842077,0.9613102959065168,-0.4748446644502254
-0.061484722451110106,2.9301541043978347,0.3013307737765891,0.31218318030514086,-5.6016027519098905,0.2653234898604546,-0.5464440918465097
0.22877225406073431,1.649772587765162,-0.049553626937238304,0.47228837868154855,-3.817712441557603,-0.21301150631918292,-0.5656523763756991
0.17588374590982722,1.7214301494188733,0.012240141272653382,0.24764845355630538,-3.9668826529552828,0.12596796910462713,-0.4317387651237472
0.2825523091337402,1.2517739597762305,-0.07039767420300291,0.16239271717009443,-3.598320113216219,0.9937797926805529,-0.4879291555394473
0.19666191720267095,1.8350998688701055,-0.011794684988044368,0.3915694601435202,-4.130409833786043,0.2672498620247829,-0.5557623312178868
0.1822360874281109,1.4764185813624122,0.006464592766159516,-0.03677665976967817,-3.5522691685987042,0.7233719261376483,-0.2682367727349234
0.08393841593223417,2.066385779513473,0.12209919299157224,0.041908516337952534,-4.428839713825759,1.1618795647628293,-0.3233349250393437
0.2389821030401048,1.5558830429374526,-0.003594302950993722,0.011554595838125015,-4.307175843364527,2.600196860319322,-0.4452796271474969
0.1590691202294917,1.7794075857814324,0.07644345823057419,-0.17926338096954034,-4.530872046988972,2.405518075954988,-0.260137167085409
0.1783866038747625,1.9257399712716254,0.04337269886196937,0.17018915287379272,-4.498044011391558,0.9423844931593982,-0.3948185828289361
0.07637316292860205,1.9011481936400707,0.14864300216976223,0.33026844883884765,-4.4237100065194035,1.6635969482371962,-0.7319207752408218
0.12288736682089253,1.995854190808923,0.05015002869004692,0.40335753151272635,-4.26354513407099,0.4458270677873907,-0.48981150977513604
0.07415569618522941,2.0014268671084765,0.17975056544998402,0.10101177393045557,-4.8655809975395705,1.6105723425132545,-0.5367590511480969
0.13827836937285762,2.0747227540374404,0.09828423429798416,0.10125778183212802,-4.687029168855218,1.677025831629281,-0.5297795403155207
0.05351649187164071,2.2401745665748494,0.11915725538669752,0.3113857448874491,-4.35005150680746,-0.3237405722637161,-0.3567202610749446
0.15759427646135407,1.7806823030844994,0.03507130488433674,0.046397548945581485,-4.120387180112838,0.9333557482254132,-0.28132012465470035
0.11828437446381153,2.229271473532025,0.09684793060294794,0.28510229444187846,-4.705950778319464,0.15415143000662235,-0.44561780895469294
0.339639966180016,0.807335358081501,-0.16535749531477173,0.39157263468898873,-2.90783186193382,0.16364231136157747,-0.5360842111652102
0.19589580166749612,1.7931657679968853,0.050668853583449636,0.2954400800121849,-4.490153966649756,1.0980638040931354,-0.7024664100628201
0.18732346858132898,2.0676289233416747,0.046200516552233895,0.022828930118246937,-4.793523830669542,2.046385185761338,-0.35161638475942064
-0.0009309726610031682,2.677295478756138,0.16926830915210678,0.9320575248348071,-4.7628550291768725,-0.7620291635667771,-0.9443605055513717
0.25537625116177776,1.8329647880741224,-0.03836564101183937,0.1991744962330108,-4.203007769387634,0.08389140135107834,-0.4831496701163899
0.20737710106440693,1.5241268082862933,-0.022956580166548113,0.3386078973817769,-3.7616409385264356,0.765992560120762,-0.5527485379144943
0.32942898023103473,1.2660363844615912,-0.16093074504745375,0.04884955155843837,-3.5485141101000037,0.7805043282011376,-0.11593012984257721
0.272940624158808,1.2776232420984603,-0.07297709132199948,0.1726471625890063,-3.549325495089255,0.5451817838595444,-0.4672675987560825
0.08614275671611019,2.069110014235288,0.10530903492315913,0.29926552124540307,-4.207320450955339,0.14546008974915597,-0.5449698881784413
0.026990072173363158,2.5937073681580562,0.21424369432421608,0.3255418010010055,-5.063440678277042,1.5472405716462696,-0.8277244587346049
0.013316394188581597,3.1278044086121604,0.22528988851569043,0.23084884022055302,-5.817566294622093,0.5306485467622649,-0.4898615197685266
0.21554837122193926,1.7602265410104083,0.017294857275328868,0.07892017053528635,-4.4938767079409505,1.3414283235446873,-0.3352146042516147
0.12163186622530629,2.1758706615098533,0.10202512607054337,0.1764739073196121,-4.8302737220267105,0.7475518568036126,-0.35584803220164896
0.08322242365025152,2.029761510308305,0.13132636080646676,0.4205080529349827,-4.370827126867287,0.630487992971976,-0.722333793617992
0.28175970323034144,0.9481138697291724,-0.10311533781361809,0.40993005841500646,-2.9586460755966137,0.8209107155866512,-0.7579465090849454
0.2989456851482803,1.0879528928588518,-0.16062187199002387,0.6674034458328856,-2.8886224117411343,-0.753070858867553,-0.6785338601738169
0.25847277145047015,1.4180781782379754,-0.060008282636405785,0.343448531507037,-3.8098296607094584,0.6524174962279942,-0.5840061280465968
0.16359605315198547,1.97209599196968,0.057881536082948104,0.2154320986534123,-4.64664308724057,1.0957451944581433,-0.510328581943241
0.12504699492076354,1.797385144751111,0.08829425953305425,-0.007598357500790326,-4.012157206654833,1.24192991041446,-0.40640887027575134
0.23148369077073977,1.71816961009094,-0.05590401160993386,0.026596752665670298,-3.9909112562690425,1.252325791354418,-0.2613363407430866
0.1187106949258457,1.9668334974171593,0.0745440401005153,0.5203003041664545,-4.298024441284063,-0.35082188601948244,-0.59110949555338
0.24072255062299613,1.7731370527954895,-0.07745323163064088,0.7457674769785531,-3.877599150926661,-1.0742136858301254,-0.6827829457569593
0.18621912974115826,1.8030979536791443,-0.005426112845773545,0.40112574307484306,-4.0620784651835935,0.05500672386491147,-0.5345859668033304
0.29656881530331364,1.5536742364698657,-0.08543181414731638,0.0884956903920551,-4.02059202266258,0.4782227373429932,-0.33301586545448575
0.23200955796365083,1.8485152953906352,-0.008015061539834667,-0.12137398001025823,-4.454392841604227,0.75809249316646,-0.11994619061241205
0.17005885076233798,1.5010190531268552,0.021433695917854045,0.2153205042655716,-3.749774488691055,0.7832987780161387,-0.5060679067963048
0.24396828257155934,2.0608377370276645,-0.06557504372979639,0.15550385311985998,-4.288791035776803,0.05282305830850502,-0.30859143938818995
0.10735834653634516,2.3702516074270594,0.09256061642780922,0.6521104465438223,-5.022466743594627,-0.31524530920785354,-0.5659357799956342
0.1321410448698663,1.9513436432678617,0.09064849416003051,-0.11823940146640793,-4.51916061751374,1.6700259585701858,-0.20090423762168402
0.06210805200005374,2.5358765538218897,0.19336327711550227,-0.07128492043637186,-5.495674117916765,3.2923675870938727,-0.46393149408886103
0.21475651453851072,1.5082298902876516,-0.01895500205241407,0.19974013875476254,-3.6562295495062505,0.4621619602790953,-0.49811196031847826
0.07568162708441953,2.036388306106827,0.11012039283907193,0.5725114753917399,-4.055640810249752,0.05688766718349317,-0.845473827626164
0.23792984674010206,1.5676256028859819,0.011878511404894043,-0.31306266942159466,-4.18558731006093,2.4254901445913943,-0.2674555772875461
0.24322036156047253,1.319914981602977,-0.005466383127680885,-0.08318461544687415,-3.8625663838692352,2.2582789706869972,-0.45262462001165227
0.2865258312527766,1.5605401996389985,-0.07889213919504967,0.04688964784064245,-4.147279586504291,1.3524607124026193,-0.283370313621714
0.24730242562295418,1.1384970243552008,-0.07399391950681278,0.3678121809622501,-3.192990513075246,0.2975121678201376,-0.5569632868820712
0.24464900649277993,1.3372220814304867,0.0029075847083733786,0.42299284869572584,-4.297200718222236,1.1539416286039217,-0.6107476663976895
0.13395395007215982,1.9210277228415198,0.10526841331390813,0.03496341752151838,-4.603828319460586,0.8628945762369222,-0.33669666153187755
0.0928789465373743,2.4783737423224075,0.13516011528948813,-0.1336604374820483,-5.155893059024955,2.0663092641484173,-0.22237571142878781
0.09190356113219665,2.2632361423500638,0.1013721691421483,0.049774940839885484,-4.490013134113866,0.1839877442740877,-0.2317739240854484
0.01825631647376979,2.8894781966181218,0.17905375575252735,0.3158754203337308,-5.284327365982385,-0.01845506226090498,-0.42442267043059956
0.21872668978916174,1.9991027723760755,-0.0020705326671228708,0.3360503240529992,-4.666807123346073,1.5135792561376173,-0.6463752414355789
0.09845276018081996,2.019216497960268,0.09183201020651688,-0.12228255952524608,-4.3977150910304745,2.022541871627775,-0.17495178654841828
0.14783198766169178,1.846216161115136,0.03367321693073699,0.33250974701511293,-4.088575574937508,-0.42841228638722734,-0.36799158113452973
0.24190678919585573,1.453111658129088,-0.03909597750528693,0.033449311028888,-3.93347445437265,1.177482444807292,-0.2532975273705228
0.32162897424960957,1.350136758318334,-0.10158860066294206,0.1660612036490155,-3.936947415203095,1.263374312769095,-0.43705144242057387
0.19813066388871026,1.6826595877213881,0.02208941162253475,0.011964882072203614,-4.225765362434331,1.2987543199404856,-0.35476588460043257
-0.021207408030842655,2.733952118855677,0.21270590207395923,0.6854680542626401,-5.027736559210382,-0.19171375424870182,-0.7655372738746905
0.22792089155345124,1.9128413134074795,-0.011053953523920246,0.28090900042831723,-4.502657001993975,1.110338714840146,-0.5696359102742709
0.32627246694647716,1.2970001704337455,-0.08871828531163972,0.14460177728704832,-4.018945696505705,2.108929370371009,-0.5932626323832922
0.16006888948281248,1.905384337661892,0.08786848129868097,0.0917428216521782,-4.6274769322227645,2.262834514206114,-0.6452062171453556
-0.03223573819175999,2.92322776016495,0.2367239574758231,0.4912457292790477,-5.188614508639374,0.22821128128042847,-0.7356584432835076
0.17924268523562256,1.4259540661523031,0.024994935340830637,0.2037579477940172,-3.5842873470638446,1.4313344527718683,-0.5752933945079431
0.42838328518317254,1.1076495133302504,-0.20844534320190622,-0.134038086817301,-3.7442672237520522,1.17923589592834,-0.1190095755445238
0.26019625335641644,1.1847007833793275,-0.11107012685554296,0.3501151320924869,-3.1603351939067097,-0.3425451272621177,-0.37462585365077417
-0.001184175699952704,2.693774426856636,0.2014204281967502,-0.046870555267183034,-5.077321736051948,0.8100775005651037,-0.1941453193381833
0.315145924087426,1.3597539877979883,-0.10852628206547088,-0.006728458637888193,-3.88264573883191,1.1813068131058402,-0.24812603070399425
0.22747066704909866,1.1092051207717217,-0.04961666083368976,0.7062787228531944,-3.4890906725881417,-0.13481944107457552,-0.6654724513913469
0.23224820505873978,1.3547938810047593,-0.05508058926675852,0.3678206583339839,-3.2809873204099747,-0.5006326139069166,-0.5738609387233189
0.20230558449305291,1.6313073044572057,-0.016241026638922573,0.7340802127843336,-3.8324279969592627,-0.3212908788921811,-0.8364266116843944
0.241680390065011,1.7542782321835007,-0.01636000964798967,-0.03214375186597862,-4.328062120701512,1.9241484001231197,-0.3502768839752044
0.23051915937828948,1.6580575194878986,-0.0007495605143135187,0.20850700591899243,-4.442408591445448,1.4038245358926766,-0.4711661817247527
0.2959455771850174,1.0906935156037232,-0.1352767543161062,0.6599409463572627,-3.0303970057975076,-0.21125462007053628,-0.8400955868274949
-0.016784971928723212,2.4416341239978405,0.2605644708024446,0.08257674806124077,-5.057185806106696,1.8459995889207923,-0.552886813918558
0.17275108594648886,1.7515364917052887,0.050022192813441446,0.3102879874131469,-4.221455607927627,1.9600556254274482,-0.7535264134496584
0.22119618736831542,1.409304113326825,-0.016386479441597546,0.40614898484454354,-3.708987168771042,1.321563765100409,-0.7630750255589037
0.2990334009097328,1.2033858573662188,-0.13017208352030452,0.40097434904980617,-3.337415046822305,-0.30081860684096734,-0.40862881165512016
0.20057335510452204,1.8166505917310323,0.011160066642926347,0.12532346572568337,-4.346301322368806,0.9404401038825286,-0.33651959234046613
0.2672460234186734,1.2979770290301333,-0.06504689064923952,-0.01041982428467618,-3.6152302246531134,1.1320295437762729,-0.2970127131907095
0.16806110391518267,2.189804175946354,0.05187223657746909,0.21992615160588128,-4.922648327130497,0.01648358605421344,-0.2776293625493146
0.3678244553613473,0.9986847465100397,-0.17786931516642657,0.2535043320645325,-3.1535394082197192,1.130442401832864,-0.6593924486650644
0.23902784391323825,1.2945356490696276,-0.05620548863363106,0.23770141364809014,-3.4541469487421677,0.44575555229889124,-0.4640714577794459
0.20602238857104863,1.3489051848976015,-0.04577682589823007,0.6953827112008198,-3.508484472184799,0.04484923606075074,-0.7169837591380425
0.26459028866748585,1.7903608364873311,-0.07838705054018247,0.38671057207502413,-4.261008360319881,-0.08119173670791979,-0.4004926484054905
0.207270698476603,1.8221486350390261,0.005416636540731101,-0.12404166507852707,-4.144790162189743,1.8030001605457584,-0.35136921908089425
0.12344038810536828,2.1433606518140427,0.10605439395884009,0.34138420702180267,-4.757780506065009,-0.010159804212181024,-0.544256179674034
0.12182822073660206,2.4342209932591867,0.08163052513781244,0.4187650547699018,-4.965838414366639,0.5647523903949363,-0.5505410807008333
0.12442458295414562,2.066706881270139,0.06622970675646345,0.4181957687745061,-4.262710169530979,0.00398047922557955,-0.568224978935882
0.12472595412939272,1.8556859747406063,0.06086636712899973,0.6637535741816506,-4.030584199114764,0.09438174829187473,-0.8289111918484386
0.26383306006257423,1.4671932119550648,-0.08915761325235594,0.3825303533140697,-3.597049419204558,0.5753536490942056,-0.6148630932055449
0.14990663192419643,1.9958350611362916,0.06335417446287073,0.015564570900012314,-4.426572001389432,0.6406148003697405,-0.26936112449669025
0.293134907909573,1.0915313766180563,-0.10397570718558902,0.2688750990270402,-3.4036635049067576,0.5197361489752883,-0.48143035137159806
0.07926552531573774,2.176662488726793,0.12870228619975377,0.3742232994440276,-4.695981787609494,0.7371635829552985,-0.5592661870242142
0.18996578187206972,1.9860709313929217,0.059342678020706696,-0.09429649140141508,-4.652779361745725,1.8066329660151021,-0.44322067689486355
0.15459154139279935,2.0473538029558784,0.08941947536950434,0.21108391938283305,-4.868559361088895,1.2557268133061599,-0.5312493789367996
0.18350564105291733,1.511238226530126,-0.017131256751858004,0.18766999194064174,-3.626924299724192,0.19705355166956656,-0.2872866428806444
0.03333222401854185,2.381318990303168,0.19500996234620827,0.21418279266584542,-4.97748997135464,2.18597302807689,-0.6589969264553139
0.2740127834065227,1.2424225030779474,-0.05754257253610717,0.15542482376484995,-3.6964980149762194,1.2184247238338528,-0.5732634543915227
0.2299022416736605,1.6117783507631909,-0.04601013710752033,0.19408213481782652,-3.879284504173237,0.30820848187893746,-0.3678844041054773
0.15234553625395622,1.7765356131651915,0.08283802024759512,0.29425275199479595,-4.4920601122504475,1.7980881993202174,-0.728471942089179
0.12370538437436301,2.3357582751613886,0.1006615431623199,0.5540559142254069,-5.0556130375386665,0.18543260229692157,-0.668356217288785
0.10725379985096495,1.8802915115766625,0.10475421084883729,0.26697241635795316,-4.308571970726739,0.6552187859553065,-0.49980664069211805
0.13445683222607296,1.7658247670021892,0.058470882153580206,-0.12997612706041436,-3.9482347442331993,0.5121671460302863,-0.09350293933433268
0.09909536214697298,2.2507053761362372,0.10806106134536564,0.3504600495566963,-4.66240155131884,0.28260812763873944,-0.5692413040511416
0.11907613961327608,2.3128295839134863,0.15818542048132933,0.05658137540658864,-5.2031448011126935,2.061441763265666,-0.6074686147283433
0.20592164370844643,1.8585948123113671,-0.0074949049640327114,0.26110013266350823,-4.367853603624471,0.5155041979236583,-0.4149924052445374
0.037527860976363424,2.537351367192404,0.2165493839687893,0.26490785760015634,-5.1933484086947805,1.6657810819778636,-0.7090373993826289
0.14894351383949353,2.0659177652494094,0.03909808469714959,0.23260639156319374,-4.547497488462484,0.0920971223376541,-0.2794419344419212
0.32449118321552456,1.203810028752614,-0.09846143985610956,-0.01865212164004297,-3.787768785503896,1.934745147672029,-0.3996524313520276
0.27692114864835726,1.4939548576280417,-0.03921138686688952,0.06382306703318552,-4.078127031536504,1.4959776329857042,-0.48926976585200876
0.3948213220636354,1.0747539846057386,-0.19017656650876802,0.07115866754350514,-3.5103038723807214,0.7614869233541017,-0.38154879592827945
0.03385078675037834,2.5741620017704596,0.15643870247499514,0.10637383415841617,-4.90642844017226,1.0651293139839373,-0.2761574737747251
0.11376617554141016,1.9406552670022135,0.1131035152003248,0.08247174482874209,-4.329494078844201,1.459262459753305,-0.4986706233938016
0.26830339403274833,1.2187218995915994,-0.06462665790854627,-0.029211769387658307,-3.541702533048081,1.2600936893297985,-0.2830214005891069
0.2721959104168923,1.3084392326211993,-0.03539650529501659,0.24559953285202002,-3.9369074339027317,1.8010162794108875,-0.6628207428766325
0.08974056740385243,2.407599806497131,0.12310708916254609,-0.025773389135984315,-4.749908502251292,0.7123082103241797,-0.3563322799739708
0.14228800197412403,2.20729627785624,0.10012995371214983,-0.1313819571967184,-4.987798514927959,2.110354352915609,-0.2878989646923453
0.20993143822964136,1.8350476078815583,-0.009487462485817666,0.19986711150534897,-4.3474310166089065,0.5990984872477942,-0.3347342803087288
0.2861168606023884,1.4534027273165526,-0.049864980358163224,-0.019332457380305063,-4.220165882203051,1.7422895917667875,-0.3344327686528329
0.109927154987337,2.282109940405818,0.08389030786466001,0.25701186358040445,-4.591620835955205,-0.11788599750233075,-0.3786638658635588
0.30923348997079225,1.3270430119139256,-0.11428329736936194,0.3547890594847122,-3.6029761836201963,0.5125595800101063,-0.6032444413182251
0.3085900727661838,1.4004414199437483,-0.1366585881777561,0.35691338995185484,-3.6946219925215145,-0.18853871380424442,-0.43491843422983295
0.10152740850278005,2.439485762139714,0.12974920080669827,0.3120286290968763,-5.21365265426457,0.31492920949728664,-0.4646681198732088
0.23318993989196624,1.3002422829564841,-0.05565050844112074,0.5911351507479198,-3.3808145285246387,0.16869729461644797,-0.7432803040273556
0.14122194378342656,1.7222031938727198,0.06556372097870833,0.3008099489567393,-4.031785076323049,0.8566101268296983,-0.6290987646451094
0.179929780701544,1.5311141308935614,0.05087622985276141,0.17587781791370025,-4.102529029937798,1.2312835041197998,-0.5557185177807984
0.15031706384166119,2.0128174354548536,0.08827408122689939,0.16905654483083382,-4.932981926344649,2.3653818567418035,-0.5143412289802111
0.2493442093536427,1.3069712222126506,-0.07359919755876165,0.26778571119519035,-3.4982140587605244,0.9765250030663093,-0.4890930272920825
0.07718682000352345,2.3999442783689555,0.1414045353825364,0.22872947831275092,-4.925191426544317,0.8400005108361596,-0.49875193374626303
0.10770393844968025,2.0518824017534376,0.05561238410888536,0.3059026000191281,-4.232103533845321,-0.19627927967020173,-0.2937463584213905
0.32038760374725084,1.022517757210393,-0.12905528780757802,0.11928363080206728,-3.433164480788176,1.0672562779275654,-0.2865915076913505
0.290761321821538,1.826715232079183,-0.09439260474979538,0.1417750603900013,-4.308401116736126,0.8997435288145313,-0.4061484049416276
0.2405792846262757,0.9412095695644948,-0.08532591311256299,0.5800974998561075,-2.8643150268751847,-0.30452039073914217,-0.6507486537148909
0.2734500861004337,1.0518899648299918,-0.14898842958926006,0.45359459546184344,-2.713663088939199,-0.46432994794843396,-0.5068642207180082
0.0772988945673649,2.385237308817122,0.20214716284676748,-0.08578127919289394,-5.460365653625413,2.2972433561507595,-0.41878038542108276
0.04731493940523946,2.5192787354357837,0.19999967764755278,0.31573201957310254,-5.30993511649934,2.1032940126163635,-0.7526323551425289
0.09963433842796736,2.176067398566845,0.16039452767937923,0.1287669583015918,-5.041433486826143,1.382050768502829,-0.4955931801522363
0.16032709058894776,1.8289926730670394,0.035035563576494955,0.5493078277998663,-4.17006735216993,-0.202232198262466,-0.646955635016011
0.14906903650189046,2.092747134310283,0.09763338148575684,0.08726449286135898,-4.907722992181057,2.512855773694708,-0.5898285512158268
0.16844014349700095,2.12224665065882,0.04198642005769604,0.46200999711903024,-4.672076699987632,-0.06504700139678654,-0.5947902067621532
0.1374460490161031,1.6887185329462964,0.08355033782890375,0.07495787951781652,-4.105764514224234,0.9829000949058471,-0.4027983621137473
0.2729357122322503,1.4209141158515268,-0.10493069561250801,0.3045084703147353,-3.650949539820362,0.2109051103113236,-0.36853290162748176
0.164443821584222,1.7409336164464906,0.039762800521237596,0.4061193540134246,-4.284880647990525,0.9002253743549987,-0.5924254426043977
0.24950066454596653,1.2639970119427297,-0.0220413067006745,0.17357916869286386,-3.9116640272487855,2.2306085451744293,-0.5857048079994661
0.16115960643237492,1.943097150016703,0.04658591723469985,0.10412253163520196,-4.461200571685744,1.1610580593864455,-0.3654250944264532
0.12666656472589805,2.036289678772982,0.12408160721282901,0.07500517076045018,-4.686158269810715,1.4571026299268166,-0.519949622816781
0.21572137264831764,1.5653310324011238,0.006855804408532062,0.14527126433892298,-4.0326887793414725,0.9994092501642728,-0.4778562180171826
0.2758979956800197,1.2198858899996705,-0.07996403764726578,0.49032280439807174,-3.465441846655963,1.3283086358405978,-0.8783513267270325
0.10487668068746406,2.107549152635698,0.10635221291683083,0.17531281112933095,-4.5957345205442905,1.5995858865037147,-0.5266118341457571
0.34514048245777235,1.3252271956244344,-0.11573875379749221,0.06077753410811719,-3.982392378132177,1.228656618203336,-0.38156816689664014
0.24046971911971263,1.829801018181091,-0.06833177612299735,0.34350583402150947,-3.99754798430724,-0.5712087993209177,-0.42374289722754005
0.11991777992066997,2.1368169291875163,0.10685103020743392,0.2566758303737724,-4.883630670730295,0.9592498872944881,-0.4794287209704074
0.3486440774338676,0.8030490101915109,-0.11944196306994509,0.12525932271920048,-3.2800866781053744,1.364747755063939,-0.5390090823387108
0.12243032983322469,1.9615020287787777,0.09420763319914438,0.4256208365384324,-4.4951582875158245,0.47366340790972894,-0.6450130541297275
0.0809904623166504,2.209751948911609,0.1850646468760102,-0.05867740363561602,-5.059491068609389,2.5677293359327455,-0.4834664531650213
0.11148864362134968,2.4090995826189086,0.10002514834004783,0.7193155376678984,-4.867474803192306,-0.05651027123559513,-0.8922197162781661
0.15840412735003445,2.096830837081938,0.08501283639941315,0.0006884587960040989,-4.949159550996534,1.5365003786992597,-0.3177110548671104
0.20858722998219748,1.5239670344217857,-0.0029380796362190598,0.4469476728431935,-3.7416963741885394,0.9567912003343637,-0.8051941569070038
0.07303352493487515,2.230375868789725,0.16788767292051365,0.12958184003483797,-4.885150905555127,1.280361868463465,-0.48774660560362865
0.09910950938908612,2.1818128024502093,0.09981811710416055,0.39595704090720685,-4.67641426973535,0.7403503252880453,-0.5230218228021738
0.20723957300225884,1.6452391434976212,-0.020587187783984495,0.28293722489091055,-3.8423315094002692,0.3430227576197938,-0.5056180169204296
0.2161846002870526,1.4722068553312067,-0.023450588433501007,0.07670045130712655,-3.6942217485251074,0.8495881517422124,-0.362631524965062
0.2966314124594453,1.334881119804053,-0.08624064048326929,0.37340315364869875,-3.9527113792512436,0.007221433973331633,-0.4478825241373014
0.23709204984938542,1.5579240515314225,-0.03961481242162046,0.3877328352728042,-4.011306679178615,0.3560920247546233,-0.5278663169028803
0.20577645998409266,2.106816364332074,0.0030801204103931834,0.17334669400739955,-4.783546088910504,0.45182693014865755,-0.3293342829115158
0.19246967957954877,1.4705596666251048,-0.039792640745596186,0.5038085799429688,-3.4121073820886676,-0.4900409629760088,-0.51857670593406
0.1502249629866215,1.7177325676997506,0.07487822153389478,0.4471169931997867,-4.138405120215081,0.8087027550065596,-0.8220879437326271
0.29963674196551104,1.5370499007699345,-0.05648567087721057,0.2808951152814435,-4.144171959088446,2.179817575450062,-0.8361566931959262
0.17256121072760797,1.8521674221687765,0.01599719673555322,0.3259692061232894,-4.113428226430327,0.4336447209163907,-0.46051148999758273
0.321338122688141,1.1793825129824689,-0.12094341256406127,0.455936473003059,-3.6313690549924824,1.2232255485210903,-0.7234504851706796
0.32283829989924157,1.2700869424347245,-0.1246931832944217,0.18442534253465143,-3.6361442850893617,1.8493470361799276,-0.5657172857260748
0.19952779174781846,2.22088033055858,-0.011536733503309637,0.4377709917927477,-4.552471732594235,0.46149994246097276,-0.5848487848039524
0.11977049818392485,1.6408789767361553,0.07175702078690138,0.15008295854602277,-3.6548676463934475,0.5483969807986615,-0.47910624421743053
0.2176649589001267,1.4483965687142244,-0.03222372783054084,0.08833286703396258,-3.7630481774188866,0.6059802573605835,-0.2826511627401711
0.2755265812547517,1.4905613307758616,-0.10298608783275076,0.0004826037360136648,-3.7030533514253685,0.9995887079225703,-0.1702618962318433
0.17554619057849452,2.4324968484678013,0.07416463453639843,0.2181954226434581,-5.369838780937737,1.7455658618242182,-0.5780468667778118
0.12619005610563755,2.390930619497124,0.12946089019493656,0.23530300081016936,-5.344007384495772,1.481897999306869,-0.5988287245846515
0.14700104874302833,1.9677598316277702,0.02633923958503015,0.5361701807859335,-4.23843789559775,-0.09280760152405657,-0.5823148150575443
0.35347441161664106,1.245914848171129,-0.16593692219750067,0.3349509718909186,-3.6233779355378672,0.7115083604329363,-0.5021385751701303
0.14646579710009616,1.9465515867562606,0.13095434349989943,0.2689311942542148,-4.792257423025116,1.3818905195484301,-0.7821192506255076
0.2600613698347014,1.4332904991120627,-0.061402006072531656,0.045875359174445476,-3.7810096079019524,0.6630593134799202,-0.2802086370163581
0.15113108932271746,1.7502432925546763,0.022376700869833677,0.3697373925276122,-3.9555650389616726,-0.9376787058512205,-0.28760822571126266
0.3794586281904543,0.5639992812919035,-0.22958226845762514,0.7860532298695063,-2.498108333285264,-0.9777070289299228,-0.7460169913182848
0.20807709836202304,1.6247836694103661,0.031329588951247045,-0.10071819819731542,-4.452203964397168,1.5505473767211992,-0.18955919164928806
0.1636202994758404,2.3222949227838936,0.05057096974825881,0.12031598081858333,-4.688704027064609,0.25810818709822925,-0.3759344243960135
0.249203270787031,0.9732814121240575,-0.024978988567628924,0.11847912285617264,-3.419357287908838,2.698121965302064,-0.6499054413832178
0.1827422643069835,1.8533377417968526,-0.0012493496466481346,0.36738741939178615,-4.220303504037532,-0.5801034526923834,-0.36051762166494444
0.3022300856678126,0.8022305533731944,-0.14137484547416074,0.4720011634467647,-2.7444077147202117,0.24657278511025688,-0.6276782374876915
0.20127234093075597,2.049134268974273,0.0345503121657762,0.21722458435631758,-4.780165937018151,0.7617249994371977,-0.5123998027517449
0.1578133145474659,1.5044315097228187,0.06053999944797317,0.2993028785664361,-3.8878404490363923,1.360692931953955,-0.7071346337581813
0.027659586737506972,2.872093425087126,0.202346863996683,0.1611442921944266,-5.456666359827299,1.3525666889292134,-0.5255024526584913
0.17468364410803458,1.4781925506154119,0.06465528373104612,0.25312019148651854,-4.15081122834341,1.7786610052017444,-0.6654105764856577
0.13257634650943867,2.314696672341443,0.09482649637227536,0.2248946244693334,-4.84365409206454,0.7988114474367055,-0.5633883966805711
0.32245026707629304,1.2330858142329595,-0.14371806596842784,0.573920537741723,-3.367320014200156,-0.07708964177257215,-0.7355456730879768
0.21467986644350534,1.3044563309091826,-0.02612724752628448,0.257444299020129,-3.541791945753072,0.527386791957413,-0.4961255603627668
0.26032243936159166,1.39578168506556,-0.02741689239594336,0.2812025916430093,-3.931892996031659,2.333929625779445,-0.7940904598568208
0.17299795322971817,1.7410271462754108,0.06742662087673246,0.26041359347455584,-4.430474644185564,1.3215276491688441,-0.6059012932964007
0.23816509907231365,1.5959700339192064,-0.023707114689409448,0.5830519129963427,-4.016848385576704,0.2644510730016547,-0.8344091511124676
0.3623325012493583,1.1127189445279217,-0.19448430017986673,0.567805952674659,-3.3467219123301017,-0.11918613132134116,-0.6347407120699672
0.23237200907386293,1.549839168866677,-0.028704925885858934,0.41976796667059657,-3.979913438451788,0.6961852794645764,-0.6788052716116589
0.2610404258074886,1.580728025904567,0.005856293704936455,0.05850434912134353,-4.589527915429886,2.2143280394707077,-0.4906083978877151
0.11894795227269814,1.9298861441804422,0.1292727183336968,-0.1241207369659707,-4.696983936394819,2.153211313784441,-0.3074873252613336
0.2346301368193145,1.586905658701791,-0.017971027758842295,0.13828380166679755,-4.131562505640073,1.4600957958475624,-0.5030160205748969
0.12222389370088492,2.229961914283202,0.08247315177222969,0.34179566568656516,-4.684829954268985,-0.0016640952611063214,-0.45643665684574425
-0.05021212187144474,3.2218580643090275,0.24639835769418328,0.1638746658634721,-5.683193490093904,0.01924307475363457,-0.2174016487921065
0.2191945977840642,1.4963964796271458,-0.011950072009559332,0.13809742874774453,-3.8325720829850254,0.9956563831665199,-0.41672994817955766
0.3132618808662724,1.457351244790292,-0.10282761968836907,0.3557486257114859,-4.155686371918955,0.821608702790052,-0.49247829677560695
0.1256609673226575,2.1000197178039848,0.0924943566523222,0.39251493593812825,-4.7302614166896655,0.8730752836099024,-0.6796925844897916
0.35631692155094513,0.942533863899061,-0.17511355787197996,0.14492465825851647,-3.071547266625903,1.2306678553764223,-0.466637423505957
0.2907506307273256,1.6146564411777824,-0.05725755834060031,-0.022399105000206337,-4.202601396537594,1.0590012238986013,-0.3384779346183866
0.45531426036841055,1.044625505623002,-0.23400997602496676,0.26951411782211315,-3.9152115909346783,1.0809129753217575,-0.4315309687746468
0.21646955570528748,1.5992127009778132,-0.0014215070557626053,-0.1482118544754129,-3.9958126069716964,1.6626608523474062,-0.28268169456178877
0.08910678475635138,2.5291362167160507,0.141672505925162,0.27403591136939537,-5.173432238996747,0.8298042160181199,-0.6020775558358404
0.30975795028640957,1.4962334645149469,-0.07524479809383522,0.17531791795775853,-4.249594578070126,0.9850089171887343,-0.47548279038936214
0.17936745032537485,2.0718196424387,0.039102571803007136,0.3058830985551839,-4.6814030826045085,1.201702148788106,-0.6016739331556551
0.1897887527068431,1.595846905242842,-0.008795399123365799,0.24192022454119347,-3.731175203825705,0.43400096545157424,-0.48775200061326934
0.31913937020623806,1.322997117362472,-0.09840925674298462,0.040141422055648274,-3.8934792526573427,1.2850638827663439,-0.35540809675817264
-0.08925065606620887,2.9987594979275265,0.31219711511742165,0.5177292038881455,-5.595246087046787,1.097306221464709,-0.7779569278037678
0.13114236741802957,2.401457712528569,0.09005639571171842,0.1823956339031053,-4.875803458022718,0.5737965698334676,-0.4463899219777844
0.03662975547538207,2.702589944160185,0.18424531525875354,0.13530273926055564,-5.352092242168363,1.3809713535905868,-0.3884657532439194
0.1528609258442266,1.9886870997227937,0.05717143745622044,0.45895341509523857,-4.387508202970485,1.1000177571576626,-0.7804161401965201
0.16374605930954808,2.035972869948032,0.056382588171469905,0.45232762748441646,-4.7360316658281185,0.7727367439608531,-0.6428745524138523
0.10893836247306314,2.213076092251093,0.07846612123508678,0.48958015879616157,-4.533933042918774,-0.8188439933865239,-0.5734527115068118
0.27875977816885933,1.4839111741966793,-0.05827092160312519,0.3804196998477764,-4.127900841594561,1.025204149994564,-0.649415815158728
0.07865548378431816,2.2944401050749836,0.17763375663030034,0.15454983112758813,-5.093097365407773,1.3218673944892845,-0.5309349593007721
0.3089812400965359,1.2154260904845766,-0.12787195310408594,0.13286687755610943,-3.4951616628945534,0.581597670117457,-0.28662100112216377
0.0990749735457179,2.4408696267483805,0.10608885791827394,0.20610464782090088,-4.91507251104015,0.36787359897767047,-0.37116748495127916
0.15746767029338504,1.7297741150884625,0.054289210683403644,0.3018497217942145,-4.133549996651903,1.748723211999578,-0.7280355046684207
0.14970839769212757,2.145270421798139,0.06158475237821426,0.14903004719148294,-4.5360274650068435,0.7616772601412725,-0.46053648095287875
0.033887696971797346,2.4752498458748553,0.17249962503042315,0.12547375945556433,-4.852386350003281,1.1945474479151437,-0.4358729382100924
0.07255859624316333,2.1234259235534174,0.14562288645212274,0.5446308030552489,-4.743932908310215,1.2394017543147162,-0.7619127018222318
0.06670692905761358,2.358727006176623,0.15839538474231096,0.16596668790665572,-4.978699644849676,1.0019863144136336,-0.41200777340485806
0.20273421605195965,2.014734889221007,0.039312453545270465,-0.014124055183017903,-4.892845469224003,1.2211440089975616,-0.27193589840149524
0.12351924965587525,1.819142506418496,0.044346244058464324,0.47284818436502496,-3.8688878102170703,-0.4217679119939691,-0.553295107754205
-0.0024797326550353343,2.439665790919585,0.23332659093650587,0.15084605396288886,-5.094317287142386,1.2012702841647265,-0.4617972503395025
0.23554931341918434,1.8726473959145205,0.008176657805772924,-0.13882108571414228,-4.5985191761779,2.0842419658247238,-0.34262260615184825
0.2797271797272132,1.290711240439184,-0.11248160312746214,0.01410061059872432,-3.30622279462206,1.243251240013816,-0.30935833582099
0.21360274216718986,1.7426530429103568,0.0012468255820852203,0.31820446144537917,-4.33486002744165,0.8463210365004044,-0.5114131056734611
0.13725669824850953,2.2960638851151214,0.07527466221677304,0.1580243629380334,-4.788416404612276,0.574408795252494,-0.3664667247105038
0.2845913759414068,1.0235567167862798,-0.1135300029194043,0.5774881477017546,-3.241565963897386,-0.5305597195863916,-0.5874404000829676
0.21070076512638497,1.6009525003597642,6.51922104546454e-05,0.16081076886575218,-4.1293536445183925,1.0425655994364202,-0.39936732702432687
0.08556808237104373,2.405404038428856,0.156113397785548,0.6265664533314887,-5.072438248851093,0.5599075747214841,-0.9067871815590524
0.213826103150106,1.4722308426101964,-0.01834401446475864,0.2420450394218651,-3.793360865575683,1.1132228893506526,-0.47573263566964014
0.16354474557330798,2.1447901603695927,0.040154790616165226,0.07671450479003178,-4.664708785309298,1.1489363233916587,-0.2938871201798611
0.1803520971876159,1.6205212893467942,0.04941443267057677,0.026127265659631083,-4.152119507752262,1.513103677740913,-0.4165173226209517
0.27505475717331773,1.3885521795573015,-0.05805537436825414,0.12327778051350186,-3.700277909197507,1.162189709835667,-0.537983594264531
0.11619542867280856,2.2254998540484157,0.11602561667807598,-0.04306086688054117,-4.742626945387719,1.3994816336384375,-0.35271628009077516
0.36894847138108267,0.8605505401620323,-0.14655358737958202,-0.024786676411161376,-3.566623204240825,1.9443985888466138,-0.3068183608436763
0.17319837018576548,1.835560838461661,0.023863180073666834,-0.003400632567468559,-4.200849048935512,-0.1259786295632183,-0.15674639752706274
0.1570596103112131,1.937484315389069,-0.005524683546870746,0.681073842282254,-3.9829148285034504,-0.464786303891106,-0.7193335222814898
0.13050711734989237,1.8649389890218464,0.05505019545206835,0.3915359324723417,-4.112641522370529,-0.46091739051165365,-0.4091984987426246
0.15161038548720537,2.250842020912313,0.05257481272099529,0.32772103863071506,-4.684425978320397,0.20051990264475297,-0.5453352792266442
0.16611787424477456,2.186041935946368,0.05931220083004329,0.2757194582012557,-4.855166740234167,0.36281772647235727,-0.5201055807075927
0.19393692207259747,1.7427110849313174,-0.0083222010602515,-0.14631646890872071,-4.056580152157029,0.8700005027246948,-0.042156565921847106
0.35328669734550183,0.9128838526513249,-0.1016009075077291,-0.06724037344165927,-3.565744208197081,2.8412630210456817,-0.5377702822726547
0.24564861830746826,1.507543417759182,-0.05130592112760457,0.23622904250853471,-3.9378168364106685,0.6649046028567293,-0.4245272142737481
-0.016099117769706576,2.4460887608557473,0.2090907407528544,0.7690709121457013,-4.617995373596665,-0.03884866941077805,-0.9968652626717281
0.23592332496375495,1.2577659602385909,-0.05224659708186652,0.446000374722981,-3.3025788116839525,0.6075823423990323,-0.7490061716365946
0.414521611498474,0.4175398006625509,-0.23412323361686777,0.07602347457214233,-2.455004830324349,1.1003144916584104,-0.45441727262055526
0.1501701679865512,2.3979541437118277,0.07363147897591893,0.053545949643631935,-4.931757496442784,0.5500151427875465,-0.3121659245464578
0.4139602260031714,0.6858127948233418,-0.234100771482441,0.08448074772765068,-2.879085035991301,0.7954358791158959,-0.4182505109102029
0.10049878043992785,2.5154346696190135,0.10383485176253604,0.4532407161681114,-5.092732628551214,-0.20824017232067846,-0.47869080730400226
0.1516221477115277,2.2869537892647287,0.10509908607948826,-0.17650679902665084,-5.195463987496363,1.9854548432280794,-0.2486094614016149
0.13011202151131096,1.6934024585141578,0.03803287650998621,0.3268222046587107,-3.689997387294939,0.4545819632578722,-0.5331927003335502
0.22547285291353295,1.7403967609837943,0.0415224715798761,0.4050157886938387,-4.777593799350688,1.3356620875313854,-0.7486708611031394
0.277729972958213,1.2937845380171706,-0.1001553197399303,0.3256734564368451,-3.4684430472150627,0.12268661054780673,-0.4566318747343933
0.19434712241566574,1.6790717107812776,0.03324121131249802,0.13212914004650134,-4.238134070275339,1.3641107012887923,-0.525465384462136
0.2235602449706111,1.5323992858394455,0.009571560275670077,0.27291324882367,-4.227721097354141,1.657777050862459,-0.6516771680517217
0.21135529025780783,1.278439897031154,-0.04545230855039084,0.6753333343709453,-3.457388798598193,0.11527528049540853,-0.7295369304890488
0.1273772051886157,2.2905845587122577,0.11361433042681401,-0.0029130794257438974,-5.301912504138264,2.6046838344948555,-0.3247101866618812
0.33027222713111765,1.5884044944620492,-0.11045389160882713,0.056615603103424575,-4.306580158353051,0.734469076218777,-0.2634574588300321
0.11363554831310387,2.266787985449012,0.10310893151279554,0.3200085034592447,-4.911529319984873,0.5624343983794192,-0.4910845884202343
0.2073521913786099,1.5674013577328632,0.01316395821069416,0.18899780947991296,-4.011617806255809,-0.1868770245695801,-0.3925224440999707
0.3228876628760877,1.2157571456656964,-0.10728394950872777,-0.08547172829190432,-3.7824353979784036,1.4097833630099899,-0.22633745283510745
0.268337740291971,1.2409597918530362,-0.06448772430929561,0.4558861138315412,-3.5923472434880446,0.5184253819948579,-0.6623476640208203
0.3779276087820354,1.0672064897339557,-0.17278395043190597,0.008250517529758,-3.7218590010967114,1.8668828592622992,-0.23852110044519148
0.2622103961783289,1.4674964862636817,-0.05715682862960303,0.4589330993679094,-3.887620559764624,0.13476640401151282,-0.6607168590424028
0.1380796575520453,1.9714222488524773,0.054175078025344936,-0.06574932815610152,-4.2709446613171655,0.5669073044688087,-0.14622758188766674
0.1512262341219834,2.652222101752347,0.10668247159971278,0.09152034734708109,-5.689613574541806,1.3293363384889418,-0.3700041287940783
0.011013718159414468,2.5767971419356224,0.19392815621437753,0.4628675315580756,-4.893938578765765,0.5550196776812637,-0.6837001571050783
0.4557641988369106,0.5223411819019295,-0.2578849939541681,0.5039913270101642,-2.8724682217553656,0.3026571805698857,-0.7247655840878803
0.09907894977536882,2.2582856977289882,0.08699093290019477,-0.06638559968847751,-4.439666400585264,0.7694371372310508,-0.19320377930067986
0.12934426837833257,2.1125073024959584,0.11488925338548905,0.4074637864428937,-4.817189996752998,1.0124858418177178,-0.7372415739587997
0.18035181566042335,1.710524791106141,0.03206119559450338,0.11824490849012254,-4.010925161968286,1.5946157622592325,-0.551697818932617
-0.025038896095543963,3.167747057460619,0.26611738724788925,0.07166525586768202,-5.926907418470153,0.9204768143390956,-0.29310655218027404
0.30985584369300556,1.440198107121247,-0.11453563923319143,-0.013654708041914626,-3.6526858450532793,0.25746243030976346,-0.25944322941183506
0.3020477147728788,1.390391862529091,-0.09538282591079761,0.3235612760130735,-3.889273577620318,1.0627232527188035,-0.5657401915285004
0.2720048284990655,1.4824704534504431,-0.09946764506187467,0.7351870237182844,-3.692854902001231,-0.4475794473612893,-0.768848974986456
0.26354207613590935,1.204777051991606,-0.07802150014937892,-0.04492240440373657,-3.398869310050575,0.6104687010610375,-0.1851759266469922
0.19478451034077285,1.7622568541873393,-0.008275385203252217,0.25897689804386015,-4.1817122033976,-0.34904411407760105,-0.26636564216207237
0.2832640293435707,1.6773532569771246,-0.08471336658959827,0.06582945923570224,-4.230451178988308,1.261282421892566,-0.2702338595764714
0.18663589894590435,1.6603624157373067,0.04756978044574489,0.24209415016659017,-4.197212270214241,1.8092484070896944,-0.7205820153047172
0.010688829403290294,2.8870419488760293,0.24769644114860068,0.42363918855688304,-5.769285828189331,2.3382399795821573,-0.8554169015439496
0.19354686349369632,1.4426537459649418,0.01901699189432171,0.12153632169103623,-3.727441165461755,1.4405892586033542,-0.5676635106637395
0.1726268687810042,1.6058274878735308,0.0269180899595578,0.5467846468976246,-4.013348927864016,0.2569767373658244,-0.6997053160206594
0.12117999659100051,1.639744311496467,0.029239935218767554,0.5241252868537102,-3.5308447306429858,-0.21523514686858858,-0.623873277437057
0.19899841600028584,1.4745373669632245,0.0006214577121406162,-0.052456767201823046,-3.850026917711622,1.174137678842391,-0.2504143411702098
0.19088961365396537,1.9373403764003392,0.023031091138247195,0.45289559265585966,-4.563429168751764,1.656883363453305,-0.7365650294002466
0.31439022777802467,1.0416511193593148,-0.12110129566480476,0.8220932640445119,-3.418368349771611,-0.11552439120229555,-0.9823075341416323
0.08555712647064455,1.9339458323581629,0.07819756852026893,0.3612993644558137,-3.8804404876211818,-0.04712827989574519,-0.43856748687617886
0.14865023520367834,2.2710176267506386,0.06936971598326402,-0.07385110167605613,-4.806200617611501,0.49152776416916266,-0.1684042292631052
0.2709667677012311,1.3879050842589318,-0.044359336369325875,0.0988261437136839,-4.004495952363054,1.1565556495252314,-0.41724331925722397
0.23903651818907723,1.7483580197471085,0.004897414742483841,0.17045626925488536,-4.623123714770208,1.1735272834917871,-0.4733028835955142
0.1014501902865844,2.6561560268156232,0.17491856089120228,0.19805756166538374,-5.821019927855764,1.2224080761212315,-0.5114891582601467
0.14437581964128304,2.0741585270784695,0.06525389626170752,0.12033303347844254,-4.598796405249298,0.9144043045071615,-0.30893791482303046
0.18410273016111028,1.9776479112455956,0.058633531853388376,-0.023594469925533573,-4.704640000453545,2.1377340965918963,-0.4522762968032126
0.23422924518997917,1.2399391149960912,-0.02868260618806029,-0.20339224403048328,-3.460864912766419,1.9549481755577338,-0.2748034148634063
0.2309415169687267,2.003201850410355,-0.02981616747492377,0.5209045056074124,-4.464608155948759,-0.07613752649023492,-0.636414285625877
0.23451506574644906,1.7075588007741624,-0.0023467924001527862,-0.29979237185397084,-4.298429362194798,2.355860945546818,-0.2173127427909305
0.19300670046678425,1.349746474157681,-0.021656673491257994,0.17585822107060523,-3.4292638277655008,0.7779254945354465,-0.3362267386103428
0.31939985109854785,0.7720834973804338,-0.15390135750227363,0.23080811652740957,-2.788838215564516,1.0616205789761386,-0.5145653249069995
0.20418466149773906,1.7334133243920538,0.022638686536281538,0.00904779959555349,-4.432297337793269,0.9466002140864305,-0.29823173598072056
-0.0036135742270350705,2.9008441789620236,0.2163568329009089,0.045162505671000386,-5.385063933745721,0.7268551344423988,-0.2534466966512847
0.26591499545484415,1.688312596918525,-0.07819392745649045,0.3122090306246845,-4.121675466244741,0.4891945262668977,-0.3940815812741195
0.25676108376241,1.186029836203097,-0.03742883808534647,0.2989987893766446,-3.6230600785482303,1.2596533502326521,-0.6995792133807204
0.004195618143824907,2.4827063490401504,0.2107550446776818,0.594901280719948,-4.867775959503784,0.3776960442614791,-0.8447997835009072
0.18676379181304167,2.0011865308035666,0.008131913304857408,0.29426879734220623,-4.38853993046631,0.6053080557917313,-0.49430510118524107
0.06684462337148328,2.2857295543725584,0.11874554750562472,0.4722688536333219,-4.482549985268635,0.2592669538099106,-0.6251518577196014
-0.025830242969910534,2.6661688277387428,0.24354319744011743,0.44614280161894093,-5.109379319178337,0.5987177893622463,-0.6522833516908562
0.2549529385491768,1.5462878697119242,-0.03402156586949623,0.24677337120341225,-4.165233600051651,0.9951127943946942,-0.5007861280387973
0.04254552185509258,2.765256002765313,0.1706143072039561,0.5477258563878583,-5.288334320348792,1.0892828423041552,-0.8405572762924896
0.07390150009440248,2.2109249080005613,0.15271543757585548,0.22230169243624767,-4.732550679725596,1.497511483696984,-0.5673727074192987
0.1428216990104401,2.077015988483655,0.07137264153814127,0.43769677633069093,-4.710682110151085,0.3876150457239305,-0.6190580602354921
0.234798863726855,1.8910807541771626,0.0006332902556425157,0.06462105960910983,-4.70827830755826,0.8536808339388381,-0.27094339312419186
0.15866388865977496,1.9434797249976232,0.07245984471489875,0.06963626117346672,-4.545260842226844,1.5717319269519008,-0.45644168611575764
0.2115112716916149,1.0037473177383485,-0.05563030375922884,0.5115105530441132,-2.8481989800297685,0.1347752004130305,-0.6999611954377979
0.1313698309674168,1.9232009452329448,0.06675677107029676,0.4168606369732254,-4.212944034097276,-0.29519452539516744,-0.555018653116798
0.14545923558762053,2.4157380009058325,0.09314234230918572,-0.022160420194963393,-5.239525856981649,0.9933694227280102,-0.2168690751134015
0.1648885934360033,1.9379632939314364,0.04727899760336407,0.4817979147393211,-4.600946427769056,0.24604397208211895,-0.5740307304189857
0.2889327781404775,1.5723832114052558,-0.07419733335640033,0.17820941014254088,-4.306831301027472,1.4124198853029597,-0.4352982178614942
0.04159169698513388,2.8160167105311227,0.23976464608592263,0.03645740939398978,-5.872311590406865,2.498890837944623,-0.5351098318320868
0.21896907236696514,1.2730092633843446,-0.01693129192081544,0.129362324475717,-3.6777009616736938,1.1828272411509018,-0.3642960857056224
0.15861564009138623,1.518809833847443,0.02625035922597352,0.35372159240695356,-3.6551503624560064,0.818985165766766,-0.6233095302168185
0.30266318808100384,1.5205010294775758,-0.13175926266572147,0.325923161982021,-3.5854628224165253,0.014696353048982425,-0.4842858275677963
0.34624962773945206,0.6179703756081312,-0.15343689402953484,0.06279282122647115,-2.8591213863459624,1.5742521466147297,-0.46595008133213317
0.21497337924533017,1.628964993063557,-0.018360111497980114,0.25118000573644417,-4.017310407219338,0.3556346818130489,-0.43659279700004794
0.27717118766138626,1.4776247199328298,-0.1146584459195733,0.25357159280782626,-3.625467972417306,0.5045323549217196,-0.4112212963108145
0.49023423457930393,0.3777850895927102,-0.3252664903297724,0.5619979764282448,-2.4638110530432424,-0.31100193819561167,-0.6732224861796064
0.2543476541952723,1.6606871164029442,-0.05818678866344684,0.6193676409366661,-4.072518618189136,-0.17109881186834472,-0.6770333119328884
0.0457602062179865,2.062315546770156,0.1590714167297982,0.41259276247258514,-4.2999709878137855,0.9109819047623514,-0.7754549617678952
0.1470159718770535,2.1971650593804837,0.04459272508408363,0.1911598379827563,-4.462367303171257,0.04698666559300819,-0.383921477875941
0.14854691188312216,2.135425781408672,0.07110428555481962,-0.0731445946211303,-4.719402572534379,0.7407171739812416,-0.16689339858618318
0.1001365656664585,2.1326232040418946,0.11418377660349033,0.23623854809539563,-4.6728696919003,0.20011702175025145,-0.4102946095749774
0.11350916878979567,2.2389365922012856,0.0863515222836575,0.21591183098355202,-4.525903346567448,0.39593636123883624,-0.48322673368876123
0.16385984035578094,1.6964530310423478,0.043798319822420995,0.016221725177731156,-4.34322114849859,1.7335960384880147,-0.23144579667273177
0.38555235247541403,0.8452424445344024,-0.12908500095152342,-0.19870783584566343,-3.6545262420104576,3.0894464446104064,-0.4305877226833636
0.23543642884755805,1.2410608441481639,-0.05522638807533975,0.4300479327651674,-3.5528465782316614,0.41413470409962777,-0.5462625240587529
0.18004356131027474,1.899803154554809,0.023025645425431618,0.4687434073972636,-4.244578523062411,0.21988334874134957,-0.6719791844170389
0.10065686837041583,2.2760303415147045,0.11238202229386518,0.19472907178647691,-4.6646928573620325,0.9451279612934246,-0.5361224391915633
0.24860070422249567,1.2689185743169877,-0.03170651356478993,0.051255960983592155,-3.72231762274455,1.409881955868485,-0.34419264895158524
0.06123749053496533,2.2262529788096765,0.15095850959310275,0.08661888704301596,-4.514284327894192,0.2781488243517661,-0.30553869613300827
0.26883789771106764,1.4803429343219148,-0.06034188243527627,0.07629596372454436,-3.986785442570243,1.2162652557735953,-0.35843003748079755
0.19274767714598393,2.1969218818364418,0.02122078636535618,0.12279274004481491,-4.825845370368753,1.9020893404866337,-0.44290504583282597
0.17474979261192425,1.822117785480701,0.0013533175803861486,0.7221100405595201,-4.0491838045939454,-1.0145856430741433,-0.7274688234000151
0.19847143742898546,1.3743077495555196,-0.039587528816617534,0.3068282302159737,-3.3671466701711417,0.26061311634160145,-0.4412862009320627
0.2204033904041488,1.5611415591837807,0.015045110620567126,0.012698264504820977,-4.060454230916096,1.5025394798220837,-0.48654603227864945
0.09177085182057347,2.5012650520263198,0.1294466429362935,-0.018678261752784753,-5.085433752728498,1.1898259315335362,-0.3159024541521149
0.3474590453648115,1.153128541760465,-0.14490362763897435,0.1723060787088317,-3.710904014052153,0.6294438339284939,-0.343619066304921
0.10595334779758123,2.00055771386643,0.0961668594042866,0.19501259797218667,-4.392340890419902,0.5742830912696235,-0.3828107863259368
0.18646298259507046,1.847135435419397,0.05552104091892929,0.0944840362715311,-4.560359252648385,2.8530278611406144,-0.6822785672683455
0.3230850335152173,0.937953905978452,-0.10399937631014888,0.4062089352541272,-3.5049474899085484,1.0864987604344578,-0.6713024172608194
0.1323838096484135,2.137203782436051,0.10344325448047842,-0.12477716330198627,-4.741567323536576,1.802033090683628,-0.28047944092949
0.22960114026922424,1.6277043781935796,-0.007375088665712903,0.1431693300427707,-4.227744711156284,1.8989460253985184,-0.49408370712815025
0.1389334488598213,1.7515984352354923,0.06600664455963678,0.26695994413040514,-4.214141469226074,1.6499779018213094,-0.5402268532632172
0.08742266728947753,2.380907377070861,0.09674820969467457,0.3519365773356667,-4.556001390415225,0.376877605937905,-0.5256186355132789
0.11300717141111473,2.43402470961983,0.10547182044082448,0.29059713931255826,-5.002570981814618,0.7046705273307856,-0.5571022134053709
0.14788097599647612,1.9482660550008823,0.07236058682509228,0.26664522733137963,-4.566951180155634,1.0601063877356187,-0.5047646116462146
0.25327165888816006,1.2894532760854016,-0.06629264274055835,0.40356819447260767,-3.5481587150587304,0.16800681113103108,-0.5803758397433917
0.19860914397681137,1.966366482046151,0.005441511167972202,0.33807368891739176,-4.455631491112585,0.48913626567064605,-0.511921703651533
0.04771200043869109,2.3548390695871286,0.19619360016642995,0.314263788947177,-4.917619331466783,1.0002595790158884,-0.6441788381312844
0.2910143049182136,1.2586426634892334,-0.08060479137058618,0.16186754157581507,-3.8165667599362165,2.031821097030874,-0.5350919464938066
0.10635470129170528,2.002336928177494,0.09913049998398904,0.23423314834699835,-4.302907443484426,0.8353376329357676,-0.5547136178035242
0.07535204193744814,2.186764011794677,0.14667273307584927,0.3645783411166861,-4.628057497122271,1.1349204198457046,-0.6989065939312209
0.1566676928704583,2.0349706192604087,0.055053294246716566,0.3884501348295279,-4.556817613006406,0.5980517239409985,-0.597000974382635
0.2663315785386032,1.5718157420225416,-0.03676799271843367,0.2665059671965017,-4.215284296914686,2.198296547219021,-0.7157676586733374
0.24961165142943173,1.5389688025895878,-0.012572252751564816,0.359643094961355,-4.134788167918376,0.9272783503016956,-0.726641255754557
0.3414965111354935,0.9212852654925412,-0.15355564883944905,0.19973440946566043,-3.146640155589308,0.9965487986234107,-0.5883354039660876
0.11322719855942773,2.17015086913175,0.06309155004605893,0.4246786556482476,-4.3883869728292115,-0.23641069667817763,-0.47076533126090286
0.2596090819108782,1.5302573200968879,-0.07355310347716393,0.029011743591585232,-3.6980769456071885,0.4725752600296253,-0.23286849153505548
0.2859483839260105,1.4115622094012725,-0.11599564732760892,0.4385886234773206,-3.5819876283901073,-0.032719062413795574,-0.5277127163342634
0.25834242603468877,1.502563932595263,-0.038367294502868465,6.261205229898814e-05,-4.02851264255465,1.9956560487511432,-0.4409869806593014
0.2574013607132093,1.4245793234821524,-0.037384488980486186,0.14513669074367985,-3.955762838006743,1.7756373634260747,-0.5944259967667848
0.22558405828294031,1.7469654928940272,-0.02269442054561499,-0.033932690836050494,-4.057184047867347,1.2007834743947488,-0.2922986044838032
0.27197954172735694,1.4251763886295554,-0.05457347277626501,0.06288056374308365,-4.110521984462018,1.9172239978905947,-0.3939846454897956
0.044745414484831394,2.3166924931456934,0.20835598470998362,0.5614982998494716,-5.191772028772424,1.4006633646321,-0.8785389680079468
0.1899985817237026,2.0698806666192873,0.014370785649488349,0.06847645580519005,-4.659426501418854,0.573654349000177,-0.255724440511949
0.34544951774684,1.0754505742874707,-0.13801214383456772,0.11761193782495508,-3.4153401485769277,0.6878742752080989,-0.3882862169433674
0.20813714749188633,1.7578760937326643,0.012804673138074874,-0.07999134085803694,-4.323025184535922,1.8443154023770916,-0.32081146828643076
0.2419636810667135,1.1830333517040763,-0.06904414299535444,-0.01376248229939496,-3.193647502488306,0.2983171816899002,-0.192526414315701
0.17249210228032646,1.8671896662133276,0.03039986151109164,0.16216851524911383,-4.127453983451137,0.9595973086924465,-0.5205347346459372
0.17119567917664175,1.9727419652181115,0.03834811975303598,0.21656462216015288,-4.501737737169229,1.112710891358899,-0.46381333659417756
0.24315402084120363,1.6434795795736699,-0.08781328725029924,0.3452099527983279,-3.679073846209729,-0.6411343406980904,-0.36923623147627294
0.18072332168433639,1.6234642522708527,0.031196163786280984,0.4424280696377324,-4.088878494665337,1.3852672929771144,-0.7485918481413714
0.14577298702840535,1.9619076541926384,0.07923999995137665,-0.11265579516890473,-4.477979654197322,1.5896662046388828,-0.2231943562468467
0.1786400590854608,1.8412444661870762,0.07031021826410355,0.20322572042653758,-4.763840862140068,2.0994764207805505,-0.6372019265039695
0.27164782990701386,1.2789373634284558,-0.057279899923837196,-0.043816691286971424,-3.7119133006557155,1.5481692366490065,-0.33023045319616007
0.1138573195971511,1.9539326274181026,0.11499906292757789,0.32514319072568,-4.460121042210761,1.9258197408414206,-0.725883637286273
0.3156291837657888,1.3336206506669723,-0.09430437234333167,0.2555112569605034,-3.960637527678423,1.5683299475079482,-0.6032169955047768
0.07951559694557056,2.195798214987926,0.125191144123461,0.39382353275927934,-4.546604234701923,0.5822764430760987,-0.6417635745114192
0.29118875977445385,0.9662883675286688,-0.11857454797057099,0.1441302533917355,-3.0134698633047017,0.503866057590535,-0.3613835529696642
0.1279830112346153,1.651695851223063,0.06935437156218471,0.3896428347063744,-3.835959892332138,1.1363198060456097,-0.7473833525369034
0.13581076239661838,2.1676505933342405,0.08011921894425145,0.31810966947097075,-4.73605128234689,0.7006539882885088,-0.5482957434715797
0.21290456335037103,1.673760381022433,-0.01433852022813098,-0.001455824318347343,-3.8828941050533485,0.7879075514615664,-0.300738859375715
0.26281858821572585,1.0777218543601115,-0.08262248194275057,0.41850831072505434,-3.4408255868041646,0.5049899459547463,-0.5266567829608007
0.3044948990077792,1.0707428650752857,-0.09330931242996254,0.09843385099333371,-3.7309293284851335,1.583877549442014,-0.2980265948889713
0.24912780516600067,1.7186526346442554,-0.06463783556252656,0.27009889515979263,-3.956271780618747,0.525487291049558,-0.5278169263790737
0.19472564386196747,1.7579827894407418,-0.0023714559428948956,0.4824983311890233,-4.110393389338888,0.41085988103564564,-0.6204044679902027
0.09666972501280433,2.281527814157672,0.10394215945938945,-0.045184517495549636,-4.629394403404403,1.018893971797969,-0.15521597376689023
0.15457033746751778,1.9772764018588003,0.08549032923701105,0.2417070757402996,-4.813084652445753,1.7789977111864044,-0.523805619442163
0.21819089829190155,1.8160136362709292,-0.023793458402665335,-0.25456445448503484,-4.169558133461637,1.4533797778622823,-0.015811551784294137
0.20000782958510563,1.9776725558311614,0.01605672172645556,-0.10591334464353755,-4.566708554523775,0.7013168018389836,-0.08279257600092141
0.48794222252549563,0.34743829299674917,-0.2920195906890013,0.35757703024786053,-2.730257857987693,1.27237343468622,-0.658776333207726
0.20735757690315829,1.5419115028466008,-0.0012263548749416042,0.21999653124286256,-3.931850877107372,0.5994070860609159,-0.42031120069019395
0.1600933594443083,1.945229295986978,0.1199834562316966,0.1846269580169419,-5.067592906739717,1.5046232011468388,-0.5544492771876672
0.24512642302861717,1.6752766993398125,-0.011303886017269171,0.23850088338176348,-4.308803356748623,0.8274074840192305,-0.5524889126530994
0.11725882569086866,1.954863909385989,0.14593363418689975,0.42226105215766574,-4.868518952873074,2.1318387114812154,-0.8666201583016174
0.008140836842848146,2.424186698682201,0.19246835277481278,0.7432564493307241,-4.625898873403733,-0.26840757987520436,-0.967191619512433
0.19815283262801506,1.7882437203839758,-0.015435501553893838,0.47829012622414324,-4.097393743002355,0.2666142157381318,-0.6058570308572951
0.09460666406418346,2.2183056828587726,0.09985518722334907,0.20703088640399916,-4.4321280188514764,1.0514615620329424,-0.5445823019669005
0.39789882689471995,1.0115457997679183,-0.2469455317768176,0.4568163693494914,-3.111327199047184,-0.16535041700558792,-0.5404518293951038
0.3115145809748018,1.569467135885998,-0.08040049411965622,-0.16955155762744886,-4.42208772005044,2.1412685663713837,-0.17066814748037107
0.1259333704211511,2.322292901555012,0.09404243375306232,0.16138902444536918,-4.839161393328459,0.9292731212926921,-0.46339297248544986
0.093620599301953,2.0967414086604963,0.12608222150317583,-0.22926907178904746,-4.594722274769175,1.6728390598754606,-0.20300407803273451
0.09620669631695651,2.322392203679626,0.1535064339668364,-0.04101154396117529,-5.301220097102373,2.0030002541494607,-0.3238923490196514
0.25481878116533896,1.2369906101513037,-0.06242897584219265,0.21261225751383547,-3.5299910115586757,1.5587267945994574,-0.5265727175604984
0.258276560916981,1.1459194732953515,-0.07879110635177355,-0.019108970481787196,-3.233243773384026,0.7298435262600919,-0.19237537543666605
0.10872768689176379,2.0890549649364796,0.06961241080664271,0.27382806804484117,-4.372720378991826,-0.32890296905432437,-0.2924521859157403
0.20876064538075464,1.8236555783573514,0.011479075122349913,0.35574369925145877,-4.389962772671267,1.2426561693196376,-0.6389725607119737
0.15063251519617554,1.8258371414868877,0.03636179790250371,0.4239516610425038,-4.185204800544446,1.1798207238001965,-0.6663962944353417
0.15290074872883574,2.4354900272544566,0.0448597398148165,0.2659303422104144,-4.758765405069973,0.5374961050632213,-0.5204769149112677
0.2616015779187106,1.2769449362641727,-0.05922792387716391,0.25221024605258663,-3.6906540582042213,0.7206680726362333,-0.4919885647681044
0.11355556132983176,1.9997548553394686,0.11476547636948453,-0.056177127375983266,-4.629590444705387,1.7672171279013136,-0.2976243871280492
0.1422988398667294,1.9793908192521437,0.05265663492504413,0.38588705492230707,-4.336824517017766,0.1875014292330408,-0.564098717863552
0.1699838860473767,2.0679837500946925,-0.0038764676679265975,0.4436655776206271,-4.310753685763256,-0.3105872504171442,-0.447506827902809
0.4215932124987837,1.0086427626438361,-0.2118323759014673,0.13864764430461246,-3.4674817022774698,1.2022715765515344,-0.47369974173354845
0.2755923037868006,1.458420468668763,-0.08245257357563507,0.2516482538030859,-3.8835366829349796,0.5304007894220933,-0.40084264870979225
0.18600798645923844,1.9957286861342287,0.029860667393736273,0.2572941736627953,-4.5530917890424245,0.4590006816054233,-0.4836940171996961
0.28418688360707556,1.0112892196401675,-0.12413498993346661,0.2689089905403427,-2.986157299849003,-0.014647627174206108,-0.3327594647783519
0.12780106980688713,2.1631850226776175,0.08806546366358403,0.22902293691272113,-4.603478342874575,0.31626279741346297,-0.48337816663637845
0.2411051063602366,1.41650232337127,-0.0569228873021822,0.5453618124500605,-3.6438203897310673,0.5641915067681297,-0.7932006357230877
0.15359128879906905,1.9205317894186433,0.07036792893606991,0.2890533101172953,-4.546296410048188,1.4033460174767938,-0.6546459582273918
0.25043444131182474,1.8406591753914063,-0.0343595280374458,0.1729133439119393,-4.710939065554297,0.8438900557209714,-0.29284223169118984
0.2600882830679414,1.5183822649227348,-0.08982276436081249,0.3763966816054931,-3.7480335290558036,-0.12177810003752672,-0.4479596267280873
0.18142961210041625,1.8765368188850915,0.04112896910453401,0.5811136375654089,-4.689847586022199,1.858932379000487,-0.8259697991806167
0.27410525994820306,1.2362886932095165,-0.07414132393809825,0.47789764367283516,-3.541063871645018,0.9315188115993616,-0.7463780229314222
0.014127949417318484,2.5774454219166163,0.20627792203524686,0.3643946315064005,-5.032904562487473,0.6381741149943416,-0.657705632022776
0.2780830935775742,1.9012305501157187,-0.05224789306506583,-0.12352358921316489,-4.714293438770204,1.4434712066234634,-0.08263430613644718
0.28008867107954555,1.299247904034035,-0.04861930058749586,-0.05608940258525896,-3.9031922070124137,1.4196205657221914,-0.3514632664507438
0.31936845437687295,0.7877763740537667,-0.1332190378700962,0.23708053466243942,-2.9115502125844026,0.5576673264412988,-0.5015572877930261
0.1708033556817986,2.1295141048191324,0.036882912624288,0.11506969049860874,-4.689540110833087,1.344194957394359,-0.33355040653454715
0.1609155085625368,1.8049442890906042,0.027863471254615524,0.1575792539714601,-4.197195743056764,1.0374987365489512,-0.3658987845172956
0.12425577620970275,2.430390958168352,0.06008220846885082,0.38441780137562076,-4.79184781883051,-0.650937904369776,-0.3690368465494286
0.30793245988867324,0.8731048268426205,-0.1345869052963013,0.13272616118652839,-2.94471199191939,0.43109269914231796,-0.3349733705201688
0.2147690805350823,2.0144702329883337,0.004980718168399401,0.07108591806455986,-4.499381069372594,1.2421448541229176,-0.44743008852543564
0.1735768903726081,2.086637144016782,0.053621786662434,0.22088599294239883,-4.7128527908271485,1.3220566894335286,-0.5285267296893468
0.28291371636324253,1.378093898252757,-0.06969176148258216,0.3004983892556312,-3.8733299556565455,0.6345316263437643,-0.54075803964727
-0.023228527104065082,2.8685628100943243,0.24245114649719923,0.3382874139792476,-5.524377635476251,0.7295084206489117,-0.5086314378731753
0.1974941623657021,1.598795798470161,-0.004804875021625632,0.4071368852844576,-3.89056976683212,0.675843972144037,-0.5803561419567277
0.12159521714875157,1.9953500604340022,0.06991345019293016,0.33498730960389933,-4.1480953640239004,0.5586937047751909,-0.5895666343077305
0.1305822689364638,2.253956424497554,0.0890793633906477,0.6774417355867921,-4.880492923337793,1.5388117066907316,-0.9812992455369554
0.18278671812700611,1.7449559030013229,0.06920173158666687,-0.04022131131529669,-4.650935597232687,1.4497476128090114,-0.31421578299890873
0.2429983467472221,1.93421941519776,-0.03183910202182538,0.027707217220119623,-4.4316570535400635,1.4818047515052561,-0.3719097610172805
0.20865894449528377,1.940367324045113,0.062979498525634,0.07955840090907645,-4.7913896625005306,1.4779050864165455,-0.5571358813951612
0.17019106848186993,1.9816128613575414,0.03614234970343411,0.21243501511879403,-4.36859466776244,0.6616181989550678,-0.3995880907680065
0.10542788110488298,2.3094385431244255,0.10323615442626877,0.5234893262479363,-4.7392898728447275,0.759095826755935,-0.7679117426072855
0.10399560322237508,2.3505036363609086,0.12994087826134182,0.23705055422302318,-4.94556655137696,0.12427354946690097,-0.48369505062749063
0.33727605230758545,1.0561873608817687,-0.17971329566671168,0.649734683118609,-3.086344086103926,-0.011281245124627288,-0.7493558838321965
0.06818604146300461,2.3238125775282823,0.14451193613741986,0.227834758202223,-4.822681778775431,1.4746077710967647,-0.5285647489605693
0.18075595688566024,1.8511715381314346,0.023481235523808097,0.5123961362026003,-4.2330995789449135,0.30023283692261543,-0.7452084209871184
0.12853228215443144,1.973020856819229,0.053473415429095894,-0.04306175052809935,-4.050482519467698,1.145456554365569,-0.25719375532054894
0.2725700111570467,1.2157645969561743,-0.09794488476149987,0.05978547049187401,-3.3277622220093575,1.1502023871844504,-0.34927302568358654
0.2683876829755048,1.2958873050227062,-0.0673022579975614,0.171968306548488,-3.681101011098493,0.4795419224521881,-0.4263797587492139
0.024243772082239205,2.5935612343606875,0.18145041993322764,0.1279496768207699,-4.952059958947162,0.14864883078168167,-0.3120423187156056
0.36840267229430546,1.2222190581838535,-0.15928974630957404,0.17569814153422714,-3.8556162250469077,1.0196052115614387,-0.43854200903330104
0.3028350541393802,1.6547069672305028,-0.08424311543063334,0.25258794485114944,-4.277698433696934,0.37011620077021257,-0.4463364333186668
0.21411841536065995,1.65880140589169,-0.0048356893976508886,0.3714916106515417,-4.276116393168415,0.455370740623113,-0.5218760518710317
0.1382996282001549,2.062447498262977,0.11835995646954656,0.312005358438986,-4.888853155646392,1.7011124973617744,-0.7425252586363773
0.14265686129987204,2.195214335554538,0.08824784240763939,-0.12390932398629789,-4.963243196126539,2.5808990538034142,-0.2427125455886307
0.1560374784360472,1.7888666663397488,0.046305517793797435,0.40350871039179786,-4.0999696594835395,0.8243337011129438,-0.6494419260760238
0.21192403374702146,1.519477414467363,-0.010535408850612438,0.19627614839601903,-3.9731064889374816,0.29651898076986233,-0.28738471672469923
0.19294100814365006,1.6941497785766764,-0.005905342404544989,0.3782372136335222,-3.8270329546300736,0.5250288807069688,-0.6105799519706951
0.20824915745278988,1.8713507970776355,0.01989285143038777,-0.050580565963305374,-4.506095094086766,1.8643823925745049,-0.32784740051368294
0.15150103078141633,1.7872678039018148,0.04622995488179549,0.25233926093623155,-4.139479871614805,-0.030998810085709472,-0.3935248220448651
0.0902082436394968,2.3146124155344667,0.13228924288840083,0.28631867935929645,-4.93471773220481,1.5159027442558315,-0.5579599777887112
0.10834777010592798,1.9125379803943066,0.0808387006041027,0.30339675601640087,-4.107994903095968,1.2180282013962587,-0.5922857612642407
0.17736488313522908,2.0583856195415056,0.0186447917703072,0.2345154427524386,-4.397435888987398,-0.2436501250874344,-0.36820471584602066
0.2991199023203206,1.1850164764454867,-0.10448747312509854,0.2417294109502237,-3.519747563974361,-0.04019088908572979,-0.4278571941893557
0.17456318487580944,2.0253701280870504,0.021464990718449428,0.3573572994388038,-4.313775531864129,0.8043939748933838,-0.6146612787970556
0.03304757819162952,2.703551517796017,0.19359514035969339,0.14812136542549875,-5.344430018362557,1.138060974886647,-0.43740547361212306
0.2454390920086601,1.5060147764260483,-0.06873374348750405,0.2220616995082445,-3.5328689533801256,0.1194338221294367,-0.4444818344612099
0.18028536835923215,1.7740080665553386,0.019204773061883618,0.3760494832337852,-4.130924320036851,-0.1828562442621077,-0.4125015064422548
0.15111849099663205,2.1916806342048387,0.05474435262094568,0.16726079741710367,-4.715120007116548,0.9122098331125494,-0.4049099343312593
0.28618177602799766,1.336044381965879,-0.07710663023060604,0.43076171847726774,-3.661629241688405,0.3251967520788618,-0.6889933668963685
-0.03849801435754873,3.090288697109335,0.2693602041411931,0.3960373429885367,-5.534407795572147,0.43759639981176607,-0.7177249103190401
0.1931638736217832,1.5598209031318782,0.031811172262534715,0.04065414969341932,-4.193963898477627,1.2673521499742035,-0.2857976660071723
0.36420515924956864,0.8471278714736741,-0.12960324177367077,-0.16764830659393914,-3.5588641436464603,2.1533507504728515,-0.23798748397723662
0.10856219809422807,2.5278303709646046,0.14985455011396276,0.26199798641991934,-5.305423039149562,0.7258437868722719,-0.6415282106405307
0.16167653016931144,2.1908136278321395,0.06500559177426268,0.1340651361774201,-4.900747520302959,1.1759420525915154,-0.4281627458534729
0.05111452573890491,2.343372471901482,0.18259007484219736,0.16707374125609017,-5.054794789666255,2.151818270416908,-0.5782221296282187
0.17383850633194894,1.452277627753416,0.009852671591955131,0.05731913855918627,-3.4670815354041906,0.9995177820887431,-0.4245535917307211
0.3455964260680658,0.9900613906440668,-0.11181553958002671,-0.1258366116767856,-3.7201363266486496,2.750543058422917,-0.3430557224712568
0.4009411461101957,0.66800160169474,-0.2027941643637783,0.14719411757787276,-3.004184933031557,0.45507331372837145,-0.39420986165375155
0.11504157883261598,2.320459538201952,0.11146954817197141,0.22957731830806732,-4.889812474573389,1.359395247486524,-0.5883951694098188
0.13907931637845075,1.9071359323251444,0.12006160821104306,0.006244561235754231,-4.657589072693157,2.2435012159545766,-0.5620887728317703
0.16457949330434438,1.606777125360419,0.05918504621630816,0.44720929159291595,-4.109296259479133,0.6424605598538186,-0.7285898647292993
0.3413402293514254,1.0536182551902522,-0.12473630559661941,0.28510870721868,-3.6898288471648093,0.5912281126097155,-0.510718713483163
0.06445977552727461,2.3647699269407463,0.19295411633250525,0.2006412418771908,-5.2104942733133095,1.8536506583454313,-0.6410769790925018
0.19390841820531332,1.723192344391124,0.036016074337890336,0.34220767204868296,-4.13014988965024,0.5773525627813145,-0.7121016182541012
0.2277104148160854,1.2440968238983268,-0.056693448810659186,0.4632765737652631,-3.1958743673065677,-0.45235751578056094,-0.5819797114240175
0.15372358387898938,1.8328022688094574,0.03690443842551305,0.23431523757270775,-4.210669931936877,1.3626428256533667,-0.4811312022196414
0.1741466528306923,1.7598161236312388,0.09333561624731224,0.026281232769331142,-4.613136980031468,2.204883525971745,-0.47476217751530847
0.18430449926062142,2.0901739850881835,0.05221985515513938,-0.24713212467362702,-4.790329479951536,1.6296707616889394,-0.1078073646039566
0.19798687678324098,1.415681694436588,-0.03974685170191061,0.5017742037610986,-3.325197608514202,-0.1429751984735671,-0.6391989071764186
0.34673877573598205,1.2223222725219647,-0.16681496875441426,0.2512144874687282,-3.498103490696648,0.7399841499470154,-0.42746982949060774
0.042075753954074646,2.196524856033113,0.16188763591984756,0.5643685185621203,-4.561126176457326,1.2502958230128902,-0.8250379261884493
0.2910829169028363,1.0666746246610275,-0.13999371398904237,0.4620129181008586,-3.084452800673813,-0.11351589194757693,-0.5053147084137148
0.32422706202688056,1.2543574112729392,-0.13195767284739301,0.3476561167644854,-3.668084651211184,0.5597830068635798,-0.5431059115323424
0.16029327257099568,1.9910497351279939,0.01959475868172511,0.12636973055582829,-4.23781336947747,1.043206230138299,-0.30973384041810054
0.21043255761213225,1.2734489061830014,0.010563794506406432,0.41908840109704465,-3.7538780314191547,2.233256900649572,-0.9409513222829959
0.1180109204746549,2.1214414409407443,0.05318484168469406,0.5174603550728099,-4.280625592674455,-0.9355874312298349,-0.46693665644458304
0.2328200789394971,1.4191895945285629,-0.02894046531337935,0.1559527327843389,-3.8434095988472814,0.6505650892660101,-0.38397562499452115
0.1902202223658177,1.651052802746485,0.032708494799134735,-0.030893458013285607,-4.3181773751576475,1.1579850771244449,-0.21229992566273218
0.1643235738690849,1.6400601400788402,0.06857542745468659,-0.05888086915840279,-4.094626656029053,2.2213082193014557,-0.44806823427602055
-0.0030044800440938704,2.534037656056707,0.17046253999624517,0.20737290122932084,-4.510080084907536,0.24031576873197372,-0.35645622249324965
0.004196967007740862,2.655578012946282,0.17182864443397428,0.5696404687717407,-4.842378273718441,-0.22996215435763345,-0.6369769913938407
0.1308076727136015,1.9546722038688902,0.08982090126147413,-0.06621073138800804,-4.367498037661092,1.552383471976057,-0.3178597732427085
0.3628228777106258,1.307805263806881,-0.1515670743515577,-0.14786791638572339,-3.7779342604188675,1.612614423117596,-0.2065033099772301
0.31610454023956747,1.0499494249280412,-0.10114490190717806,0.209792693917783,-3.5905859068081805,1.172668003344241,-0.5198529686422614
0.2698389582675238,1.3519713288149586,-0.05022356661281868,0.17289301170115579,-3.995049015424234,0.8013061459470674,-0.40497999229126724
0.1848478569683224,1.841966074602207,0.04074980160515418,-0.08552006041326429,-4.470947514459585,2.150821999821376,-0.26800515881162534
0.18536781191360482,2.2934003962228697,0.02680996801973823,-0.11268609523420672,-4.876783058048442,1.3795191777366205,-0.12173823917317819
0.07023631816995424,2.7217997272539103,0.1390133450746016,0.023503524511742868,-5.155057263384503,1.0389023702842144,-0.26764638251657674
0.23632562056424444,1.5653645215640741,-0.036933838341647096,0.5222324543399411,-3.7921039774986047,1.090118705042817,-0.9672107406734525
0.21273074978242526,1.5274312081760146,0.013716076972845936,0.4486488063395756,-4.329981002260473,1.789832003927451,-0.7335742973878182
0.18115763808645655,2.299203028271281,0.04168000408585648,0.10580935944915978,-4.992282451949715,1.4954684038354016,-0.40633312089468937
0.16068985856195725,2.09503841319495,0.09066275335611151,-0.36025013696394936,-4.929132903548052,2.314087881386859,-0.05795421715079449
0.11165066343084185,2.5235649436906322,0.10177814186131395,0.20489736470313935,-5.014216752385361,0.2603255515005065,-0.3860760701608638
0.13071030276590934,1.9849261953686002,0.07041860415754186,0.8912442961965453,-4.518473904463111,-0.02839587479448924,-0.9195129019985895
0.17505546587620885,2.1524027673438026,0.054166013533418544,-0.01838547299365706,-4.921587313469005,1.1635045391187697,-0.2508062214513337
0.16791524072932817,1.4404698675907923,0.008840620598031368,0.29869021662484674,-3.4314182014989654,0.271203446241975,-0.5346818468182006
0.1380109263292512,2.577805184185848,0.08608179709682862,0.1715132066388883,-5.240385584079559,0.5741086387017953,-0.41620424859946786
0.09971390579307648,2.620128216235562,0.11368466753690809,0.12138640090944808,-5.033495811074152,0.08170957897153544,-0.3473219108637656
0.34127060386888375,1.0763503237210827,-0.13564397204073275,0.49691826159854297,-3.4269044138117613,0.8443855967743653,-0.8455437081781689
0.2188625223656695,1.9089054184692467,0.05627913443681942,-0.15214709443315916,-5.069892099211614,1.7338642374285151,-0.23866906675035804
0.17824455002083603,1.7456111237300662,0.01079096620598552,0.15194160396721346,-3.871475036412487,0.801167072300472,-0.43164912319416016
0.2750346002747965,1.1764685342434447,-0.07874345319746223,0.10151916030659651,-3.544901640304322,1.4889111226018756,-0.4407531907946916
0.12142820877507501,1.8096630190038585,0.07780261937127952,0.20634934124607604,-4.0385587617830865,0.6389244508842629,-0.48133379951880895
0.1405361026143837,2.2093064425094897,0.07850648669317306,0.19517617701582154,-4.71420157134235,0.5739535262698741,-0.48661726515255477
0.21766517210269035,1.273325474985023,-0.024026904432824514,0.030575889689012578,-3.491415479105086,1.5600204506161697,-0.3747114832100401
0.282139399799521,1.1826063475622748,-0.05668025069711757,0.2305665557821679,-3.816574883153837,1.6698167284694212,-0.5748852030034312
0.2944627504279549,1.160300204387191,-0.13338092892019904,0.4156999101027135,-3.408362126798127,0.20689631842853468,-0.4137500647642874
0.29553267319925214,0.9604844079270531,-0.13090007439720763,0.4139273820154151,-2.97368905997407,-0.06612412156528388,-0.5686567100995655
0.23113083217733127,1.4727388618531552,-0.02379971928346225,0.31456933473578547,-3.931545392082372,0.7484318718378404,-0.5223254926565908
0.09749846466005631,2.309506028650147,0.11409259257799786,0.03858159814520046,-4.903365117941826,1.333153845701325,-0.3124908905166638
0.3034708324995595,1.2565967244584608,-0.09261503211277122,0.23927359457713615,-3.7537909920771733,1.740478392307742,-0.5854395346208197
0.41624375795569607,0.7473529016457299,-0.24797357561007452,0.18762211331422088,-2.886466400894663,0.9660775461646,-0.3955273897118122
0.22500183391026463,1.7808414861430373,-0.03991075346957973,0.4651832237322777,-4.032885081847029,0.29497167768174526,-0.6720453044626467
0.15717952574312666,1.9931105777376312,0.011269695753139297,0.4182769131238635,-4.112987150512172,-0.1697091778346292,-0.46999866768289916
0.15057984058067214,2.0874263122494283,0.06929495824554133,0.35271033084283115,-4.604369059873552,0.9285459403513681,-0.6717871922662026
0.2468854017767699,1.600259977564904,-0.0028832712603326094,0.10642665636853157,-4.468945624345011,2.3797787801362564,-0.5452309772602262
0.08580481836402236,1.8298514076866879,0.09552814910453078,0.2885675195266241,-3.9183971940264355,-0.2764459798653042,-0.42934833262025607
0.2595034869855637,1.0740974334498374,-0.04636672746219472,0.40788556530388165,-3.5636706322655654,1.38067638320691,-0.7456470227196765
0.1322806720687469,2.0676529795674647,0.11373060495925658,-0.15911705582633523,-4.905042645629924,2.039663859951924,-0.2597196158726328
0.25711575192716957,1.421045314780665,-0.010425104942525909,0.14736374018713,-4.111661921403875,2.860282344984386,-0.7126933266884974
0.15397337560556815,1.8017396499064977,0.027810768907219785,0.36086607486599886,-3.9358858728128445,0.26609196300979604,-0.5754927823347598
0.011211742388448392,2.7258233143030988,0.1855720998674908,0.24998231766053242,-5.080433732265833,0.1813365923730564,-0.38490143191842735
0.2212165553480093,1.6539551493323754,0.0037680904612975574,0.20077868150216796,-4.371590628500108,1.2385270750174104,-0.45678411079926207
-0.008702976794053317,3.264616699384068,0.23703789327715663,0.3309605805192273,-6.005820015082933,0.8909303363362954,-0.5497098528664757
0.05696571119391229,2.653866384750665,0.20598669588713125,0.050180523095478824,-5.650307224759071,1.4503096737792953,-0.3684136418140972
0.3087602604340879,0.8426905293523685,-0.12408163952010282,0.018718471621558687,-3.0903372538011196,1.0432029456839527,-0.29898477163341913
0.14255370240822365,1.9179560661977433,0.06767359432908582,0.35439173684230196,-4.336978777232049,0.3033331186658151,-0.5802396857057819
0.26363613401182073,1.2858072943093206,-0.08546153488297448,0.37549952172823,-3.226228174929819,-0.048798207930266804,-0.6670580837735322
0.27541314010703094,1.3106714184161725,-0.08310458416556565,0.6280261241093466,-3.8029305047397517,0.3997936636698134,-0.6994199912791501
0.21123533608264394,1.4368074076063395,0.01808977311978488,-0.17172332891874317,-3.85048688975713,1.4808871398718548,-0.31395855915012416
0.13075029091483298,2.386615446062193,0.07096477823884961,0.49430490379988185,-4.896136246820421,-0.23186964882164263,-0.5709740922238011
0.10418448340094151,1.887219010304688,0.12391656991497113,0.15841483325648545,-4.173550963966927,1.1401709540790492,-0.5796238948562966
0.13167469874050725,2.0954529407387836,0.08921483546525488,0.10559475073230798,-4.712162130219172,1.663780489201195,-0.5084794307657741
0.2950374256405702,1.3750498740256265,-0.06868290261846166,0.2803480918547814,-3.939850692065125,1.415392500439589,-0.6556776070804355
