q_dirs,traj,tr,delay,rep,paired_id,base_condition_id,vote_bin_switch_rate,vote_switch_chord2_mean,agg_cell_switch_rate,agg_cell_jump_chord2_mean,path_event_rate,endpoint_wrap_rate,branch_event_rate,vote_path_coincident_rate,positive_err2_increment_t3,counterfactual_event_cost_sscrn,positive_counterfactual_event_cost_sscrn,rmse_t3,rmse_honest,rmse_gap_t3_minus_honest
4,circle,0.25,12,0,sscrn_circle_tr0.25_d12_rep0_q4,sscrn_circle_tr0.25_d12_rep0,0.24539999999999998,0.49079999999999996,0.25,0.5,0.0,0.0,0.0,0.0,0.3450053529120637,0.003482973333245785,0.5341269370892264,0.7404276960689365,0.7628611045633377,-0.02243340849440112
4,circle,0.25,12,1,sscrn_circle_tr0.25_d12_rep1_q4,sscrn_circle_tr0.25_d12_rep1,0.2452,0.4904,0.25,0.5,0.0,0.0,0.0,0.0,0.3331117185039003,0.000580860882252513,0.4838621960803206,0.7362423528417478,0.7083990303589357,0.027843322482812072
4,circle,0.25,12,2,sscrn_circle_tr0.25_d12_rep2_q4,sscrn_circle_tr0.25_d12_rep2,0.2466,0.4932,0.24,0.48,0.0,0.0,0.0,0.0,0.334087465093886,0.0031660685920370042,0.365312680436721,0.741341819529941,0.7230469432020662,0.018294876327874854
4,circle,0.25,12,3,sscrn_circle_tr0.25_d12_rep3_q4,sscrn_circle_tr0.25_d12_rep3,0.25120000000000003,0.5024000000000001,0.26,0.52,0.0,0.0,0.0,0.0,0.32277601490860097,0.0012106654183158647,0.4422239594143629,0.7232518051127487,0.7779755785535946,-0.05472377344084589
4,circle,0.25,12,4,sscrn_circle_tr0.25_d12_rep4_q4,sscrn_circle_tr0.25_d12_rep4,0.24420000000000003,0.48839999999999995,0.25,0.5,0.0,0.0,0.0,0.0,0.35233271819994877,-0.010824411358184117,0.5254078903774974,0.7366833390765839,0.7394388400794725,-0.002755501002888572
4,circle,0.25,12,5,sscrn_circle_tr0.25_d12_rep5_q4,sscrn_circle_tr0.25_d12_rep5,0.24960000000000002,0.49920000000000003,0.25,0.5,0.0,0.0,0.0,0.0,0.34534078103148214,-0.0015898622555523456,0.47612810842417413,0.7481266063100672,0.7095139384751262,0.038612667834940995
4,circle,0.25,12,6,sscrn_circle_tr0.25_d12_rep6_q4,sscrn_circle_tr0.25_d12_rep6,0.2564,0.5128,0.27,0.54,0.0,0.0,0.0,0.0,0.35979283537172907,0.013750425590281163,0.47267020161305545,0.737531777232858,0.7352633660160464,0.00226841121681165
4,circle,0.25,12,7,sscrn_circle_tr0.25_d12_rep7_q4,sscrn_circle_tr0.25_d12_rep7,0.25,0.5,0.26,0.52,0.0,0.0,0.0,0.0,0.3328288451703738,0.008396341123709837,0.47735340781829705,0.7140803091350351,0.7289235970033359,-0.014843287868300803
4,circle,0.25,34,0,sscrn_circle_tr0.25_d34_rep0_q4,sscrn_circle_tr0.25_d34_rep0,0.2052,0.4104,0.2,0.4,0.0,0.0,0.0,0.0,0.948282826871843,0.014718955709013524,0.902754577906597,1.5479284163429354,1.7452480722374262,-0.19731965589449074
4,circle,0.25,34,1,sscrn_circle_tr0.25_d34_rep1_q4,sscrn_circle_tr0.25_d34_rep1,0.1966,0.3932,0.19,0.38,0.0,0.0,0.0,0.0,1.0059662744583953,0.019290151756918346,1.366452555167173,1.6142009968507678,1.5634764786820277,0.05072451816874013
4,circle,0.25,34,2,sscrn_circle_tr0.25_d34_rep2_q4,sscrn_circle_tr0.25_d34_rep2,0.2048,0.4096,0.2,0.4,0.0,0.0,0.0,0.0,1.0261324233505185,0.026100910302734197,1.2494118405711643,1.6386384609328668,1.6843663642757982,-0.04572790334293142
4,circle,0.25,34,3,sscrn_circle_tr0.25_d34_rep3_q4,sscrn_circle_tr0.25_d34_rep3,0.1948,0.3896,0.19,0.38,0.0,0.0,0.0,0.0,0.9432853882038449,-1.103650582782986e-05,1.2409119103177446,1.5749764924467264,1.677556015662346,-0.10257952321561947
4,circle,0.25,34,4,sscrn_circle_tr0.25_d34_rep4_q4,sscrn_circle_tr0.25_d34_rep4,0.20879999999999999,0.41759999999999997,0.2,0.4,0.0,0.0,0.0,0.0,0.9594728483402614,0.028623890086324696,1.2629909527775172,1.5629853162914582,1.767396438939749,-0.20441112264829076
4,circle,0.25,34,5,sscrn_circle_tr0.25_d34_rep5_q4,sscrn_circle_tr0.25_d34_rep5,0.1924,0.3848,0.19,0.38,0.0,0.0,0.0,0.0,0.9998654079466617,0.021077866286135966,1.5220989537634046,1.5840495628078064,1.6778792178633248,-0.09382965505551843
4,circle,0.25,34,6,sscrn_circle_tr0.25_d34_rep6_q4,sscrn_circle_tr0.25_d34_rep6,0.1932,0.3864,0.19,0.38,0.0,0.0,0.0,0.0,1.008465455068201,-0.004503028434460158,1.2319375594579163,1.5661371298624294,1.6069116889658994,-0.040774559103470054
4,circle,0.25,34,7,sscrn_circle_tr0.25_d34_rep7_q4,sscrn_circle_tr0.25_d34_rep7,0.2024,0.4048,0.2,0.4,0.0,0.0,0.0,0.0,1.0042513237559554,0.048628954747423736,1.209072511123463,1.632425499141488,1.642781144087162,-0.010355644945674092
4,circle,0.35,12,0,sscrn_circle_tr0.35_d12_rep0_q4,sscrn_circle_tr0.35_d12_rep0,0.2796,0.5592,0.28,0.56,0.0,0.0,0.0,0.0,0.4087880283465676,0.002581293388158177,0.5373315955367913,0.7524333484703674,0.7203762935630452,0.032057054907322136
4,circle,0.35,12,1,sscrn_circle_tr0.35_d12_rep1_q4,sscrn_circle_tr0.35_d12_rep1,0.31679999999999997,0.6335999999999999,0.32,0.64,0.0,0.0,0.0,0.0,0.3947354111758196,0.007298047954328256,0.5051259453728955,0.7084240905106869,0.7463461948557762,-0.03792210434508936
4,circle,0.35,12,2,sscrn_circle_tr0.35_d12_rep2_q4,sscrn_circle_tr0.35_d12_rep2,0.29059999999999997,0.5811999999999999,0.29,0.58,0.0,0.0,0.0,0.0,0.38364087855200435,0.00942911463385796,0.484858565515947,0.7387879996489023,0.7230060574948874,0.01578194215401485
4,circle,0.35,12,3,sscrn_circle_tr0.35_d12_rep3_q4,sscrn_circle_tr0.35_d12_rep3,0.2704,0.5408,0.27,0.54,0.0,0.0,0.0,0.0,0.4072849200496333,-0.0013834975769933763,0.5490531919602637,0.7973575794640902,0.738101907741658,0.05925567172243229
4,circle,0.35,12,4,sscrn_circle_tr0.35_d12_rep4_q4,sscrn_circle_tr0.35_d12_rep4,0.2804,0.5608,0.29,0.58,0.0,0.0,0.0,0.0,0.39292706815258904,-0.008961860495379144,0.5717896530833954,0.747462144971827,0.7855520317702224,-0.03808988679839542
4,circle,0.35,12,5,sscrn_circle_tr0.35_d12_rep5_q4,sscrn_circle_tr0.35_d12_rep5,0.3172,0.6344,0.32,0.64,0.0,0.0,0.0,0.0,0.39479844564868927,0.018281097260415373,0.5180725922978747,0.7015186947416815,0.794244401222029,-0.0927257064803475
4,circle,0.35,12,6,sscrn_circle_tr0.35_d12_rep6_q4,sscrn_circle_tr0.35_d12_rep6,0.31,0.62,0.31,0.62,0.0,0.0,0.0,0.0,0.4010125816833845,0.001251948243857503,0.44913293825132106,0.7032124546815903,0.7509645150294041,-0.04775206034781376
4,circle,0.35,12,7,sscrn_circle_tr0.35_d12_rep7_q4,sscrn_circle_tr0.35_d12_rep7,0.3156,0.6312,0.32,0.64,0.0,0.0,0.0,0.0,0.40426701426505907,0.008977160310107235,0.4783365213990891,0.7177648724734385,0.7080184693305919,0.009746403142846582
4,circle,0.35,34,0,sscrn_circle_tr0.35_d34_rep0_q4,sscrn_circle_tr0.35_d34_rep0,0.1816,0.3632,0.18,0.36,0.0,0.0,0.0,0.0,0.8707805607122533,-0.0022394687961702882,1.1563212645751675,1.40055245213634,1.6954716486785575,-0.29491919654221754
4,circle,0.35,34,1,sscrn_circle_tr0.35_d34_rep1_q4,sscrn_circle_tr0.35_d34_rep1,0.1932,0.3864,0.19,0.38,0.0,0.0,0.0,0.0,1.0034788164851978,0.007739377672078476,1.303453252082432,1.5070250447385916,1.6839454630512778,-0.17692041831268623
4,circle,0.35,34,2,sscrn_circle_tr0.35_d34_rep2_q4,sscrn_circle_tr0.35_d34_rep2,0.18899999999999997,0.37799999999999995,0.19,0.38,0.0,0.0,0.0,0.0,0.9617996845096762,0.005020033971632973,1.266212005341482,1.452378126553776,1.6627529929731992,-0.21037486641942316
4,circle,0.35,34,3,sscrn_circle_tr0.35_d34_rep3_q4,sscrn_circle_tr0.35_d34_rep3,0.1844,0.3688,0.19,0.38,0.0,0.0,0.0,0.0,0.9226802461122157,0.015390057646351232,1.2301287070390017,1.4392409618025124,1.7198227325918778,-0.2805817707893654
4,circle,0.35,34,4,sscrn_circle_tr0.35_d34_rep4_q4,sscrn_circle_tr0.35_d34_rep4,0.2924,0.5848,0.31,0.62,0.0,0.0,0.0,0.0,0.7132469958296278,0.049453744300816005,1.160469708281046,1.2764119267603287,1.7123313751357647,-0.43591944837543606
4,circle,0.35,34,5,sscrn_circle_tr0.35_d34_rep5_q4,sscrn_circle_tr0.35_d34_rep5,0.18280000000000002,0.36560000000000004,0.19,0.38,0.0,0.0,0.0,0.0,0.948440107803785,-0.032216583330362474,1.3117005543966231,1.467623293966411,1.707034275153763,-0.23941098118735216
4,circle,0.35,34,6,sscrn_circle_tr0.35_d34_rep6_q4,sscrn_circle_tr0.35_d34_rep6,0.18719999999999998,0.37439999999999996,0.19,0.38,0.0,0.0,0.0,0.0,0.948528154929694,0.05792234402726595,1.1990210848013063,1.4527717973079113,1.723453427034225,-0.2706816297263137
4,circle,0.35,34,7,sscrn_circle_tr0.35_d34_rep7_q4,sscrn_circle_tr0.35_d34_rep7,0.1814,0.3628,0.18,0.36,0.0,0.0,0.0,0.0,0.9888433089385096,0.010594270650790119,1.299334308707507,1.511881010248883,1.6944341300000936,-0.18255311975121047
4,lemniscate,0.25,12,0,sscrn_lemniscate_tr0.25_d12_rep0_q4,sscrn_lemniscate_tr0.25_d12_rep0,0.26899999999999996,0.54,0.27,0.54,0.22,0.0,0.22,0.2,0.3345870197285956,-0.004290179501465608,0.35188053501207056,0.6426003410076434,0.8248473140157642,-0.18224697300812076
4,lemniscate,0.25,12,1,sscrn_lemniscate_tr0.25_d12_rep1_q4,sscrn_lemniscate_tr0.25_d12_rep1,0.27899999999999997,0.5952,0.28,0.6,0.12,0.0,0.12,0.09,0.35425056537748545,-0.00365828523120015,0.5468175967123098,0.7303148178921988,0.8235934262329131,-0.09327860834071433
4,lemniscate,0.25,12,2,sscrn_lemniscate_tr0.25_d12_rep2_q4,sscrn_lemniscate_tr0.25_d12_rep2,0.6731999999999999,2.37,0.74,2.66,0.37,0.0,0.37,0.37,0.29494527497653433,0.024545272369418263,0.44876739928181414,1.1488632490327393,0.824506289076652,0.32435695995608727
4,lemniscate,0.25,12,3,sscrn_lemniscate_tr0.25_d12_rep3_q4,sscrn_lemniscate_tr0.25_d12_rep3,0.294,0.624,0.3,0.64,0.23,0.0,0.23,0.21,0.3371883422944648,-0.007343877918554804,0.5608431876486064,0.6481484282841355,0.8247082023680345,-0.176559774083899
4,lemniscate,0.25,12,4,sscrn_lemniscate_tr0.25_d12_rep4_q4,sscrn_lemniscate_tr0.25_d12_rep4,0.4456,1.3476,0.47,1.46,0.29,0.0,0.29,0.29,0.3846493729911362,0.03336652294812714,0.45506931843526666,0.952425264216525,0.8242119103718373,0.12821335384468768
4,lemniscate,0.25,12,5,sscrn_lemniscate_tr0.25_d12_rep5_q4,sscrn_lemniscate_tr0.25_d12_rep5,0.55,1.8376,0.6,2.06,0.34,0.0,0.34,0.33,0.29506818697775483,0.007182835423612326,0.36095096617940786,1.0649889290871826,0.8269222719337818,0.2380666571534008
4,lemniscate,0.25,12,6,sscrn_lemniscate_tr0.25_d12_rep6_q4,sscrn_lemniscate_tr0.25_d12_rep6,0.8518000000000001,3.2532,0.94,3.66,0.47,0.0,0.47,0.47,0.3432712376631175,0.012873666658661215,0.36413610538826047,1.3359064232291924,0.8248401720936588,0.5110662511355336
4,lemniscate,0.25,12,7,sscrn_lemniscate_tr0.25_d12_rep7_q4,sscrn_lemniscate_tr0.25_d12_rep7,0.478,1.5168000000000001,0.51,1.66,0.28,0.0,0.28,0.28,0.39279949788171803,-0.00721960652154708,0.45990777481049927,0.9120439793966206,0.8223106445898217,0.0897333348067989
4,lemniscate,0.25,34,0,sscrn_lemniscate_tr0.25_d34_rep0_q4,sscrn_lemniscate_tr0.25_d34_rep0,0.2152,0.43119999999999997,0.2,0.4,0.21,0.0,0.21,0.11,0.9408091630347172,0.01057516893783402,1.2071267163282051,1.5779850269728006,1.669189712250419,-0.09120468527761827
4,lemniscate,0.25,34,1,sscrn_lemniscate_tr0.25_d34_rep1_q4,sscrn_lemniscate_tr0.25_d34_rep1,0.2614,0.6272,0.26,0.64,0.16,0.0,0.16,0.11,0.8256467022367466,-5.085045745073457e-05,1.0148560302191703,1.4789553888659548,1.6558117883233703,-0.1768563994574155
4,lemniscate,0.25,34,2,sscrn_lemniscate_tr0.25_d34_rep2_q4,sscrn_lemniscate_tr0.25_d34_rep2,0.2132,0.4276,0.2,0.4,0.21,0.0,0.21,0.13,0.9564574520760634,0.01740408045379271,1.0450758467484642,1.5699067939108362,1.5965401759295772,-0.026633382018740992
4,lemniscate,0.25,34,3,sscrn_lemniscate_tr0.25_d34_rep3_q4,sscrn_lemniscate_tr0.25_d34_rep3,0.2452,0.5524,0.25,0.58,0.14,0.0,0.14,0.08,0.9028303611882013,0.027353734634048974,1.049685586853251,1.558879868264584,1.6376278054049345,-0.07874793714035055
4,lemniscate,0.25,34,4,sscrn_lemniscate_tr0.25_d34_rep4_q4,sscrn_lemniscate_tr0.25_d34_rep4,0.2868,0.652,0.3,0.68,0.13,0.0,0.13,0.11,0.8462633455896553,-0.04802491536697321,1.0004641917560781,1.4528327926164657,1.7070947774373453,-0.2542619848208796
4,lemniscate,0.25,34,5,sscrn_lemniscate_tr0.25_d34_rep5_q4,sscrn_lemniscate_tr0.25_d34_rep5,0.2328,0.516,0.22,0.5,0.07,0.0,0.07,0.03,0.9627908733096123,0.05519776277599731,1.2782100121629079,1.6304306167365175,1.6321011390177425,-0.0016705222812249954
4,lemniscate,0.25,34,6,sscrn_lemniscate_tr0.25_d34_rep6_q4,sscrn_lemniscate_tr0.25_d34_rep6,0.3158,0.7928000000000001,0.32,0.82,0.13,0.0,0.13,0.12,0.7751193445768579,-0.015948517771129996,0.7360934210298798,1.418804095791957,1.6638586883251048,-0.24505459253314776
4,lemniscate,0.25,34,7,sscrn_lemniscate_tr0.25_d34_rep7_q4,sscrn_lemniscate_tr0.25_d34_rep7,0.24,0.4808,0.25,0.5,0.16,0.0,0.16,0.1,0.915602094661466,-0.010617041620808893,1.182193214218058,1.5856836446356406,1.693665571262154,-0.1079819266265134
4,lemniscate,0.35,12,0,sscrn_lemniscate_tr0.35_d12_rep0_q4,sscrn_lemniscate_tr0.35_d12_rep0,0.3186,0.81,0.33,0.86,0.31,0.0,0.31,0.29,0.3201387983846024,0.007625495600236377,0.42819905706418454,0.7578658821533472,0.82237305680775,-0.06450717465440281
4,lemniscate,0.35,12,1,sscrn_lemniscate_tr0.35_d12_rep1_q4,sscrn_lemniscate_tr0.35_d12_rep1,0.636,2.2916,0.69,2.54,0.52,0.0,0.52,0.51,0.27305283728996127,0.006078844446805024,0.4691673985473589,1.1747451810680176,0.8207520707859004,0.3539931102821172
4,lemniscate,0.35,12,2,sscrn_lemniscate_tr0.35_d12_rep2_q4,sscrn_lemniscate_tr0.35_d12_rep2,0.4346,1.266,0.46,1.38,0.24,0.0,0.24,0.23,0.3491860899715986,0.007622000105241979,0.44633419758664367,0.8238514349511716,0.820009767805223,0.0038416671459485796
4,lemniscate,0.35,12,3,sscrn_lemniscate_tr0.35_d12_rep3_q4,sscrn_lemniscate_tr0.35_d12_rep3,0.738,2.7692,0.8,3.06,0.44,0.0,0.44,0.43,0.4000277601717802,0.0019561957477868814,0.4196855731523562,1.256835618232608,0.8245171634124835,0.43231845482012443
4,lemniscate,0.35,12,4,sscrn_lemniscate_tr0.35_d12_rep4_q4,sscrn_lemniscate_tr0.35_d12_rep4,0.307,0.7668,0.32,0.82,0.28,0.0,0.28,0.25,0.35223663193365606,0.004034441426491312,0.4190446484380638,0.7439238468127302,0.8201409409292778,-0.07621709411654765
4,lemniscate,0.35,12,5,sscrn_lemniscate_tr0.35_d12_rep5_q4,sscrn_lemniscate_tr0.35_d12_rep5,0.7368000000000001,2.7668,0.8,3.06,0.44,0.0,0.44,0.43,0.4253485647189629,0.008900689312963228,0.40806043848885915,1.2426568947223668,0.8199849893784574,0.4226719053439094
4,lemniscate,0.35,12,6,sscrn_lemniscate_tr0.35_d12_rep6_q4,sscrn_lemniscate_tr0.35_d12_rep6,0.2522,0.5075999999999999,0.25,0.5,0.24,0.0,0.24,0.22,0.3036661010222542,-0.006988529377181094,0.3665916565056305,0.6331216597728804,0.8230886641519988,-0.1899670043791184
4,lemniscate,0.35,12,7,sscrn_lemniscate_tr0.35_d12_rep7_q4,sscrn_lemniscate_tr0.35_d12_rep7,0.525,1.776,0.56,1.94,0.36,0.0,0.36,0.34,0.408106008767866,0.01204525572174306,0.40652551711912327,1.0466660358927975,0.820458963673573,0.22620707221922454
4,lemniscate,0.35,34,0,sscrn_lemniscate_tr0.35_d34_rep0_q4,sscrn_lemniscate_tr0.35_d34_rep0,0.2364,0.5704,0.24,0.6,0.22,0.0,0.22,0.13,0.8117296962592074,-0.02178298214242777,0.8408177889668229,1.4728824985507025,1.680077928946539,-0.20719543039583654
4,lemniscate,0.35,34,1,sscrn_lemniscate_tr0.35_d34_rep1_q4,sscrn_lemniscate_tr0.35_d34_rep1,0.39640000000000003,1.2207999999999999,0.38,1.26,0.31,0.0,0.31,0.28,0.6665199379088808,-0.05012316611897398,0.9444822855510722,1.3228982128469906,1.6702688328437727,-0.3473706199967821
4,lemniscate,0.35,34,2,sscrn_lemniscate_tr0.35_d34_rep2_q4,sscrn_lemniscate_tr0.35_d34_rep2,0.2382,0.5751999999999999,0.24,0.6,0.1,0.0,0.1,0.07,0.9124141696163415,0.014310958461309453,1.154480345686171,1.5690070250711021,1.620114738310524,-0.05110771323942198
4,lemniscate,0.35,34,3,sscrn_lemniscate_tr0.35_d34_rep3_q4,sscrn_lemniscate_tr0.35_d34_rep3,0.26039999999999996,0.6552,0.27,0.7,0.21,0.0,0.21,0.12,0.8964792011724967,-0.046380878535365475,1.3605663735955609,1.4915675728143396,1.7029337799341344,-0.2113662071197948
4,lemniscate,0.35,34,4,sscrn_lemniscate_tr0.35_d34_rep4_q4,sscrn_lemniscate_tr0.35_d34_rep4,0.2484,0.5808,0.25,0.6,0.17,0.0,0.17,0.13,0.771523343295417,-0.05294710110690659,1.3267784560248979,1.337839369697426,1.699617405985798,-0.361778036288372
4,lemniscate,0.35,34,5,sscrn_lemniscate_tr0.35_d34_rep5_q4,sscrn_lemniscate_tr0.35_d34_rep5,0.27399999999999997,0.7031999999999999,0.27,0.72,0.13,0.0,0.13,0.08,0.655232833733924,-0.00928606880004004,0.9003298019783523,1.29693444948243,1.7097653679309135,-0.4128309184484835
4,lemniscate,0.35,34,6,sscrn_lemniscate_tr0.35_d34_rep6_q4,sscrn_lemniscate_tr0.35_d34_rep6,0.2382,0.5711999999999999,0.24,0.6,0.22,0.0,0.22,0.14,0.8591984790722479,-0.03145303882876418,1.106469385721707,1.4740145581754966,1.6301445010767854,-0.1561299429012888
4,lemniscate,0.35,34,7,sscrn_lemniscate_tr0.35_d34_rep7_q4,sscrn_lemniscate_tr0.35_d34_rep7,0.2528,0.6232,0.26,0.66,0.18,0.0,0.18,0.1,0.7925457023987009,-0.010283929089498461,1.1438272914833396,1.3927162528796573,1.6996927887068607,-0.3069765358272034
4,square,0.25,12,0,sscrn_square_tr0.25_d12_rep0_q4,sscrn_square_tr0.25_d12_rep0,0.0704,0.1408,0.07,0.14,0.07,0.0,0.0,0.07,0.011078053706089467,-0.0003685547283037424,0.04590391259240625,0.34205991588073836,0.8983009423365095,-0.5562410264557711
4,square,0.25,12,1,sscrn_square_tr0.25_d12_rep1_q4,sscrn_square_tr0.25_d12_rep1,0.07,0.14,0.07,0.14,0.07,0.0,0.0,0.07,0.011208442282461687,0.0012258564281787357,0.050201797634352535,0.36295173625686333,0.9250963644230783,-0.562144628166215
4,square,0.25,12,2,sscrn_square_tr0.25_d12_rep2_q4,sscrn_square_tr0.25_d12_rep2,0.07,0.14,0.07,0.14,0.07,0.0,0.0,0.07,0.011303846773276784,-0.0026844780429334052,0.010724624417996799,0.3462032347657812,0.6170228346459462,-0.270819599880165
4,square,0.25,12,3,sscrn_square_tr0.25_d12_rep3_q4,sscrn_square_tr0.25_d12_rep3,0.07,0.14,0.07,0.14,0.07,0.0,0.0,0.07,0.011225271228017917,-0.0007861200380256137,0.045432311093704617,0.35384668176708134,0.8874531276394774,-0.533606445872396
4,square,0.25,12,4,sscrn_square_tr0.25_d12_rep4_q4,sscrn_square_tr0.25_d12_rep4,0.07,0.14,0.07,0.14,0.07,0.0,0.0,0.07,0.010979338796459815,-0.002792618286374387,0.01712490755243439,0.35591391857127014,0.6461571390173545,-0.29024322044608436
4,square,0.25,12,5,sscrn_square_tr0.25_d12_rep5_q4,sscrn_square_tr0.25_d12_rep5,0.0704,0.1408,0.07,0.14,0.07,0.0,0.0,0.07,0.01067987197038977,-0.0019806533949361226,0.012191610232840837,0.33178514744272697,0.60650723796616,-0.27472209052343305
4,square,0.25,12,6,sscrn_square_tr0.25_d12_rep6_q4,sscrn_square_tr0.25_d12_rep6,0.07,0.14,0.07,0.14,0.07,0.0,0.0,0.07,0.011892625354185069,-0.0004796987489206615,0.046526615267832236,0.36489493317159083,0.926949355733356,-0.5620544225617652
4,square,0.25,12,7,sscrn_square_tr0.25_d12_rep7_q4,sscrn_square_tr0.25_d12_rep7,0.0704,0.1408,0.07,0.14,0.07,0.0,0.0,0.07,0.01048840948471836,-0.003965057822427604,0.015067849159993305,0.35430483142582536,0.6502866952869084,-0.29598186386108305
4,square,0.25,34,0,sscrn_square_tr0.25_d34_rep0_q4,sscrn_square_tr0.25_d34_rep0,0.1588,0.3176,0.15,0.3,0.03,0.0,0.0,0.02,0.5456362994394207,-0.0372251137223652,0.7693027119415697,1.5375179856282248,1.7194349558181066,-0.18191697018988173
4,square,0.25,34,1,sscrn_square_tr0.25_d34_rep1_q4,sscrn_square_tr0.25_d34_rep1,0.15960000000000002,0.3192,0.15,0.3,0.03,0.0,0.0,0.02,0.537086031612027,-0.019905689564237935,1.0433324265138295,1.503898154287202,1.7481330311719965,-0.2442348768847944
4,square,0.25,34,2,sscrn_square_tr0.25_d34_rep2_q4,sscrn_square_tr0.25_d34_rep2,0.1592,0.3184,0.15,0.3,0.03,0.0,0.0,0.01,0.5337338313079817,-0.010890346373846841,0.979721608476127,1.5046359480893159,1.706523050240981,-0.20188710215166505
4,square,0.25,34,3,sscrn_square_tr0.25_d34_rep3_q4,sscrn_square_tr0.25_d34_rep3,0.1888,0.37839999999999996,0.2,0.4,0.06,0.0,0.0,0.05,0.541767466696636,0.028131222715495854,0.9067086191513444,1.4560363730301733,1.6879085058517929,-0.23187213282161956
4,square,0.25,34,4,sscrn_square_tr0.25_d34_rep4_q4,sscrn_square_tr0.25_d34_rep4,0.1586,0.3176,0.15,0.3,0.03,0.0,0.0,0.01,0.5413021928303183,-0.014567033760787837,0.912796962609777,1.5230585390220084,1.7312110169811592,-0.20815247795915082
4,square,0.25,34,5,sscrn_square_tr0.25_d34_rep5_q4,sscrn_square_tr0.25_d34_rep5,0.1598,0.32,0.15,0.3,0.03,0.0,0.0,0.02,0.5491747977103575,0.008694647200317067,0.9229418201478392,1.5368522887910117,1.6992905825717073,-0.16243829378069563
4,square,0.25,34,6,sscrn_square_tr0.25_d34_rep6_q4,sscrn_square_tr0.25_d34_rep6,0.1642,0.32839999999999997,0.15,0.3,0.03,0.0,0.0,0.02,0.5409842661375713,0.004470287838178656,0.9230109877659844,1.5204344385398376,1.7197893769452486,-0.19935493840541096
4,square,0.25,34,7,sscrn_square_tr0.25_d34_rep7_q4,sscrn_square_tr0.25_d34_rep7,0.16140000000000002,0.3236,0.15,0.3,0.03,0.0,0.0,0.02,0.540662650110959,0.006320799047393926,0.8842069438696574,1.5146228978175944,1.6815104832715198,-0.16688758545392535
4,square,0.35,12,0,sscrn_square_tr0.35_d12_rep0_q4,sscrn_square_tr0.35_d12_rep0,0.07,0.14,0.07,0.14,0.07,0.0,0.0,0.07,0.014414250089262684,-0.0009388304803052996,0.04805746047399817,0.20195767527320554,0.885459371722434,-0.6835016964492285
4,square,0.35,12,1,sscrn_square_tr0.35_d12_rep1_q4,sscrn_square_tr0.35_d12_rep1,0.07,0.14,0.07,0.14,0.07,0.0,0.0,0.07,0.014157457838379177,-0.0010515355333453255,0.04790662873887661,0.18354077977839758,0.8825611874084942,-0.6990204076300967
4,square,0.35,12,2,sscrn_square_tr0.35_d12_rep2_q4,sscrn_square_tr0.35_d12_rep2,0.07,0.14,0.07,0.14,0.07,0.0,0.0,0.07,0.014434382900093657,-0.001149436877047798,0.04930246327634084,0.18987423053480765,0.8810222537127452,-0.6911480231779376
4,square,0.35,12,3,sscrn_square_tr0.35_d12_rep3_q4,sscrn_square_tr0.35_d12_rep3,0.07,0.14,0.07,0.14,0.07,0.0,0.0,0.07,0.013600977277865675,-0.00527475550166988,0.04463761819254194,0.17525428797611867,0.8580203923893747,-0.682766104413256
4,square,0.35,12,4,sscrn_square_tr0.35_d12_rep4_q4,sscrn_square_tr0.35_d12_rep4,0.07,0.14,0.07,0.14,0.07,0.0,0.0,0.07,0.014158942543208732,-0.0008025785945381061,0.04781828058742783,0.1885114874963515,0.8814177626253143,-0.6929062751289629
4,square,0.35,12,5,sscrn_square_tr0.35_d12_rep5_q4,sscrn_square_tr0.35_d12_rep5,0.07,0.14,0.07,0.14,0.07,0.0,0.0,0.07,0.014606312027139932,-0.0013251426689740039,0.047964212506220016,0.2049748245809332,0.8762912204841594,-0.6713163959032262
4,square,0.35,12,6,sscrn_square_tr0.35_d12_rep6_q4,sscrn_square_tr0.35_d12_rep6,0.07,0.14,0.07,0.14,0.07,0.0,0.0,0.07,0.014679045978572175,-0.0003163022406308095,0.04910566117325623,0.20082854609348083,0.910722744612848,-0.7098941985193672
4,square,0.35,12,7,sscrn_square_tr0.35_d12_rep7_q4,sscrn_square_tr0.35_d12_rep7,0.07,0.14,0.07,0.14,0.07,0.0,0.0,0.07,0.013514955599754436,-0.009154897469660847,0.04292186995275033,0.17417646818166121,0.8675596473791943,-0.6933831791975331
4,square,0.35,34,0,sscrn_square_tr0.35_d34_rep0_q4,sscrn_square_tr0.35_d34_rep0,0.1624,0.3256,0.16,0.32,0.03,0.0,0.0,0.01,0.5748450408425824,0.08010050271037979,0.9476898304655376,1.4277969886086668,1.6860820902968514,-0.25828510168818464
4,square,0.35,34,1,sscrn_square_tr0.35_d34_rep1_q4,sscrn_square_tr0.35_d34_rep1,0.1588,0.3176,0.17,0.34,0.11,0.0,0.0,0.07,0.45321947343843366,0.036721328704214205,0.7933936063595939,1.2948838731873615,1.6491368109094953,-0.35425293772213373
4,square,0.35,34,2,sscrn_square_tr0.35_d34_rep2_q4,sscrn_square_tr0.35_d34_rep2,0.1598,0.32,0.16,0.32,0.06,0.0,0.0,0.03,0.4923320169485112,0.013499058114164143,0.9648009951484894,1.3532118899192411,1.7689364877929215,-0.4157245978736803
4,square,0.35,34,3,sscrn_square_tr0.35_d34_rep3_q4,sscrn_square_tr0.35_d34_rep3,0.16620000000000001,0.3332,0.18,0.36,0.06,0.0,0.0,0.03,0.4780640768649469,0.017709060040166043,0.923571788343752,1.3313336897612025,1.7215290961558347,-0.39019540639463224
4,square,0.35,34,4,sscrn_square_tr0.35_d34_rep4_q4,sscrn_square_tr0.35_d34_rep4,0.1736,0.3472,0.16,0.32,0.06,0.0,0.0,0.03,0.47885949561387836,0.0009059199369506576,0.9975100043231522,1.3275483059523754,1.761473974487307,-0.43392566853493153
4,square,0.35,34,5,sscrn_square_tr0.35_d34_rep5_q4,sscrn_square_tr0.35_d34_rep5,0.1604,0.3208,0.18,0.36,0.05,0.0,0.0,0.04,0.5488771394532519,0.010903456051009914,0.8104895032015923,1.3148781610503153,1.699324802821986,-0.38444664177167076
4,square,0.35,34,6,sscrn_square_tr0.35_d34_rep6_q4,sscrn_square_tr0.35_d34_rep6,0.162,0.324,0.17,0.34,0.07,0.0,0.0,0.03,0.5444450965765644,-0.06438297104541497,0.9020643439138099,1.4159377887294726,1.6974796361713924,-0.2815418474419198
4,square,0.35,34,7,sscrn_square_tr0.35_d34_rep7_q4,sscrn_square_tr0.35_d34_rep7,0.154,0.308,0.16,0.32,0.12,0.0,0.0,0.08,0.4679314145156897,0.019014806902038595,0.9991770974027678,1.2797930067188779,1.7287087762606035,-0.44891576954172563
4,zigzag,0.25,12,0,sscrn_zigzag_tr0.25_d12_rep0_q4,sscrn_zigzag_tr0.25_d12_rep0,0.4028,1.0084,0.39,1.02,0.06,0.19,0.0,0.06,0.7399200288141419,-0.03160825335114987,1.1603491826144283,1.1421546745737938,1.407455735454557,-0.2653010608807631
4,zigzag,0.25,12,1,sscrn_zigzag_tr0.25_d12_rep1_q4,sscrn_zigzag_tr0.25_d12_rep1,0.413,1.0196,0.4,1.02,0.09,0.17,0.0,0.09,0.6792056941005725,-0.004701309767751653,1.0661192849146481,1.0942558067786237,1.2970030756235893,-0.20274726884496563
4,zigzag,0.25,12,2,sscrn_zigzag_tr0.25_d12_rep2_q4,sscrn_zigzag_tr0.25_d12_rep2,0.4318,1.0692,0.42,1.08,0.08,0.17,0.0,0.08,0.7030959171232634,-0.028008750571276976,1.287700432070969,1.1274567193601386,1.3480869848016819,-0.2206302654415433
4,zigzag,0.25,12,3,sscrn_zigzag_tr0.25_d12_rep3_q4,sscrn_zigzag_tr0.25_d12_rep3,0.3724,0.9648,0.36,0.98,0.04,0.18,0.0,0.04,0.804369610020118,-0.004380808243643543,0.6562448237523015,1.1780906824773376,1.4191408248566375,-0.2410501423792999
4,zigzag,0.25,12,4,sscrn_zigzag_tr0.25_d12_rep4_q4,sscrn_zigzag_tr0.25_d12_rep4,0.4592,1.094,0.45,1.1,0.08,0.15,0.0,0.08,0.6388799320704176,-0.008957192318451324,0.8156893845307921,1.0668521880515813,1.4034324933996454,-0.33658030534806405
4,zigzag,0.25,12,5,sscrn_zigzag_tr0.25_d12_rep5_q4,sscrn_zigzag_tr0.25_d12_rep5,0.3956,0.9808,0.38,0.98,0.09,0.18,0.0,0.08,0.6877487451119698,0.02706050615404089,0.9575054145969415,1.090974369429364,1.215545091452914,-0.1245707220235499
4,zigzag,0.25,12,6,sscrn_zigzag_tr0.25_d12_rep6_q4,sscrn_zigzag_tr0.25_d12_rep6,0.3882,0.9656,0.38,0.98,0.05,0.18,0.0,0.04,0.7392608916806324,-0.06434928579277086,0.8600853081725902,1.1603296742106324,1.2959227601396253,-0.13559308592899288
4,zigzag,0.25,12,7,sscrn_zigzag_tr0.25_d12_rep7_q4,sscrn_zigzag_tr0.25_d12_rep7,0.4,1.0404,0.38,1.04,0.05,0.18,0.0,0.04,0.8567422116506396,0.01669666484692452,1.1942819910554778,1.317154540796768,1.3650505124732248,-0.04789597167645687
4,zigzag,0.25,34,0,sscrn_zigzag_tr0.25_d34_rep0_q4,sscrn_zigzag_tr0.25_d34_rep0,0.2798,0.628,0.27,0.62,0.21,0.1,0.0,0.15,1.0714655104359572,-0.07171631080243654,1.6309912507887712,1.579133596039207,1.8226263288492308,-0.24349273281002382
4,zigzag,0.25,34,1,sscrn_zigzag_tr0.25_d34_rep1_q4,sscrn_zigzag_tr0.25_d34_rep1,0.2652,0.5832,0.26,0.58,0.24,0.07,0.0,0.18,1.2597327823650395,0.015557754008518245,1.7760461396095568,1.679890928881111,1.874384819953973,-0.19449389107286197
4,zigzag,0.25,34,2,sscrn_zigzag_tr0.25_d34_rep2_q4,sscrn_zigzag_tr0.25_d34_rep2,0.2802,0.5948,0.3,0.64,0.24,0.05,0.0,0.18,1.2332850868126677,-0.00475021569322183,1.1634253474523737,1.7116191358575576,1.8241226419791199,-0.11250350612156224
4,zigzag,0.25,34,3,sscrn_zigzag_tr0.25_d34_rep3_q4,sscrn_zigzag_tr0.25_d34_rep3,0.2716,0.5964,0.28,0.62,0.26,0.07,0.0,0.18,1.2694909512728043,0.022075490689614126,1.6194806245512152,1.683430164241168,1.9121850348684448,-0.22875487062727684
4,zigzag,0.25,34,4,sscrn_zigzag_tr0.25_d34_rep4_q4,sscrn_zigzag_tr0.25_d34_rep4,0.2666,0.5676,0.28,0.6,0.25,0.05,0.0,0.22,1.2306096820824242,-0.0311176609774734,1.8830949413108047,1.7249851579929807,1.731045324383714,-0.006060166390733368
4,zigzag,0.25,34,5,sscrn_zigzag_tr0.25_d34_rep5_q4,sscrn_zigzag_tr0.25_d34_rep5,0.2668,0.5871999999999999,0.26,0.58,0.26,0.09,0.0,0.2,1.1841000524681164,-0.005006053844104597,1.6427010162574938,1.6287957592810614,1.849366401977272,-0.22057064269621063
4,zigzag,0.25,34,6,sscrn_zigzag_tr0.25_d34_rep6_q4,sscrn_zigzag_tr0.25_d34_rep6,0.2706,0.5760000000000001,0.28,0.6,0.27,0.05,0.0,0.19,1.1350827896812699,-0.04362496846626686,1.216616756564053,1.639326214639919,1.9308644083430753,-0.29153819370315626
4,zigzag,0.25,34,7,sscrn_zigzag_tr0.25_d34_rep7_q4,sscrn_zigzag_tr0.25_d34_rep7,0.2748,0.6004,0.28,0.62,0.24,0.1,0.0,0.16,1.1675562353179043,0.004565341860890175,1.1533188401603656,1.639372387471934,1.8738819627675265,-0.23450957529559258
4,zigzag,0.35,12,0,sscrn_zigzag_tr0.35_d12_rep0_q4,sscrn_zigzag_tr0.35_d12_rep0,0.4534,1.0072,0.45,1.02,0.11,0.09,0.0,0.11,0.6227717053033267,-0.009581536429557601,0.9616493037445688,0.9462242294449855,1.349719636773276,-0.4034954073282905
4,zigzag,0.35,12,1,sscrn_zigzag_tr0.35_d12_rep1_q4,sscrn_zigzag_tr0.35_d12_rep1,0.44920000000000004,1.02,0.44,1.02,0.08,0.1,0.0,0.08,0.6071070438342254,-0.030379034205130766,1.0230467146923812,0.9238635733938377,1.4410647170053812,-0.5172011436115435
4,zigzag,0.35,12,2,sscrn_zigzag_tr0.35_d12_rep2_q4,sscrn_zigzag_tr0.35_d12_rep2,0.47240000000000004,1.0148000000000001,0.47,1.02,0.11,0.09,0.0,0.11,0.6490523067264081,0.03512137632657073,1.1057880409897871,1.1156728620713756,1.428486914405776,-0.3128140523344003
4,zigzag,0.35,12,3,sscrn_zigzag_tr0.35_d12_rep3_q4,sscrn_zigzag_tr0.35_d12_rep3,0.4036,1.0184,0.39,1.02,0.05,0.16,0.0,0.03,0.6559270817222742,0.019334567078794242,1.1298716301020542,1.0341437010825638,1.4942098905295833,-0.4600661894470195
4,zigzag,0.35,12,4,sscrn_zigzag_tr0.35_d12_rep4_q4,sscrn_zigzag_tr0.35_d12_rep4,0.4178,0.9767999999999999,0.41,0.98,0.05,0.14,0.0,0.05,0.7454499106923087,0.027856877070121855,0.9683254087619712,1.129231423902499,1.26046974541223,-0.13123832150973103
4,zigzag,0.35,12,5,sscrn_zigzag_tr0.35_d12_rep5_q4,sscrn_zigzag_tr0.35_d12_rep5,0.4646,1.0904,0.46,1.1,0.12,0.11,0.0,0.11,0.68110992786528,0.015738607864161574,1.1243192686283174,1.0697366264879389,1.3763253486851093,-0.30658872219717037
4,zigzag,0.35,12,6,sscrn_zigzag_tr0.35_d12_rep6_q4,sscrn_zigzag_tr0.35_d12_rep6,0.44520000000000004,1.0428,0.44,1.06,0.06,0.13,0.0,0.06,0.6364334540622828,0.0934973437670855,0.9146336641055722,0.9575552955056209,1.2143375843947142,-0.25678228888909327
4,zigzag,0.35,12,7,sscrn_zigzag_tr0.35_d12_rep7_q4,sscrn_zigzag_tr0.35_d12_rep7,0.4858,1.1216,0.48,1.14,0.1,0.1,0.0,0.1,0.6282578737623155,0.05196433008404144,1.0892761026568543,0.9848948486662711,1.407888917272744,-0.42299406860647293
4,zigzag,0.35,34,0,sscrn_zigzag_tr0.35_d34_rep0_q4,sscrn_zigzag_tr0.35_d34_rep0,0.3066,0.6487999999999999,0.32,0.68,0.23,0.04,0.0,0.16,1.2846291988988938,0.019674282246377257,1.8394692479604118,1.6770913029767636,1.8422942131138575,-0.16520291013709398
4,zigzag,0.35,34,1,sscrn_zigzag_tr0.35_d34_rep1_q4,sscrn_zigzag_tr0.35_d34_rep1,0.2756,0.604,0.28,0.62,0.2,0.09,0.0,0.16,1.0772531384233508,-0.03920665814417526,1.730438190079668,1.4892089053607147,1.9037149397744129,-0.41450603441369815
4,zigzag,0.35,34,2,sscrn_zigzag_tr0.35_d34_rep2_q4,sscrn_zigzag_tr0.35_d34_rep2,0.2954,0.6444,0.3,0.66,0.18,0.09,0.0,0.18,1.0828623846601826,0.0031802719915924463,1.3656877246836536,1.5682679839084785,1.9359758710778958,-0.36770788716941727
4,zigzag,0.35,34,3,sscrn_zigzag_tr0.35_d34_rep3_q4,sscrn_zigzag_tr0.35_d34_rep3,0.3586,0.7536,0.37,0.78,0.19,0.05,0.0,0.12,1.0079843750465625,0.03699760052267427,1.6641682616044826,1.4012357731026133,1.8656496831369982,-0.4644139100343849
4,zigzag,0.35,34,4,sscrn_zigzag_tr0.35_d34_rep4_q4,sscrn_zigzag_tr0.35_d34_rep4,0.2752,0.5676000000000001,0.3,0.62,0.16,0.05,0.0,0.13,1.1190419049716671,0.013092394999474847,1.7491899064210903,1.542635936094,1.6858066726997516,-0.14317073660575153
4,zigzag,0.35,34,5,sscrn_zigzag_tr0.35_d34_rep5_q4,sscrn_zigzag_tr0.35_d34_rep5,0.2732,0.5636,0.29,0.6,0.19,0.05,0.0,0.16,1.151395300132004,-0.03794998397614799,1.3272999026258117,1.5825864203641486,1.9406215881672817,-0.35803516780313305
4,zigzag,0.35,34,6,sscrn_zigzag_tr0.35_d34_rep6_q4,sscrn_zigzag_tr0.35_d34_rep6,0.3104,0.638,0.33,0.68,0.18,0.05,0.0,0.14,1.120897803962252,0.040822315308221696,1.5808047115768433,1.5574544587375905,1.9000787146326117,-0.3426242558950212
4,zigzag,0.35,34,7,sscrn_zigzag_tr0.35_d34_rep7_q4,sscrn_zigzag_tr0.35_d34_rep7,0.306,0.63,0.33,0.68,0.15,0.05,0.0,0.12,1.103523196977736,-0.032180142389549256,1.168604640498001,1.5195627349762861,1.8484382857426962,-0.32887555076641006
8,circle,0.25,12,0,sscrn_circle_tr0.25_d12_rep0_q8,sscrn_circle_tr0.25_d12_rep0,0.1926,0.11423668144931501,0.18,0.10544155877284292,0.0,0.0,0.0,0.0,0.08904000285994824,-0.0001618696109409325,0.10465332340183327,0.3390891928782258,0.3583637353107743,-0.019274542432548503
8,circle,0.25,12,1,sscrn_circle_tr0.25_d12_rep1_q8,sscrn_circle_tr0.25_d12_rep1,0.193,0.11475383873684039,0.18,0.10544155877284292,0.0,0.0,0.0,0.0,0.08617039957388647,-0.0002130411142476151,0.10402312172172191,0.3327376793781432,0.35652080756333643,-0.023783128185193236
8,circle,0.25,12,2,sscrn_circle_tr0.25_d12_rep2_q8,sscrn_circle_tr0.25_d12_rep2,0.1942,0.11545678246199267,0.18,0.10544155877284292,0.0,0.0,0.0,0.0,0.08762139549181686,-0.00017156213333571874,0.11970458238720927,0.3332411452032929,0.33745929572533023,-0.004218150522037334
8,circle,0.25,12,3,sscrn_circle_tr0.25_d12_rep3_q8,sscrn_circle_tr0.25_d12_rep3,0.19140000000000001,0.11325089501168811,0.18,0.10544155877284292,0.0,0.0,0.0,0.0,0.07270261062538119,0.0009166530588059716,0.07402337873139733,0.3197545922799258,0.35713924177919487,-0.03738464949926906
8,circle,0.25,12,4,sscrn_circle_tr0.25_d12_rep4_q8,sscrn_circle_tr0.25_d12_rep4,0.1916,0.11308520958673887,0.18,0.10544155877284292,0.0,0.0,0.0,0.0,0.07663734128255736,-0.000450995722067231,0.04618691559563049,0.31443475253033687,0.3583829807814161,-0.04394822825107925
8,circle,0.25,12,5,sscrn_circle_tr0.25_d12_rep5_q8,sscrn_circle_tr0.25_d12_rep5,0.2026,0.12037738853805868,0.18,0.10544155877284292,0.0,0.0,0.0,0.0,0.08805170765163861,-0.00039999865188909635,0.10841822746357224,0.33363163210307545,0.35217920394977464,-0.018547571846699196
8,circle,0.25,12,6,sscrn_circle_tr0.25_d12_rep6_q8,sscrn_circle_tr0.25_d12_rep6,0.1918,0.11348520958673887,0.18,0.10544155877284292,0.0,0.0,0.0,0.0,0.07749608100694148,0.0013764553039630955,0.063628798736707,0.3176234140405117,0.37123885124778827,-0.05361543720727657
8,circle,0.25,12,7,sscrn_circle_tr0.25_d12_rep7_q8,sscrn_circle_tr0.25_d12_rep7,0.2014,0.11882591667548255,0.2,0.11715728752538102,0.0,0.0,0.0,0.0,0.08433558774922068,-5.78294130512747e-06,0.10486098535666141,0.32098469721580475,0.35665115440908624,-0.03566645719328149
8,circle,0.25,34,0,sscrn_circle_tr0.25_d34_rep0_q8,sscrn_circle_tr0.25_d34_rep0,0.2896,0.1707751231866502,0.26,0.15230447378299533,0.0,0.0,0.0,0.0,0.32410298077067234,-0.027404038499655132,0.5364742463375881,0.8917332640326139,1.1939525200702545,-0.30221925603764066
8,circle,0.25,34,1,sscrn_circle_tr0.25_d34_rep1_q8,sscrn_circle_tr0.25_d34_rep1,0.29059999999999997,0.17107806691180247,0.29,0.16987806691180246,0.0,0.0,0.0,0.0,0.44528829988900404,0.008407840832331223,0.6369546688498848,1.0395336280372012,1.219231408865871,-0.17969778082866972
8,circle,0.25,34,2,sscrn_circle_tr0.25_d34_rep2_q8,sscrn_circle_tr0.25_d34_rep2,0.2984,0.1767785719751908,0.3,0.17573593128807155,0.0,0.0,0.0,0.0,0.4789383873973757,-0.03705521473444536,0.8162995870410018,1.0816261649455077,1.3728948231856437,-0.29126865824013604
8,circle,0.25,34,3,sscrn_circle_tr0.25_d34_rep3_q8,sscrn_circle_tr0.25_d34_rep3,0.2676,0.1584535069838075,0.26,0.15230447378299533,0.0,0.0,0.0,0.0,0.37875922088503117,-0.05215509941801321,0.7172044091887254,0.9676658975456248,1.2905333639699996,-0.3228674664243748
8,circle,0.25,34,4,sscrn_circle_tr0.25_d34_rep4_q8,sscrn_circle_tr0.25_d34_rep4,0.30219999999999997,0.17872171772569842,0.32,0.18745166004060962,0.0,0.0,0.0,0.0,0.3396841893223478,0.004277507116643855,0.6835855680219084,0.9124889999346041,1.2469950573979747,-0.3345060574633706
8,circle,0.25,34,5,sscrn_circle_tr0.25_d34_rep5_q8,sscrn_circle_tr0.25_d34_rep5,0.3268,0.19256637866637105,0.35,0.20502525316941678,0.0,0.0,0.0,0.0,0.3883511280100472,0.011116310936800003,0.7547168550746555,0.9755070153470964,1.2897614361234455,-0.31425442077634913
8,circle,0.25,34,6,sscrn_circle_tr0.25_d34_rep6_q8,sscrn_circle_tr0.25_d34_rep6,0.3114,0.18269673938949285,0.33,0.19330952441687865,0.0,0.0,0.0,0.0,0.3633478046891715,-0.03774506703960943,0.6957602358890329,0.9391839857558549,1.2298239458932383,-0.29063996013738336
8,circle,0.25,34,7,sscrn_circle_tr0.25_d34_rep7_q8,sscrn_circle_tr0.25_d34_rep7,0.2612,0.1541387883580461,0.28,0.16402020253553343,0.0,0.0,0.0,0.0,0.3568216480896427,-0.0070652658210753165,0.6558868309972569,0.9239851682106609,1.2289760541178927,-0.3049908859072318
8,circle,0.35,12,0,sscrn_circle_tr0.35_d12_rep0_q8,sscrn_circle_tr0.35_d12_rep0,0.33340000000000003,0.4920032036906855,0.59,1.1658578643762691,0.0,0.0,0.0,0.0,0.08391483469057058,0.0011819494853239371,0.1209140124717459,0.3264156178028798,0.3538784701828461,-0.027462852379966318
8,circle,0.35,12,1,sscrn_circle_tr0.35_d12_rep1_q8,sscrn_circle_tr0.35_d12_rep1,0.3328,0.4806208660415992,0.59,1.1517157287525381,0.0,0.0,0.0,0.0,0.08595148593178467,0.002076121354731443,0.13490787193804055,0.3230471478459483,0.3578388047933786,-0.034791656947430305
8,circle,0.35,12,2,sscrn_circle_tr0.35_d12_rep2_q8,sscrn_circle_tr0.35_d12_rep2,0.369,0.4970180089716246,0.59,1.1092893218813453,0.0,0.0,0.0,0.0,0.09266941550010478,0.0016011992774298976,0.13284047625537096,0.36056625753368615,0.35160979027730505,0.008956467256381107
8,circle,0.35,12,3,sscrn_circle_tr0.35_d12_rep3_q8,sscrn_circle_tr0.35_d12_rep3,0.3484,0.46006064965874394,0.58,1.0468629150101525,0.0,0.0,0.0,0.0,0.08739779610690239,-0.00020820641574602772,0.12866300800727992,0.3396988757173689,0.35811236639474386,-0.018413490677374966
8,circle,0.35,12,4,sscrn_circle_tr0.35_d12_rep4_q8,sscrn_circle_tr0.35_d12_rep4,0.3272,0.47762330470336317,0.57,1.14,0.0,0.0,0.0,0.0,0.09121388134349452,0.005673384465915447,0.14074885137516213,0.34061699872867673,0.35459471820223776,-0.013977719473561023
8,circle,0.35,12,5,sscrn_circle_tr0.35_d12_rep5_q8,sscrn_circle_tr0.35_d12_rep5,0.3318,0.42884054864606624,0.51,0.9634314575050762,0.0,0.0,0.0,0.0,0.08841226373756761,-0.00039329591168074717,0.1230877497911107,0.36107286287712037,0.3611667521180625,-9.388924094211326e-05
8,circle,0.35,12,6,sscrn_circle_tr0.35_d12_rep6_q8,sscrn_circle_tr0.35_d12_rep6,0.379,0.47204601768816024,0.57,1.0268629150101525,0.0,0.0,0.0,0.0,0.0799706261094752,0.00044509728539626785,0.1213013262873378,0.3380785351198082,0.34904040506515494,-0.010961869945346758
8,circle,0.35,12,7,sscrn_circle_tr0.35_d12_rep7_q8,sscrn_circle_tr0.35_d12_rep7,0.3268,0.4773889901283124,0.58,1.1317157287525381,0.0,0.0,0.0,0.0,0.0873985346843285,0.0036013732244877922,0.13593416852896367,0.333024034220224,0.3542177855050781,-0.021193751284854123
8,circle,0.35,34,0,sscrn_circle_tr0.35_d34_rep0_q8,sscrn_circle_tr0.35_d34_rep0,0.4966,0.8619609814117769,0.92,2.13698484809835,0.0,0.0,0.0,0.0,0.25446526445823947,0.002762523891970017,0.6324271694885195,0.5995306806022821,1.2733152714766462,-0.6737845908743642
8,circle,0.35,34,1,sscrn_circle_tr0.35_d34_rep1_q8,sscrn_circle_tr0.35_d34_rep1,0.5188,0.8859963061136042,0.92,2.165269119345812,0.0,0.0,0.0,0.0,0.24699270524399386,-0.0010243942709520226,0.5971966566801115,0.5947367597802548,1.263031389879289,-0.6682946300990343
8,circle,0.35,34,2,sscrn_circle_tr0.35_d34_rep2_q8,sscrn_circle_tr0.35_d34_rep2,0.5672,0.9545120348661423,0.93,2.2842640687119284,0.0,0.0,0.0,0.0,0.22713398362621762,-0.023416500421157723,0.6598442377555661,0.5711526652676017,1.3174038241287926,-0.746251158861191
8,circle,0.35,34,3,sscrn_circle_tr0.35_d34_rep3_q8,sscrn_circle_tr0.35_d34_rep3,0.4996,0.8634354980121829,0.92,2.13698484809835,0.0,0.0,0.0,0.0,0.2569653357970874,-0.03891782503217004,0.5968739343122705,0.6026298024232035,1.3013423549085923,-0.6987125524853888
8,circle,0.35,34,4,sscrn_circle_tr0.35_d34_rep4_q8,sscrn_circle_tr0.35_d34_rep4,0.4904,0.8385301156252667,0.92,2.094558441227157,0.0,0.0,0.0,0.0,0.25522300567377915,0.007562493886910394,0.6062327305291465,0.5963943585580865,1.2517018735713583,-0.6553075150132718
8,circle,0.35,34,5,sscrn_circle_tr0.35_d34_rep5_q8,sscrn_circle_tr0.35_d34_rep5,0.5454,0.9160032036906856,0.91,2.201837661840736,0.0,0.0,0.0,0.0,0.25720987354690067,-0.03379521798819258,0.6589902746003379,0.607020973911146,1.3184779020406319,-0.7114569281294859
8,circle,0.35,34,6,sscrn_circle_tr0.35_d34_rep6_q8,sscrn_circle_tr0.35_d34_rep6,0.5015999999999999,0.8745065658240483,0.96,2.1887005768508883,0.0,0.0,0.0,0.0,0.256543423327955,0.0011737144786884359,0.6307636177175902,0.608384749666175,1.2919483239807141,-0.6835635743145392
8,circle,0.35,34,7,sscrn_circle_tr0.35_d34_rep7_q8,sscrn_circle_tr0.35_d34_rep7,0.44179999999999997,0.7430271719001144,0.87,1.8814213562373099,0.0,0.0,0.0,0.0,0.2494093805248387,-0.03210318384133483,0.5949751231538595,0.6006593324234851,1.2860164739320166,-0.6853571415085314
8,lemniscate,0.25,12,0,sscrn_lemniscate_tr0.25_d12_rep0_q8,sscrn_lemniscate_tr0.25_d12_rep0,0.4296,0.2564621797165869,0.43,0.2518881681795692,0.07,0.0,0.07,0.06,0.1101075095983307,0.0034388103535932537,0.1791557570597206,0.4361932106811116,0.6058555443000924,-0.16966233361898075
8,lemniscate,0.25,12,1,sscrn_lemniscate_tr0.25_d12_rep1_q8,sscrn_lemniscate_tr0.25_d12_rep1,0.43060000000000004,0.25563375259184073,0.43,0.2518881681795692,0.07,0.0,0.07,0.03,0.10994986186181918,0.004951990154608227,0.19158999493997408,0.4299756444322403,0.6337172771594215,-0.2037416327271812
8,lemniscate,0.25,12,2,sscrn_lemniscate_tr0.25_d12_rep2_q8,sscrn_lemniscate_tr0.25_d12_rep2,0.7802,2.400591010381866,0.8,2.6620101012677666,0.36,0.0,0.36,0.35,0.3945266009810174,0.007753938209906299,0.4265209853047989,1.1274181530196465,0.6066113910853902,0.5208067619342563
8,lemniscate,0.25,12,3,sscrn_lemniscate_tr0.25_d12_rep3_q8,sscrn_lemniscate_tr0.25_d12_rep3,0.7143999999999999,1.9349416454280206,0.72,2.137157287525381,0.31,0.0,0.31,0.31,0.2881682302321785,0.009365980156852586,0.3368109521382839,1.0351896361990842,0.6311575788199616,0.4040320573791226
8,lemniscate,0.25,12,4,sscrn_lemniscate_tr0.25_d12_rep4_q8,sscrn_lemniscate_tr0.25_d12_rep4,0.4364,0.28618421432764024,0.44,0.28603030380330013,0.1,0.0,0.1,0.06,0.11926169625254701,-0.0021704537426530794,0.18789921299528714,0.4614197255405083,0.6230098223061624,-0.1615900967656541
8,lemniscate,0.25,12,5,sscrn_lemniscate_tr0.25_d12_rep5_q8,sscrn_lemniscate_tr0.25_d12_rep5,0.4294,0.25549649429163773,0.43,0.2518881681795692,0.07,0.0,0.07,0.03,0.11842948024449422,0.011993123638983133,0.18645008593111084,0.45146572265934637,0.6016790447926618,-0.1502133221333154
8,lemniscate,0.25,12,6,sscrn_lemniscate_tr0.25_d12_rep6_q8,sscrn_lemniscate_tr0.25_d12_rep6,0.7190000000000001,1.9412328142525639,0.73,2.137157287525381,0.31,0.0,0.31,0.29,0.3654967487020305,0.0318163354914593,0.4204041301672235,1.02382306499015,0.6377317553910968,0.38609130959905325
8,lemniscate,0.25,12,7,sscrn_lemniscate_tr0.25_d12_rep7_q8,sscrn_lemniscate_tr0.25_d12_rep7,0.428,0.2586361912536047,0.43,0.2518881681795692,0.07,0.0,0.07,0.05,0.10942560066093304,-0.002527000350714132,0.17451122223511414,0.426850518847209,0.6247959203939601,-0.19794540154675117
8,lemniscate,0.25,34,0,sscrn_lemniscate_tr0.25_d34_rep0_q8,sscrn_lemniscate_tr0.25_d34_rep0,0.4668,0.44964291552033053,0.45,0.4674516600406096,0.11,0.0,0.11,0.1,0.4271824660882745,-0.004308105073197681,0.6220572987177513,1.2476472502284597,1.6036240569370799,-0.3559768067086202
8,lemniscate,0.25,34,1,sscrn_lemniscate_tr0.25_d34_rep1_q8,sscrn_lemniscate_tr0.25_d34_rep1,0.48560000000000003,0.44824594590066047,0.47,0.4567409819219549,0.15,0.0,0.15,0.13,0.6278874522552049,0.029808864027071367,0.6704790101304473,1.4081155034326271,1.6113784497515105,-0.2032629463188833
8,lemniscate,0.25,34,2,sscrn_lemniscate_tr0.25_d34_rep2_q8,sscrn_lemniscate_tr0.25_d34_rep2,0.5144,0.7045899284675893,0.5,0.7274516600406096,0.13,0.0,0.13,0.13,0.6768455038191513,-0.008806082912307573,0.7314448865750923,1.4164448904269704,1.5647568972431782,-0.14831200681620782
8,lemniscate,0.25,34,3,sscrn_lemniscate_tr0.25_d34_rep3_q8,sscrn_lemniscate_tr0.25_d34_rep3,0.5216000000000001,0.6480027134949752,0.52,0.6650252531694167,0.12,0.0,0.12,0.11,0.6938566924027905,-0.013387709427486802,0.7741585929010955,1.4364732131445643,1.594706106837896,-0.1582328936933317
8,lemniscate,0.25,34,4,sscrn_lemniscate_tr0.25_d34_rep4_q8,sscrn_lemniscate_tr0.25_d34_rep4,0.5102,0.5517787452855463,0.52,0.5825988462982239,0.17,0.0,0.17,0.17,0.6006204485740617,-0.014642746272166047,0.6002302536019484,1.3692520947659312,1.594300976096153,-0.22504888133022183
8,lemniscate,0.25,34,5,sscrn_lemniscate_tr0.25_d34_rep5_q8,sscrn_lemniscate_tr0.25_d34_rep5,0.47859999999999997,0.5267424104569421,0.46,0.5474516600406096,0.17,0.0,0.17,0.17,0.6421723363800965,-0.0013082611935409725,0.6700983916051658,1.4130190413044235,1.6126320304794013,-0.19961298917497783
8,lemniscate,0.25,34,6,sscrn_lemniscate_tr0.25_d34_rep6_q8,sscrn_lemniscate_tr0.25_d34_rep6,0.5014,0.5473302171481224,0.51,0.5825988462982239,0.15,0.0,0.15,0.14,0.5879094444908834,0.005984433812044124,0.7280314099963971,1.3885008913693806,1.5663337359761362,-0.17783284460675564
8,lemniscate,0.25,34,7,sscrn_lemniscate_tr0.25_d34_rep7_q8,sscrn_lemniscate_tr0.25_d34_rep7,0.431,0.3353468693722595,0.43,0.3367409819219549,0.1,0.0,0.1,0.09,0.3751480726667389,-0.010027444712167691,0.609880652318166,1.199869429883831,1.5944082088069793,-0.39453877892314826
8,lemniscate,0.35,12,0,sscrn_lemniscate_tr0.35_d12_rep0_q8,sscrn_lemniscate_tr0.35_d12_rep0,0.7245999999999999,1.995206652479226,0.83,2.5765685424949236,0.29,0.0,0.29,0.29,0.20146015197743855,0.01355241084869952,0.23551011608913563,0.9687428655328422,0.596564960119993,0.3721779054128491
8,lemniscate,0.35,12,1,sscrn_lemniscate_tr0.35_d12_rep1_q8,sscrn_lemniscate_tr0.35_d12_rep1,0.5034000000000001,0.5921525835122086,0.63,1.0761522368914977,0.12,0.0,0.12,0.1,0.11609611155344186,-5.676196194636635e-05,0.1785765346548828,0.40971314794577895,0.5951428736615396,-0.18542972571576066
8,lemniscate,0.35,12,2,sscrn_lemniscate_tr0.35_d12_rep2_q8,sscrn_lemniscate_tr0.35_d12_rep2,0.867,2.9106383550821575,0.93,3.376568542494924,0.41,0.0,0.41,0.41,0.3371540569822815,0.016874877199075256,0.3526300986611615,1.217218019329721,0.5975782110004124,0.6196398083293087
8,lemniscate,0.35,12,3,sscrn_lemniscate_tr0.35_d12_rep3_q8,sscrn_lemniscate_tr0.35_d12_rep3,0.7117999999999999,1.9641904186632997,0.8,2.5697056274847716,0.28,0.0,0.28,0.26,0.2034146855077923,0.015102161645222913,0.2436419124494092,0.9564413445001833,0.5932851245905464,0.36315621990963687
8,lemniscate,0.35,12,4,sscrn_lemniscate_tr0.35_d12_rep4_q8,sscrn_lemniscate_tr0.35_d12_rep4,0.5552,0.7613720928063202,0.78,1.5882842712474619,0.12,0.0,0.12,0.12,0.11778554302594987,-0.0006823188514576787,0.1843986059338725,0.3933519919033057,0.5925288245428835,-0.19917683263957775
8,lemniscate,0.35,12,5,sscrn_lemniscate_tr0.35_d12_rep5_q8,sscrn_lemniscate_tr0.35_d12_rep5,0.8114,2.4727408803990993,0.94,3.048284271247462,0.37,0.0,0.37,0.37,0.3511080286444922,0.009197252296389853,0.36225959708526495,1.0869700171207086,0.5958697028061734,0.49110031431453527
8,lemniscate,0.35,12,6,sscrn_lemniscate_tr0.35_d12_rep6_q8,sscrn_lemniscate_tr0.35_d12_rep6,0.8812000000000001,2.945319769259645,0.96,3.42,0.41,0.0,0.41,0.41,0.29412863501859143,0.01343135723150604,0.3583009803796734,1.2409802477115386,0.6120665943258149,0.6289136533857237
8,lemniscate,0.35,12,7,sscrn_lemniscate_tr0.35_d12_rep7_q8,sscrn_lemniscate_tr0.35_d12_rep7,0.7098,1.9627581243418024,0.77,2.428284271247462,0.29,0.0,0.29,0.29,0.29827475619324656,0.009471462591091166,0.34340405834014015,0.9550070548120883,0.5954810773724027,0.3595259774396855
8,lemniscate,0.35,34,0,sscrn_lemniscate_tr0.35_d34_rep0_q8,sscrn_lemniscate_tr0.35_d34_rep0,0.5336,0.8877238097667515,0.86,2.022842712474619,0.12,0.0,0.12,0.12,0.5367266188817604,-0.004968787310244239,0.847726605856547,1.1692980915729807,1.5983865325184408,-0.42908844094546006
8,lemniscate,0.35,34,1,sscrn_lemniscate_tr0.35_d34_rep1_q8,sscrn_lemniscate_tr0.35_d34_rep1,0.6178,1.0665286870902795,0.94,2.3466904755831215,0.09,0.0,0.09,0.09,0.539985909887642,-0.03544782400496532,0.7703011818248789,1.1127442682740007,1.5976957225635706,-0.48495145428956987
8,lemniscate,0.35,34,2,sscrn_lemniscate_tr0.35_d34_rep2_q8,sscrn_lemniscate_tr0.35_d34_rep2,0.547,0.8887684707074242,0.8,1.8462741699796954,0.12,0.0,0.12,0.1,0.4758571582131372,-0.005066655623623842,0.73006024877842,1.0964108500883645,1.6050980942630646,-0.5086872441747001
8,lemniscate,0.35,34,3,sscrn_lemniscate_tr0.35_d34_rep3_q8,sscrn_lemniscate_tr0.35_d34_rep3,0.6098,1.0621646035106729,0.83,1.9979898987322335,0.16,0.0,0.16,0.15,0.5496770302333901,0.0018102786289891947,0.924229711643593,1.1902066173418044,1.6202196566219285,-0.430013039280124
8,lemniscate,0.35,34,4,sscrn_lemniscate_tr0.35_d34_rep4_q8,sscrn_lemniscate_tr0.35_d34_rep4,0.5624,0.9611101879229444,0.75,1.7414213562373095,0.19,0.0,0.19,0.19,0.5620543755381617,-0.01869181407001651,0.809419420946902,1.2627374996045448,1.6033333980869284,-0.3405958984823836
8,lemniscate,0.35,34,5,sscrn_lemniscate_tr0.35_d34_rep5_q8,sscrn_lemniscate_tr0.35_d34_rep5,0.6126,1.0275635933838962,0.89,2.165269119345812,0.16,0.0,0.16,0.16,0.5465963216352606,-0.009191947065278419,0.723298329200505,1.1864558456049237,1.5743672066680445,-0.38791136106312085
8,lemniscate,0.35,34,6,sscrn_lemniscate_tr0.35_d34_rep6_q8,sscrn_lemniscate_tr0.35_d34_rep6,0.6224000000000001,1.0253244014853176,0.9,2.165269119345812,0.17,0.0,0.17,0.17,0.5779258641149092,-0.010590208427639271,0.8248254754146515,1.1854154596623876,1.587917745083394,-0.4025022854210063
8,lemniscate,0.35,34,7,sscrn_lemniscate_tr0.35_d34_rep7_q8,sscrn_lemniscate_tr0.35_d34_rep7,0.631,1.0606159887180713,0.91,2.300832611206852,0.17,0.0,0.17,0.17,0.5224594639162989,-0.017040744605714756,0.7443087771056964,1.0947901067824204,1.5896823609122748,-0.4948922541298544
8,square,0.25,12,0,sscrn_square_tr0.25_d12_rep0_q8,sscrn_square_tr0.25_d12_rep0,0.2396,0.15704215049140896,0.25,0.16058874503045723,0.07,0.0,0.0,0.07,0.060083546971618,-0.003167684508955851,0.1820652178803807,0.3356849232470835,0.6933460012165515,-0.35766107796946806
8,square,0.25,12,1,sscrn_square_tr0.25_d12_rep1_q8,sscrn_square_tr0.25_d12_rep1,0.2662,0.1986455992799496,0.27,0.2005887450304572,0.08,0.0,0.0,0.08,0.07726169724868405,-0.0024973055033233023,0.12793821638566813,0.37710170324071607,0.704094273997479,-0.32699257075676297
8,square,0.25,12,2,sscrn_square_tr0.25_d12_rep2_q8,sscrn_square_tr0.25_d12_rep2,0.253,0.17281128470489882,0.27,0.1723044737829953,0.07,0.0,0.0,0.07,0.06172332100521159,-0.0026222029881177076,0.21046022768622688,0.338385197979045,0.6969622843560659,-0.3585770863770209
8,square,0.25,12,3,sscrn_square_tr0.25_d12_rep3_q8,sscrn_square_tr0.25_d12_rep3,0.2144,0.1830096828595561,0.21,0.1937258300203048,0.08,0.0,0.0,0.08,0.06786731577429884,-0.0015100041372985123,0.17568344043429115,0.434355430622046,0.7135371639309169,-0.2791817333088709
8,square,0.25,12,4,sscrn_square_tr0.25_d12_rep4_q8,sscrn_square_tr0.25_d12_rep4,0.2616,0.1747377782312694,0.27,0.1723044737829953,0.07,0.0,0.0,0.07,0.06900053581283663,-0.003450494641421479,0.17099766095160696,0.3837465408856565,0.695713876915445,-0.31196733602978843
8,square,0.25,12,5,sscrn_square_tr0.25_d12_rep5_q8,sscrn_square_tr0.25_d12_rep5,0.24919999999999998,0.15220051993106637,0.26,0.15230447378299533,0.07,0.0,0.0,0.07,0.05799843895771528,-0.005444671893648827,0.18445684420983358,0.3288759853550545,0.6691492132876079,-0.3402732279325534
8,square,0.25,12,6,sscrn_square_tr0.25_d12_rep6_q8,sscrn_square_tr0.25_d12_rep6,0.2518,0.16956275656747496,0.27,0.1723044737829953,0.07,0.0,0.0,0.07,0.060588054710801274,-0.0014335623608944476,0.16786120175423183,0.34082799319815477,0.6852946078674544,-0.3444666146692997
8,square,0.25,12,7,sscrn_square_tr0.25_d12_rep7_q8,sscrn_square_tr0.25_d12_rep7,0.255,0.18331666709181507,0.26,0.18058874503045722,0.08,0.0,0.0,0.08,0.07310909534976527,-8.212123502192905e-06,0.20059306250138623,0.38658834946431614,0.6963872210702317,-0.3097988716059155
8,square,0.25,34,0,sscrn_square_tr0.25_d34_rep0_q8,sscrn_square_tr0.25_d34_rep0,0.4118,0.3342821074189091,0.4,0.3333095244168787,0.15,0.0,0.0,0.15,0.5987643531139805,0.0022127105374115026,1.0586484938732628,1.2749447447859763,1.4912398099494248,-0.21629506516344854
8,square,0.25,34,1,sscrn_square_tr0.25_d34_rep1_q8,sscrn_square_tr0.25_d34_rep1,0.4534,0.34281163132560977,0.45,0.348456710674493,0.09,0.0,0.0,0.08,0.5992862193382231,-0.020843446847148155,0.9589775905423611,1.2155909549501924,1.4685256482959161,-0.2529346933457237
8,square,0.25,34,2,sscrn_square_tr0.25_d34_rep2_q8,sscrn_square_tr0.25_d34_rep2,0.4168,0.32929144365775437,0.4,0.3333095244168787,0.13,0.0,0.0,0.11,0.6363777341898328,-0.03250788655884482,0.8661722861471658,1.2962492968942951,1.44944785420599,-0.15319855731169496
8,square,0.25,34,3,sscrn_square_tr0.25_d34_rep3_q8,sscrn_square_tr0.25_d34_rep3,0.4144,0.3326938823195183,0.4,0.3333095244168787,0.15,0.0,0.0,0.15,0.6021059701900084,-0.02797277717823311,1.0520550189984441,1.2808077631304295,1.434101363479023,-0.1532936003485934
8,square,0.25,34,4,sscrn_square_tr0.25_d34_rep4_q8,sscrn_square_tr0.25_d34_rep4,0.4254,0.33206646532154876,0.42,0.3308831175456859,0.14,0.0,0.0,0.14,0.6417456822192624,-0.00924270945528643,0.9662778307018502,1.2829193807364274,1.4763229752227576,-0.19340359448633015
8,square,0.25,34,5,sscrn_square_tr0.25_d34_rep5_q8,sscrn_square_tr0.25_d34_rep5,0.42200000000000004,0.33556596025816043,0.41,0.33916738879314773,0.09,0.0,0.0,0.09,0.6536454186428391,-0.0012275054423910297,0.906508354281617,1.2787151505807055,1.458755564758735,-0.1800404141780294
8,square,0.25,34,6,sscrn_square_tr0.25_d34_rep6_q8,sscrn_square_tr0.25_d34_rep6,0.4236,0.3287493080340234,0.42,0.3308831175456859,0.14,0.0,0.0,0.13,0.6387154098762439,-0.030637869291977995,0.9301165524267552,1.2847031173369672,1.4513049704921959,-0.16660185315522869
8,square,0.25,34,7,sscrn_square_tr0.25_d34_rep7_q8,sscrn_square_tr0.25_d34_rep7,0.426,0.32987235277185334,0.42,0.3308831175456859,0.15,0.0,0.0,0.14,0.633783255307084,-0.025620967822231427,0.9286060600846787,1.2812191797491734,1.4437055819455433,-0.1624864021963699
8,square,0.35,12,0,sscrn_square_tr0.35_d12_rep0_q8,sscrn_square_tr0.35_d12_rep0,0.2414,0.3433585427500129,0.38,0.7600000000000001,0.09,0.0,0.0,0.09,0.08338362964893153,-0.0004483705995399798,0.20647659202905838,0.4486669470990184,0.7091988266111444,-0.26053187951212603
8,square,0.35,12,1,sscrn_square_tr0.35_d12_rep1_q8,sscrn_square_tr0.35_d12_rep1,0.185,0.24130656582404839,0.24,0.4800000000000001,0.08,0.0,0.0,0.08,0.045478229554877035,-0.0034916973506561744,0.17520814908134416,0.419211347612465,0.6783326081880593,-0.2591212605755943
8,square,0.35,12,2,sscrn_square_tr0.35_d12_rep2_q8,sscrn_square_tr0.35_d12_rep2,0.24239999999999998,0.36204626278601537,0.38,0.788284271247462,0.08,0.0,0.0,0.08,0.06567850284456989,0.0023746754926658974,0.18531077489486253,0.46744575130066507,0.675337788491609,-0.2078920371909439
8,square,0.35,12,3,sscrn_square_tr0.35_d12_rep3_q8,sscrn_square_tr0.35_d12_rep3,0.2498,0.34290513728906113,0.37,0.7400000000000001,0.07,0.0,0.0,0.07,0.05682542283132401,0.000863256027938803,0.17745954932629576,0.4018805807009952,0.6892441323770926,-0.2873635516760974
8,square,0.35,12,4,sscrn_square_tr0.35_d12_rep4_q8,sscrn_square_tr0.35_d12_rep4,0.1916,0.24291001461258901,0.26,0.49171572875253816,0.07,0.0,0.0,0.07,0.043171093037644756,-0.0016145468787835931,0.18263344179980256,0.3843253203680243,0.6977497249335826,-0.31342440456555826
8,square,0.35,12,5,sscrn_square_tr0.35_d12_rep5_q8,sscrn_square_tr0.35_d12_rep5,0.1918,0.26593743161055855,0.27,0.554142135623731,0.07,0.0,0.0,0.07,0.060792352854344554,-0.002984356969995353,0.20490398126841924,0.4589639456989906,0.6922459424390084,-0.23328199674001776
8,square,0.35,12,6,sscrn_square_tr0.35_d12_rep6_q8,sscrn_square_tr0.35_d12_rep6,0.2336,0.3373751949741499,0.35,0.728284271247462,0.07,0.0,0.0,0.07,0.05505258794095379,-0.002932902758308242,0.17525214535806521,0.39273903339070054,0.6743660770291449,-0.2816270436384443
8,square,0.35,12,7,sscrn_square_tr0.35_d12_rep7_q8,sscrn_square_tr0.35_d12_rep7,0.2882,0.4098056423524495,0.46,0.9058578643762693,0.07,0.0,0.0,0.07,0.07450288681943545,0.00044140296676002205,0.17237264329916113,0.38359263157706047,0.6401722198784647,-0.25657958830140426
8,square,0.35,34,0,sscrn_square_tr0.35_d34_rep0_q8,sscrn_square_tr0.35_d34_rep0,0.57,0.8660425688996196,0.85,1.9404163056034265,0.12,0.0,0.0,0.11,0.4330024532603127,-0.022968784398058825,0.8805537469792446,0.9674978338284327,1.4420078718421916,-0.4745100380137589
8,square,0.35,34,1,sscrn_square_tr0.35_d34_rep1_q8,sscrn_square_tr0.35_d34_rep1,0.57,0.8283073308529698,0.78,1.7721320343559643,0.07,0.0,0.0,0.07,0.5555028770672793,-0.037278988161492124,0.8933515950547213,1.0954800201733528,1.43949567811872,-0.34401565794536726
8,square,0.35,34,2,sscrn_square_tr0.35_d34_rep2_q8,sscrn_square_tr0.35_d34_rep2,0.552,0.8188945458255842,0.82,1.7955634918610406,0.13,0.0,0.0,0.12,0.4735418360408635,-0.02913736560760558,0.7929153904936346,1.0188304334017182,1.4410079831228104,-0.4221775497210922
8,square,0.35,34,3,sscrn_square_tr0.35_d34_rep3_q8,sscrn_square_tr0.35_d34_rep3,0.5898,0.8978886583752795,0.88,2.0004163056034265,0.1,0.0,0.0,0.1,0.47221287515718546,0.011485141079087978,1.010954157801429,0.9854180114827179,1.470230105004405,-0.4848120935216872
8,square,0.35,34,4,sscrn_square_tr0.35_d34_rep4_q8,sscrn_square_tr0.35_d34_rep4,0.5342,0.7767891634386679,0.74,1.6638477631085025,0.15,0.0,0.0,0.12,0.5640478646026739,-0.014190543251456845,0.8388797516628315,1.1491675370753682,1.4654127583255063,-0.3162452212501381
8,square,0.35,34,5,sscrn_square_tr0.35_d34_rep5_q8,sscrn_square_tr0.35_d34_rep5,0.5754,0.8688058156628048,0.88,1.9014213562373095,0.09,0.0,0.0,0.09,0.5734057349763619,-0.006735838092919548,0.89392884152474,1.1441157958847485,1.436729531342048,-0.2926137354572995
8,square,0.35,34,6,sscrn_square_tr0.35_d34_rep6_q8,sscrn_square_tr0.35_d34_rep6,0.5682,0.8900439974346068,0.82,1.979411254969543,0.1,0.0,0.0,0.1,0.5369190651922542,0.013665243400943107,0.9073883566938846,1.0747138457934013,1.4918375028419664,-0.417123657048565
8,square,0.35,34,7,sscrn_square_tr0.35_d34_rep7_q8,sscrn_square_tr0.35_d34_rep7,0.5682,0.8631739397495182,0.84,1.9062741699796952,0.12,0.0,0.0,0.11,0.4701352811032221,-0.030092612259874644,0.832545698829225,1.020789365277058,1.4364544935889063,-0.4156651283118482
8,zigzag,0.25,12,0,sscrn_zigzag_tr0.25_d12_rep0_q8,sscrn_zigzag_tr0.25_d12_rep0,0.4572,0.8220965660791374,0.44,0.8347308806541882,0.11,0.23,0.0,0.11,0.6822740579758426,1.7626638020181125e-05,0.3065393499360923,1.2091477697375046,1.3283258914595752,-0.11917812172207065
8,zigzag,0.25,12,1,sscrn_zigzag_tr0.25_d12_rep1_q8,sscrn_zigzag_tr0.25_d12_rep1,0.45399999999999996,0.810702453529442,0.43,0.8147308806541882,0.09,0.24,0.0,0.09,0.6584976135956555,0.02867529666754546,1.0407455211631191,1.1691963774458138,1.3346982062519912,-0.16550182880617736
8,zigzag,0.25,12,2,sscrn_zigzag_tr0.25_d12_rep2_q8,sscrn_zigzag_tr0.25_d12_rep2,0.4324,0.8070519051384647,0.4,0.8112994231491121,0.09,0.24,0.0,0.09,0.7158871428782506,0.020924236437515013,1.4777397887382375,1.240247287718515,1.4065237632679553,-0.16627647554944036
8,zigzag,0.25,12,3,sscrn_zigzag_tr0.25_d12_rep3_q8,sscrn_zigzag_tr0.25_d12_rep3,0.4572,0.8149318907809647,0.44,0.8264466094067262,0.1,0.24,0.0,0.09,0.7196501961475436,-0.05010422090543805,0.8454026832043152,1.2391451884917666,1.3790130927758013,-0.13986790428403473
8,zigzag,0.25,12,4,sscrn_zigzag_tr0.25_d12_rep4_q8,sscrn_zigzag_tr0.25_d12_rep4,0.4336,0.8078519051384648,0.4,0.8112994231491121,0.09,0.24,0.0,0.09,0.7123890940196286,0.033762289651508924,1.3252147964941738,1.2307465891964107,1.3856264394802242,-0.15487985028381357
8,zigzag,0.25,12,5,sscrn_zigzag_tr0.25_d12_rep5_q8,sscrn_zigzag_tr0.25_d12_rep5,0.4446,0.8285097695147339,0.42,0.8430151519016501,0.09,0.24,0.0,0.08,0.7618028007276562,0.0582474586973123,0.8591872389651141,1.2654479345935588,1.2589544252260334,0.006493509367525352
8,zigzag,0.25,12,6,sscrn_zigzag_tr0.25_d12_rep6_q8,sscrn_zigzag_tr0.25_d12_rep6,0.4768,0.9238872298402923,0.45,0.9430151519016501,0.09,0.23,0.0,0.09,0.6788118708460588,0.041841308605624926,1.1538989613260624,1.2315302834216677,1.3376540859571049,-0.10612380253543718
8,zigzag,0.25,12,7,sscrn_zigzag_tr0.25_d12_rep7_q8,sscrn_zigzag_tr0.25_d12_rep7,0.43979999999999997,0.8129180956268024,0.42,0.8230151519016501,0.1,0.24,0.0,0.1,0.7033251580697699,-0.04073722362310308,0.9604116832960468,1.226968063355931,1.3815352117505197,-0.15456714839458874
8,zigzag,0.25,34,0,sscrn_zigzag_tr0.25_d34_rep0_q8,sscrn_zigzag_tr0.25_d34_rep0,0.42979999999999996,0.32276453172317315,0.42,0.3167409819219549,0.27,0.1,0.0,0.26,0.9311810415986111,0.18062778782346714,1.4408995615200104,1.7916651098197511,1.8999862218148413,-0.1083211119950902
8,zigzag,0.25,34,1,sscrn_zigzag_tr0.25_d34_rep1_q8,sscrn_zigzag_tr0.25_d34_rep1,0.4362,0.3127915303129321,0.42,0.3167409819219549,0.25,0.11,0.0,0.23,0.879037848276442,0.06461890499680065,1.433952565831713,1.739709334119376,1.8969156226018509,-0.15720628848247498
8,zigzag,0.25,34,2,sscrn_zigzag_tr0.25_d34_rep2_q8,sscrn_zigzag_tr0.25_d34_rep2,0.451,0.3616768116871707,0.45,0.3684567106744929,0.26,0.1,0.0,0.25,0.8510233199004399,0.16862440969937817,1.426115728108315,1.7811911390842303,1.9380885715720009,-0.15689743248777055
8,zigzag,0.25,34,3,sscrn_zigzag_tr0.25_d34_rep3_q8,sscrn_zigzag_tr0.25_d34_rep3,0.45659999999999995,0.38142584488798287,0.45,0.38845671067449294,0.27,0.08,0.0,0.27,0.7335061398415429,0.03137021083544482,1.1885014747264704,1.6746284608780289,1.9744070779529628,-0.2997786170749339
8,zigzag,0.25,34,4,sscrn_zigzag_tr0.25_d34_rep4_q8,sscrn_zigzag_tr0.25_d34_rep4,0.4462,0.3288116313256097,0.44,0.32845671067449295,0.26,0.1,0.0,0.25,0.9235477631706749,0.18343182872377667,1.455205287212639,1.7999986852135827,1.9667241039471084,-0.16672541873352564
8,zigzag,0.25,34,5,sscrn_zigzag_tr0.25_d34_rep5_q8,sscrn_zigzag_tr0.25_d34_rep5,0.4606,0.3801807655390996,0.46,0.3801724394270311,0.26,0.09,0.0,0.25,0.8608066545337102,0.1529949402414259,1.2560278988526636,1.7761753437338894,1.8915807311578872,-0.11540538742399775
8,zigzag,0.25,34,6,sscrn_zigzag_tr0.25_d34_rep6_q8,sscrn_zigzag_tr0.25_d34_rep6,0.4362,0.3328047337485285,0.43,0.3367409819219549,0.26,0.1,0.0,0.25,0.897972963928648,0.17935270780311102,1.3572084400262743,1.762591375190023,1.9271519688133387,-0.16456059362331565
8,zigzag,0.25,34,7,sscrn_zigzag_tr0.25_d34_rep7_q8,sscrn_zigzag_tr0.25_d34_rep7,0.455,0.336632742465064,0.45,0.3401724394270311,0.27,0.09,0.0,0.27,0.7909818995163166,0.10979005933209775,1.308997147421634,1.7207138429115223,1.9477824942203392,-0.22706865130881693
8,zigzag,0.35,12,0,sscrn_zigzag_tr0.35_d12_rep0_q8,sscrn_zigzag_tr0.35_d12_rep0,0.431,0.93860909114099,0.42,1.1541421356237311,0.07,0.24,0.0,0.07,0.70713161475214,0.029631343937910906,1.0154846866148857,1.2235465425395537,1.395310259000039,-0.17176371646048527
8,zigzag,0.35,12,1,sscrn_zigzag_tr0.35_d12_rep1_q8,sscrn_zigzag_tr0.35_d12_rep1,0.4146,1.0015374316105585,0.42,1.194142135623731,0.07,0.24,0.0,0.07,0.7191792688205784,0.028796723002435815,1.1426130058215491,1.2652307584779208,1.3449559650525,-0.07972520657457927
8,zigzag,0.35,12,2,sscrn_zigzag_tr0.35_d12_rep2_q8,sscrn_zigzag_tr0.35_d12_rep2,0.5116,1.2153688891156347,0.52,1.4658578643762692,0.08,0.24,0.0,0.08,0.6471391349611672,-0.003772694735593571,0.9360682005704535,1.2302435009423298,1.4046524566924807,-0.17440895575015092
8,zigzag,0.35,12,3,sscrn_zigzag_tr0.35_d12_rep3_q8,sscrn_zigzag_tr0.35_d12_rep3,0.5002,1.174888485064924,0.52,1.454142135623731,0.06,0.24,0.0,0.06,0.5769195998559272,0.013787177304247321,0.8839755371816964,1.1156549646848417,1.3184857437300803,-0.2028307790452386
8,zigzag,0.35,12,4,sscrn_zigzag_tr0.35_d12_rep4_q8,sscrn_zigzag_tr0.35_d12_rep4,0.4902,1.0868129583377413,0.55,1.422426406871193,0.05,0.23,0.0,0.05,0.6304815445971933,0.022098126237608137,0.9070569647358587,1.2395206618665269,1.2456313958163325,-0.006110733949805658
8,zigzag,0.35,12,5,sscrn_zigzag_tr0.35_d12_rep5_q8,sscrn_zigzag_tr0.35_d12_rep5,0.42,0.9100919338534647,0.42,1.0975735931288073,0.06,0.24,0.0,0.06,0.7176586465300057,-0.003599651101926105,0.4398205308469844,1.2173880294725985,1.3498367395310438,-0.13244871005844527
8,zigzag,0.35,12,6,sscrn_zigzag_tr0.35_d12_rep6_q8,sscrn_zigzag_tr0.35_d12_rep6,0.5082,1.1118555990248606,0.61,1.522426406871193,0.07,0.23,0.0,0.07,0.6895578127479054,-0.0018571557450104302,1.0223842947917128,1.323721074369997,1.3428374024921643,-0.019116328122167348
8,zigzag,0.35,12,7,sscrn_zigzag_tr0.35_d12_rep7_q8,sscrn_zigzag_tr0.35_d12_rep7,0.5004,1.1829355846673606,0.47,1.3092893218813453,0.08,0.25,0.0,0.08,0.5898859841100955,-0.0008687730564273449,0.9908881065207492,1.1403093388507772,1.4292467269256448,-0.2889373880748676
8,zigzag,0.35,34,0,sscrn_zigzag_tr0.35_d34_rep0_q8,sscrn_zigzag_tr0.35_d34_rep0,0.568,0.8877229729503303,0.81,1.8438477631085024,0.26,0.05,0.0,0.25,0.6644469601376706,0.011198682718428485,0.716314842846118,1.3722586109403188,1.8984654317533505,-0.5262068208130317
8,zigzag,0.35,34,1,sscrn_zigzag_tr0.35_d34_rep1_q8,sscrn_zigzag_tr0.35_d34_rep1,0.5444,0.778900014867678,0.74,1.5424264068711928,0.26,0.06,0.0,0.25,0.7580985336323571,-0.0072718042182936165,0.8765256886919398,1.5237773622735675,1.9066410047314293,-0.38286364245786175
8,zigzag,0.35,34,2,sscrn_zigzag_tr0.35_d34_rep2_q8,sscrn_zigzag_tr0.35_d34_rep2,0.5492,0.8279170855000256,0.78,1.7297056274847717,0.27,0.05,0.0,0.27,0.7537777974569672,-0.007831152525669715,0.9757951474082995,1.612650232459437,1.9405292135406462,-0.3278789810812093
8,zigzag,0.35,34,3,sscrn_zigzag_tr0.35_d34_rep3_q8,sscrn_zigzag_tr0.35_d34_rep3,0.5326,0.7537603179057111,0.72,1.5082842712474622,0.25,0.06,0.0,0.23,0.7215135125962885,-0.03460729647419174,0.9418482049076129,1.5013873390690142,1.8898455827435459,-0.38845824367453163
8,zigzag,0.35,34,4,sscrn_zigzag_tr0.35_d34_rep4_q8,sscrn_zigzag_tr0.35_d34_rep4,0.5152,0.7564127132398862,0.67,1.5214213562373096,0.26,0.06,0.0,0.24,0.7671889265519372,-0.039335378446811065,1.0768422109368017,1.5024904937823689,1.9044125167257675,-0.4019220229433986
8,zigzag,0.35,34,5,sscrn_zigzag_tr0.35_d34_rep5_q8,sscrn_zigzag_tr0.35_d34_rep5,0.5438000000000001,0.800444589153173,0.74,1.5989949493661169,0.27,0.06,0.0,0.26,0.7948742338096781,-0.003791411047120154,0.9793844249198495,1.5916846123981796,1.9124979464341545,-0.3208133340359749
8,zigzag,0.35,34,6,sscrn_zigzag_tr0.35_d34_rep6_q8,sscrn_zigzag_tr0.35_d34_rep6,0.5426,0.8186921071638201,0.76,1.6814213562373097,0.25,0.06,0.0,0.24,0.7593751715015344,-0.0012251257312824563,0.936213971531399,1.4958334952827872,1.9429492594763793,-0.4471157641935921
8,zigzag,0.35,34,7,sscrn_zigzag_tr0.35_d34_rep7_q8,sscrn_zigzag_tr0.35_d34_rep7,0.5574,0.8892037954092515,0.77,1.8569848480983502,0.24,0.05,0.0,0.23,0.771825783885961,-0.019935477438406138,0.8245146188633234,1.4422045957045633,1.885029558517966,-0.44282496281340267
16,circle,0.25,12,0,sscrn_circle_tr0.25_d12_rep0_q16,sscrn_circle_tr0.25_d12_rep0,0.38799999999999996,0.06596079608450436,0.37,0.06500005599463737,0.0,0.0,0.0,0.0,0.029887547653100015,-0.0002385802995146701,0.030759354362834224,0.21824132499107374,0.2616360463668442,-0.04339472137577044
16,circle,0.25,12,1,sscrn_circle_tr0.25_d12_rep1_q16,sscrn_circle_tr0.25_d12_rep1,0.3946,0.06952379903225356,0.39,0.07671578474717548,0.0,0.0,0.0,0.0,0.02779543750099182,-0.00047196523604925965,0.026573751736006554,0.21047811908037178,0.254496977570562,-0.044018858490190216
16,circle,0.25,12,2,sscrn_circle_tr0.25_d12_rep2_q16,sscrn_circle_tr0.25_d12_rep2,0.4054,0.06717938250563456,0.4,0.06523182901746538,0.0,0.0,0.0,0.0,0.026517707608550274,0.0002568376865470299,0.028611855418222445,0.20020534274002846,0.2589862225126913,-0.05878087977266286
16,circle,0.25,12,3,sscrn_circle_tr0.25_d12_rep3_q16,sscrn_circle_tr0.25_d12_rep3,0.39399999999999996,0.0661386858961961,0.39,0.06804487469418591,0.0,0.0,0.0,0.0,0.023687662238639936,-2.7043445590693715e-05,0.022926864306382574,0.19558107080268777,0.25618772377676496,-0.06060665297407719
16,circle,0.25,12,4,sscrn_circle_tr0.25_d12_rep4_q16,sscrn_circle_tr0.25_d12_rep4,0.415,0.07210808225754864,0.42,0.07694755777000349,0.0,0.0,0.0,0.0,0.025963885998696156,-0.0006644543678785629,0.028836455512518858,0.20331196257994064,0.259194222866353,-0.05588226028641238
16,circle,0.25,12,5,sscrn_circle_tr0.25_d12_rep5_q16,sscrn_circle_tr0.25_d12_rep5,0.38280000000000003,0.06490842729849954,0.36,0.05914219161836832,0.0,0.0,0.0,0.0,0.02558151147198442,-0.0006959651247176515,0.029337494459017323,0.2036752420945968,0.2646969507120138,-0.061021708617417014
16,circle,0.25,12,6,sscrn_circle_tr0.25_d12_rep6_q16,sscrn_circle_tr0.25_d12_rep6,0.40240000000000004,0.06737268364341023,0.4,0.06523182901746538,0.0,0.0,0.0,0.0,0.02657670339626103,-0.0003150655572728114,0.0315441146432661,0.2025767846164789,0.26191744277911777,-0.059340658162638865
16,circle,0.25,12,7,sscrn_circle_tr0.25_d12_rep7_q16,sscrn_circle_tr0.25_d12_rep7,0.38420000000000004,0.06577276579524093,0.37,0.06933551102113217,0.0,0.0,0.0,0.0,0.028752479134848852,-0.0002865546914225245,0.02648012054339359,0.21220174640464595,0.27031905232528475,-0.058117305920638795
16,circle,0.25,34,0,sscrn_circle_tr0.25_d34_rep0_q16,sscrn_circle_tr0.25_d34_rep0,0.469,0.08332085102587733,0.48,0.09475292392163866,0.0,0.0,0.0,0.0,0.2057309711727351,-0.01259642638270058,0.34411090754818674,0.7700468928425288,0.948987468209718,-0.17894057536718921
16,circle,0.25,34,1,sscrn_circle_tr0.25_d34_rep1_q16,sscrn_circle_tr0.25_d34_rep1,0.5088,0.09076679722392474,0.5,0.08912683256819762,0.0,0.0,0.0,0.0,0.2892774315238305,0.006584211030537937,0.28442284994638245,0.8837913358118874,0.6668437877425134,0.216947548069374
16,circle,0.25,34,2,sscrn_circle_tr0.25_d34_rep2_q16,sscrn_circle_tr0.25_d34_rep2,0.38520000000000004,0.0693910162612841,0.35,0.06195523729508884,0.0,0.0,0.0,0.0,0.1615651969671505,-0.0063329004334098105,0.3347701355172424,0.6839918376266814,1.0039365302720231,-0.31994469264534176
16,circle,0.25,34,3,sscrn_circle_tr0.25_d34_rep3_q16,sscrn_circle_tr0.25_d34_rep3,0.40880000000000005,0.06917046777103353,0.39,0.06370941966769111,0.0,0.0,0.0,0.0,0.16523364461106907,0.0055387574193468785,0.21645281680952178,0.6919848422930408,0.6716308988694398,0.020353943423600973
16,circle,0.25,34,4,sscrn_circle_tr0.25_d34_rep4_q16,sscrn_circle_tr0.25_d34_rep4,0.47479999999999994,0.08342346654397735,0.45,0.0771793307928315,0.0,0.0,0.0,0.0,0.24341201164354634,0.0014181920808506612,0.3671101473757984,0.8203472096063179,0.9347725761190893,-0.11442536651277135
16,circle,0.25,34,5,sscrn_circle_tr0.25_d34_rep5_q16,sscrn_circle_tr0.25_d34_rep5,0.484,0.08361015573835115,0.47,0.08022414949238003,0.0,0.0,0.0,0.0,0.24672476725485273,-0.0019578527752849985,0.2732042059610226,0.8264369139329368,0.671620991872037,0.15481592206089978
16,circle,0.25,34,6,sscrn_circle_tr0.25_d34_rep6_q16,sscrn_circle_tr0.25_d34_rep6,0.4868,0.08321239958998766,0.48,0.07741110381565951,0.0,0.0,0.0,0.0,0.242240125685647,-0.033137354472059094,0.4085383602235595,0.8147233065362519,1.0728990878653546,-0.2581757813291027
16,circle,0.25,34,7,sscrn_circle_tr0.25_d34_rep7_q16,sscrn_circle_tr0.25_d34_rep7,0.4092,0.07380601302246267,0.39,0.07671578474717548,0.0,0.0,0.0,0.0,0.15182894082643844,8.366801667162549e-05,0.2259684515949591,0.6643477334531475,0.7059754313751957,-0.041627697922048235
16,circle,0.35,12,0,sscrn_circle_tr0.35_d12_rep0_q16,sscrn_circle_tr0.35_d12_rep0,0.4928,0.14687935742018782,0.56,0.2651615916235794,0.0,0.0,0.0,0.0,0.031034733933661393,-0.0005377815336865237,0.035673772725015075,0.2041787944886796,0.2536353374682435,-0.04945654297956392
16,circle,0.35,12,1,sscrn_circle_tr0.35_d12_rep1_q16,sscrn_circle_tr0.35_d12_rep1,0.4754,0.15702941279100233,0.58,0.3115315294614497,0.0,0.0,0.0,0.0,0.031065156045599365,0.00017521082058908545,0.03873218972780508,0.19116057403796452,0.26085774013336577,-0.06969716609540125
16,circle,0.35,12,2,sscrn_circle_tr0.35_d12_rep2_q16,sscrn_circle_tr0.35_d12_rep2,0.43939999999999996,0.12789422474059656,0.49,0.23500989411924608,0.0,0.0,0.0,0.0,0.029755924490763058,-0.001420225543429175,0.04110793294815424,0.19872478948866448,0.2593984967597017,-0.06067370727103724
16,circle,0.35,12,3,sscrn_circle_tr0.35_d12_rep3_q16,sscrn_circle_tr0.35_d12_rep3,0.5075999999999999,0.15457248118035222,0.6,0.2929285041551504,0.0,0.0,0.0,0.0,0.03582188472594123,-0.0005293337746600171,0.04123590216742204,0.20994495736595709,0.2656143174126587,-0.05566936004670159
16,circle,0.35,12,4,sscrn_circle_tr0.35_d12_rep4_q16,sscrn_circle_tr0.35_d12_rep4,0.4842,0.14680376899238173,0.55,0.28098100237978424,0.0,0.0,0.0,0.0,0.034024294497584345,0.0013344680855165974,0.043167741014107,0.2045033726840513,0.25556471873945247,-0.05106134605540116
16,circle,0.35,12,5,sscrn_circle_tr0.35_d12_rep5_q16,sscrn_circle_tr0.35_d12_rep5,0.48619999999999997,0.16214727651274705,0.61,0.3269521106403225,0.0,0.0,0.0,0.0,0.02668340827706105,-0.0010385609353353652,0.041305679252213914,0.19537377703607836,0.2587064463292964,-0.06333266929321804
16,circle,0.35,12,6,sscrn_circle_tr0.35_d12_rep6_q16,sscrn_circle_tr0.35_d12_rep6,0.4616,0.1378638651373675,0.52,0.2569189422745479,0.0,0.0,0.0,0.0,0.0269240854420052,-0.0003077112845588834,0.03778396470121723,0.1783762165901195,0.2597412876866582,-0.0813650710965387
16,circle,0.35,12,7,sscrn_circle_tr0.35_d12_rep7_q16,sscrn_circle_tr0.35_d12_rep7,0.4414,0.13473906316396705,0.5,0.2560271355249338,0.0,0.0,0.0,0.0,0.02888393032864032,-0.001299440404155156,0.03812175493963716,0.20161537154944537,0.2569888675642926,-0.05537349601484726
16,circle,0.35,34,0,sscrn_circle_tr0.35_d34_rep0_q16,sscrn_circle_tr0.35_d34_rep0,0.6642,0.46227642833611043,0.94,1.1407703150778252,0.0,0.0,0.0,0.0,0.19683285100924436,0.013261180783274056,0.23200379302457982,0.5092411794657833,0.6764915045401332,-0.1672503250743499
16,circle,0.35,34,1,sscrn_circle_tr0.35_d34_rep1_q16,sscrn_circle_tr0.35_d34_rep1,0.7095999999999999,0.5362609502652576,0.99,1.3362696594313237,0.0,0.0,0.0,0.0,0.2068640769151531,-0.021070842955227,0.3497149060303286,0.5015582936757188,1.0161122242567908,-0.514553930581072
16,circle,0.35,34,2,sscrn_circle_tr0.35_d34_rep2_q16,sscrn_circle_tr0.35_d34_rep2,0.7212000000000001,0.5476712246471572,0.99,1.342758126407753,0.0,0.0,0.0,0.0,0.21557515493123652,-0.003883286228670965,0.21496873715663514,0.52967363297408,0.6716129517357717,-0.14193931876169175
16,circle,0.35,34,3,sscrn_circle_tr0.35_d34_rep3_q16,sscrn_circle_tr0.35_d34_rep3,0.7051999999999999,0.5005901694547856,0.99,1.2349443067234622,0.0,0.0,0.0,0.0,0.1991210565432745,-0.017977548600756114,0.41552967090572823,0.5111237385143602,1.06564000191355,-0.5545162633991897
16,circle,0.35,34,4,sscrn_circle_tr0.35_d34_rep4_q16,sscrn_circle_tr0.35_d34_rep4,0.7108,0.5619514771187588,0.99,1.3856872763277526,0.0,0.0,0.0,0.0,0.21403411236572,-0.025003620759942793,0.3589609117462003,0.5164961478597554,1.0629771122854188,-0.5464809644256634
16,circle,0.35,34,5,sscrn_circle_tr0.35_d34_rep5_q16,sscrn_circle_tr0.35_d34_rep5,0.7190000000000001,0.5189473882747957,0.99,1.2785359152655276,0.0,0.0,0.0,0.0,0.18718949007057417,0.00043141492427726727,0.19359604963723376,0.47432038360317064,0.6848408963209625,-0.21052051271779182
16,circle,0.35,34,6,sscrn_circle_tr0.35_d34_rep6_q16,sscrn_circle_tr0.35_d34_rep6,0.6998000000000001,0.5093537018473975,0.99,1.2614009176779852,0.0,0.0,0.0,0.0,0.20556762655488695,-0.03486589295578932,0.3869266163846788,0.49510273131356186,1.085309302187644,-0.5902065708740822
16,circle,0.35,34,7,sscrn_circle_tr0.35_d34_rep7_q16,sscrn_circle_tr0.35_d34_rep7,0.7442,0.5642907032643236,0.99,1.3798612679733895,0.0,0.0,0.0,0.0,0.21794133361317566,-0.003256006392071926,0.2247974483303742,0.5157547210129233,0.6895769097531195,-0.17382218874019617
16,lemniscate,0.25,12,0,sscrn_lemniscate_tr0.25_d12_rep0_q16,sscrn_lemniscate_tr0.25_d12_rep0,0.7354,0.23415874782221427,0.7,0.2563347644854472,0.1,0.0,0.1,0.1,0.05012549581009685,-0.002106323795346468,0.11053829293042078,0.36969593967375375,0.5808789239198812,-0.21118298424612741
16,lemniscate,0.25,12,1,sscrn_lemniscate_tr0.25_d12_rep1_q16,sscrn_lemniscate_tr0.25_d12_rep1,0.7278,0.18649094986142079,0.71,0.18828226626081332,0.08,0.0,0.08,0.08,0.04192070160421833,-0.005807919798536872,0.11706459717554066,0.3252802763851684,0.6088375733048282,-0.28355729691965986
16,lemniscate,0.25,12,2,sscrn_lemniscate_tr0.25_d12_rep2_q16,sscrn_lemniscate_tr0.25_d12_rep2,0.7302,0.1852530926793623,0.72,0.18113376555759803,0.07,0.0,0.07,0.06,0.03372627392488331,-0.0017842633693157008,0.11351553847285788,0.3288682666006927,0.6098613844104301,-0.28099311780973746
16,lemniscate,0.25,12,3,sscrn_lemniscate_tr0.25_d12_rep3_q16,sscrn_lemniscate_tr0.25_d12_rep3,0.7272,0.18653114050756048,0.72,0.1898046756105876,0.07,0.0,0.07,0.07,0.034646814839799096,-0.028187179954452003,0.11416540042317735,0.3161194601415374,0.680593143397839,-0.36447368325630164
16,lemniscate,0.25,12,4,sscrn_lemniscate_tr0.25_d12_rep4_q16,sscrn_lemniscate_tr0.25_d12_rep4,0.726,0.231602481792938,0.7,0.2563053333588211,0.09,0.0,0.09,0.07,0.05135497486091796,-0.0023218693958719856,0.11442541375755076,0.35572635446713735,0.5818840502869636,-0.2261576958198262
16,lemniscate,0.25,12,5,sscrn_lemniscate_tr0.25_d12_rep5_q16,sscrn_lemniscate_tr0.25_d12_rep5,0.8556,1.9182553129992552,0.86,2.1412182963281743,0.33,0.0,0.33,0.33,0.16007144516247315,0.014707997850526289,0.2045262386124639,1.0415018670270009,0.6123742175188858,0.4291276495081151
16,lemniscate,0.25,12,6,sscrn_lemniscate_tr0.25_d12_rep6_q16,sscrn_lemniscate_tr0.25_d12_rep6,0.7134,0.19493060523909378,0.68,0.22267527119669148,0.07,0.0,0.07,0.07,0.04144729232620475,-0.003738890141942606,0.1058698568297425,0.3522186531819442,0.5853477299486035,-0.23312907676665934
16,lemniscate,0.25,12,7,sscrn_lemniscate_tr0.25_d12_rep7_q16,sscrn_lemniscate_tr0.25_d12_rep7,0.7916,0.998486980396386,0.78,1.1155383923044984,0.21,0.0,0.21,0.21,0.13910346558838182,0.005596948001073258,0.18156416180522447,0.76283703645168,0.5966477148712969,0.16618932158038313
16,lemniscate,0.25,34,0,sscrn_lemniscate_tr0.25_d34_rep0_q16,sscrn_lemniscate_tr0.25_d34_rep0,0.7276,0.1747988720366382,0.71,0.21007807053184602,0.12,0.0,0.12,0.11,0.32367740892156516,0.016055051108972238,0.5314365619785101,1.2805782459659936,1.599091178157429,-0.3185129321914355
16,lemniscate,0.25,34,1,sscrn_lemniscate_tr0.25_d34_rep1_q16,sscrn_lemniscate_tr0.25_d34_rep1,0.7306,0.15041857938159667,0.72,0.15730347847518966,0.11,0.0,0.11,0.11,0.2969258853729811,0.011230197785568165,0.5878906618100332,1.2971722595098738,1.6254881434639483,-0.3283158839540745
16,lemniscate,0.25,34,2,sscrn_lemniscate_tr0.25_d34_rep2_q16,sscrn_lemniscate_tr0.25_d34_rep2,0.7288,0.15971838888257828,0.67,0.18231115800027506,0.11,0.0,0.11,0.1,0.2866845268612178,0.0045864534184074345,0.5122476671314576,1.2987486357872071,1.6177608222724513,-0.3190121864852442
16,lemniscate,0.25,34,3,sscrn_lemniscate_tr0.25_d34_rep3_q16,sscrn_lemniscate_tr0.25_d34_rep3,0.7478,0.14922074579482794,0.74,0.15167738712174864,0.13,0.0,0.13,0.12,0.2896912434858176,0.0029375874391410987,0.5352312126893952,1.2834940337764207,1.615075924434382,-0.3315818906579613
16,lemniscate,0.25,34,4,sscrn_lemniscate_tr0.25_d34_rep4_q16,sscrn_lemniscate_tr0.25_d34_rep4,0.736,0.15318897029835998,0.69,0.16574261550535124,0.12,0.0,0.12,0.12,0.3049456127822071,0.011600092558946952,0.550042915265473,1.2955083009041886,1.5931746663330304,-0.29766636542884184
16,lemniscate,0.25,34,5,sscrn_lemniscate_tr0.25_d34_rep5_q16,sscrn_lemniscate_tr0.25_d34_rep5,0.7140000000000001,0.2024381484695678,0.67,0.24641484000394182,0.12,0.0,0.12,0.12,0.36215267440942206,0.0158275420963443,0.6355752665486673,1.2921613354653598,1.6278301246523166,-0.33566878918695675
16,lemniscate,0.25,34,6,sscrn_lemniscate_tr0.25_d34_rep6_q16,sscrn_lemniscate_tr0.25_d34_rep6,0.6934,0.20781450053867861,0.67,0.21926633930072648,0.11,0.0,0.11,0.11,0.3753925691179696,0.019251768854527656,0.6162360366000196,1.299752216085108,1.612294686284425,-0.3125424701993169
16,lemniscate,0.25,34,7,sscrn_lemniscate_tr0.25_d34_rep7_q16,sscrn_lemniscate_tr0.25_d34_rep7,0.7120000000000001,0.2463080289058132,0.7,0.2869200079480283,0.1,0.0,0.1,0.1,0.403386407624648,-0.015334004553626407,0.6185777928900777,1.3075376009374842,1.6303577630364523,-0.32282016209896813
16,lemniscate,0.35,12,0,sscrn_lemniscate_tr0.35_d12_rep0_q16,sscrn_lemniscate_tr0.35_d12_rep0,0.838,1.9708497579698834,0.78,2.2185317366099704,0.45,0.0,0.45,0.45,0.128946619879797,0.010666103950277062,0.18785144271508983,1.0311536572451847,0.6168517421142042,0.41430191513098047
16,lemniscate,0.35,12,1,sscrn_lemniscate_tr0.35_d12_rep1_q16,sscrn_lemniscate_tr0.35_d12_rep1,0.7202,0.6193408732227088,0.64,0.8029810044815164,0.21,0.0,0.21,0.19,0.07011925784647581,0.00466753837605345,0.1408818156196399,0.4860453151875147,0.6230195577081633,-0.1369742425206486
16,lemniscate,0.35,12,2,sscrn_lemniscate_tr0.35_d12_rep2_q16,sscrn_lemniscate_tr0.35_d12_rep2,0.7609999999999999,1.0416290947661202,0.68,1.2222665891237134,0.28,0.0,0.28,0.27,0.09232687255168182,-0.0030940563655323062,0.2019176433570503,0.736858017987406,0.9698949388340364,-0.2330369208466304
16,lemniscate,0.35,12,3,sscrn_lemniscate_tr0.35_d12_rep3_q16,sscrn_lemniscate_tr0.35_d12_rep3,0.7837999999999999,1.0458776869290585,0.76,1.2842050684056412,0.19,0.0,0.19,0.18,0.1426997599868564,0.008062324354311716,0.19794511468034787,0.7092809312372441,0.6153581219308708,0.09392280930637331
16,lemniscate,0.35,12,4,sscrn_lemniscate_tr0.35_d12_rep4_q16,sscrn_lemniscate_tr0.35_d12_rep4,0.9328,2.893621718290904,0.94,3.209907733709701,0.41,0.0,0.41,0.41,0.3885206041297001,-0.0068806836767336494,0.5601044591884373,1.2080995516335353,0.9613379189419917,0.2467616326915436
16,lemniscate,0.35,12,5,sscrn_lemniscate_tr0.35_d12_rep5_q16,sscrn_lemniscate_tr0.35_d12_rep5,0.9181999999999999,2.891143342996911,0.89,3.197960231934335,0.41,0.0,0.41,0.41,0.3377524521471789,0.006717741909117171,0.3602333118727732,1.2530657995702423,0.5824912323949653,0.6705745671752771
16,lemniscate,0.35,12,6,sscrn_lemniscate_tr0.35_d12_rep6_q16,sscrn_lemniscate_tr0.35_d12_rep6,0.6596,0.23349398150038123,0.53,0.3146845424622502,0.07,0.0,0.07,0.06,0.04166346163674587,-0.002455390668622471,0.11504956178557331,0.22786357980096072,0.580705797577439,-0.3528422177764783
16,lemniscate,0.35,12,7,sscrn_lemniscate_tr0.35_d12_rep7_q16,sscrn_lemniscate_tr0.35_d12_rep7,0.6681999999999999,0.22426394011833534,0.53,0.2865482314799732,0.08,0.0,0.08,0.05,0.03887870060134763,-0.003854286788085065,0.10882163275866696,0.22439560448341042,0.5820434226627659,-0.3576478181793554
16,lemniscate,0.35,34,0,sscrn_lemniscate_tr0.35_d34_rep0_q16,sscrn_lemniscate_tr0.35_d34_rep0,0.7376,0.4919860496907094,0.82,0.8957336398898438,0.11,0.0,0.11,0.11,0.4175439971816288,0.009489603359298689,0.5329157300916163,1.0848539796092558,1.605345056900923,-0.5204910772916673
16,lemniscate,0.35,34,1,sscrn_lemniscate_tr0.35_d34_rep1_q16,sscrn_lemniscate_tr0.35_d34_rep1,0.7602,0.46730911377577206,0.87,0.9744499090804123,0.1,0.0,0.1,0.1,0.40429520147340764,0.008084816680840696,0.540455644212638,1.0270925705564686,1.608697666482172,-0.5816050959257033
16,lemniscate,0.35,34,2,sscrn_lemniscate_tr0.35_d34_rep2_q16,sscrn_lemniscate_tr0.35_d34_rep2,0.7402,0.47232915137912523,0.91,1.0175241589065869,0.1,0.0,0.1,0.1,0.43253371418873787,-0.003095441458523293,0.5570163546546427,1.0282892932057757,1.6056558419589457,-0.5773665487531701
16,lemniscate,0.35,34,3,sscrn_lemniscate_tr0.35_d34_rep3_q16,sscrn_lemniscate_tr0.35_d34_rep3,0.7559999999999999,0.5057624960718182,0.87,1.0094000386961144,0.09,0.0,0.09,0.09,0.40056654147868953,0.004408951725771163,0.5164342487153085,1.031296083283245,1.6065767166966656,-0.5752806334134206
16,lemniscate,0.35,34,4,sscrn_lemniscate_tr0.35_d34_rep4_q16,sscrn_lemniscate_tr0.35_d34_rep4,0.7807999999999999,0.43344807823907133,0.86,0.8947111132298663,0.11,0.0,0.11,0.11,0.36094324090073027,-0.007429071439400726,0.5156526354792724,0.9965915079640387,1.6145751514075097,-0.617983643443471
16,lemniscate,0.35,34,5,sscrn_lemniscate_tr0.35_d34_rep5_q16,sscrn_lemniscate_tr0.35_d34_rep5,0.7678,0.5741577081546249,0.87,1.1160486567095327,0.1,0.0,0.1,0.1,0.3847952246270865,0.0007213177484969537,0.5555879550465727,1.0259696399987963,1.6128497112033662,-0.5868800712045699
16,lemniscate,0.35,34,6,sscrn_lemniscate_tr0.35_d34_rep6_q16,sscrn_lemniscate_tr0.35_d34_rep6,0.7678,0.45650682022918454,0.93,0.9747949259875095,0.11,0.0,0.11,0.11,0.42191411739317275,-0.033489825545307994,0.5487285473672371,1.0179892134702362,1.6312898384629502,-0.613300624992714
16,lemniscate,0.35,34,7,sscrn_lemniscate_tr0.35_d34_rep7_q16,sscrn_lemniscate_tr0.35_d34_rep7,0.7637999999999999,0.510649260336044,0.83,0.9784923039355472,0.1,0.0,0.1,0.1,0.3518248575826563,0.003608397812222911,0.5136370736634215,0.9874281258606015,1.5979086377356906,-0.6104805118750891
16,square,0.25,12,0,sscrn_square_tr0.25_d12_rep0_q16,sscrn_square_tr0.25_d12_rep0,0.2554,0.1412397578347503,0.22,0.14726231354826672,0.07,0.0,0.0,0.07,0.07223827183007846,-0.0006277106580515298,0.1577687597573485,0.3373392117090724,0.5072429986265539,-0.16990378691748148
16,square,0.25,12,1,sscrn_square_tr0.25_d12_rep1_q16,sscrn_square_tr0.25_d12_rep1,0.3126,0.1461014511037954,0.3,0.16377704337295565,0.07,0.0,0.0,0.07,0.0828482656999701,-0.0004388143980292303,0.15631946142658545,0.3650479944315303,0.49601387556749793,-0.13096588113596763
16,square,0.25,12,2,sscrn_square_tr0.25_d12_rep2_q16,sscrn_square_tr0.25_d12_rep2,0.2466,0.14558234745910956,0.22,0.1593699663606221,0.07,0.0,0.0,0.07,0.06441592334369435,-0.0006212633563848054,0.15690523665916212,0.3172402265157597,0.5218787993078371,-0.20463857279207737
16,square,0.25,12,3,sscrn_square_tr0.25_d12_rep3_q16,sscrn_square_tr0.25_d12_rep3,0.32020000000000004,0.15169369258821055,0.34,0.18185580444584928,0.07,0.0,0.0,0.07,0.08269066094329106,-1.900182623654156e-05,0.1521237335749223,0.35396167268901535,0.5318500647775491,-0.1778883920885338
16,square,0.25,12,4,sscrn_square_tr0.25_d12_rep4_q16,sscrn_square_tr0.25_d12_rep4,0.2906,0.1472466617149046,0.27,0.16252802894443985,0.07,0.0,0.0,0.07,0.07806770068304177,-0.0009859370714858106,0.1758606962750023,0.35155007756592394,0.532506780661125,-0.18095670309520107
16,square,0.25,12,5,sscrn_square_tr0.25_d12_rep5_q16,sscrn_square_tr0.25_d12_rep5,0.2432,0.14415339979082362,0.22,0.15936996636062212,0.07,0.0,0.0,0.07,0.06530236280995402,-0.000949424465821072,0.1566640149630883,0.3227894846218697,0.5223199561068038,-0.19953047148493414
16,square,0.25,12,6,sscrn_square_tr0.25_d12_rep6_q16,sscrn_square_tr0.25_d12_rep6,0.31620000000000004,0.13778298296410693,0.27,0.14722069164983625,0.07,0.0,0.0,0.07,0.06803819675332552,-0.0005907323046836837,0.15695531033503451,0.33192176603153206,0.5103900102098927,-0.17846824417836066
16,square,0.25,12,7,sscrn_square_tr0.25_d12_rep7_q16,sscrn_square_tr0.25_d12_rep7,0.3206,0.1449882555450016,0.3,0.16377704337295565,0.07,0.0,0.0,0.07,0.07791188349856927,-2.652777247633103e-05,0.1299547443331301,0.35183960909532136,0.5039970720252482,-0.15215746292992688
16,square,0.25,34,0,sscrn_square_tr0.25_d34_rep0_q16,sscrn_square_tr0.25_d34_rep0,0.6766,0.28610900979846565,0.64,0.31258772119989986,0.05,0.0,0.0,0.05,0.7059991207466157,-0.032033551628817436,0.7584646437816983,1.3004157054824284,1.429697569586352,-0.12928186410392373
16,square,0.25,34,1,sscrn_square_tr0.25_d34_rep1_q16,sscrn_square_tr0.25_d34_rep1,0.6678000000000001,0.2613275630711227,0.64,0.2733315676843292,0.02,0.0,0.0,0.02,0.7077886469389397,-0.020538285694300565,0.7400904754963301,1.2753971434189404,1.426701590693884,-0.15130444727494363
16,square,0.25,34,2,sscrn_square_tr0.25_d34_rep2_q16,sscrn_square_tr0.25_d34_rep2,0.6531999999999999,0.26775735929369954,0.62,0.2986004513588686,0.02,0.0,0.0,0.02,0.6806221021833243,-0.016871407374013183,0.7533182758026183,1.2689261932132085,1.4432748299748621,-0.17434863676165357
16,square,0.25,34,3,sscrn_square_tr0.25_d34_rep3_q16,sscrn_square_tr0.25_d34_rep3,0.667,0.25870776830188985,0.64,0.3006280286527293,0.02,0.0,0.0,0.02,0.6796226074054443,-0.020717462958449458,0.7396047217823728,1.2958589116480097,1.469556221006786,-0.17369730935877636
16,square,0.25,34,4,sscrn_square_tr0.25_d34_rep4_q16,sscrn_square_tr0.25_d34_rep4,0.684,0.2646319014671639,0.68,0.28504039091935246,0.02,0.0,0.0,0.02,0.6974623948980797,-0.004792062970478367,0.7617786503354368,1.277389005430745,1.413119924464639,-0.135730919033894
16,square,0.25,34,5,sscrn_square_tr0.25_d34_rep5_q16,sscrn_square_tr0.25_d34_rep5,0.634,0.2336139705643857,0.56,0.2698232029391246,0.02,0.0,0.0,0.02,0.7166628086961523,0.001286285016212922,0.6746325517711355,1.332473436684905,1.42597926223773,-0.09350582555282516
16,square,0.25,34,6,sscrn_square_tr0.25_d34_rep6_q16,sscrn_square_tr0.25_d34_rep6,0.6514,0.2634838283966948,0.62,0.29426499633237374,0.02,0.0,0.0,0.02,0.7043717093005671,-0.025216278329794884,0.7829697686148063,1.3126891542682055,1.4266545577207557,-0.11396540345255013
16,square,0.25,34,7,sscrn_square_tr0.25_d34_rep7_q16,sscrn_square_tr0.25_d34_rep7,0.6712,0.2665614372882275,0.65,0.28250764568140524,0.02,0.0,0.0,0.02,0.6848166955177982,-0.018997242254767267,0.7627544423376672,1.26469270909363,1.4326064410609318,-0.16791373196730186
16,square,0.35,12,0,sscrn_square_tr0.35_d12_rep0_q16,sscrn_square_tr0.35_d12_rep0,0.36,0.21096230381615477,0.55,0.37205579369485564,0.06,0.0,0.0,0.06,0.034641983010683275,-0.00044599898729182774,0.14371783011790137,0.21979031111092687,0.5330991603424361,-0.31330884923150926
16,square,0.35,12,1,sscrn_square_tr0.35_d12_rep1_q16,sscrn_square_tr0.35_d12_rep1,0.4236,0.22409239640158357,0.66,0.41367925615709483,0.05,0.0,0.0,0.05,0.0529580196427717,-0.0002112283889052272,0.11324574337005179,0.2577793168626431,0.49797607891363804,-0.24019676205099494
16,square,0.35,12,2,sscrn_square_tr0.35_d12_rep2_q16,sscrn_square_tr0.35_d12_rep2,0.4242,0.246864009816535,0.7,0.46644165744194666,0.05,0.0,0.0,0.05,0.04193413205406301,-0.00023118183461144862,0.13539070849487939,0.23404431840047574,0.5479805919722822,-0.3139362735718065
16,square,0.35,12,3,sscrn_square_tr0.35_d12_rep3_q16,sscrn_square_tr0.35_d12_rep3,0.2724,0.16734002040861068,0.28,0.22486533780369988,0.06,0.0,0.0,0.06,0.0416898373004517,-0.0006985305780740387,0.14039523631838038,0.2666756859697151,0.5211724593724482,-0.2544967734027331
16,square,0.35,12,4,sscrn_square_tr0.35_d12_rep4_q16,sscrn_square_tr0.35_d12_rep4,0.4208,0.24695888705027522,0.7,0.46425921436538625,0.06,0.0,0.0,0.06,0.03802593977039386,-0.0002802351200896777,0.13075537691370573,0.2400100105087177,0.5200334249929129,-0.2800234144841952
16,square,0.35,12,5,sscrn_square_tr0.35_d12_rep5_q16,sscrn_square_tr0.35_d12_rep5,0.4036,0.25034199469951235,0.64,0.45838410963429543,0.07,0.0,0.0,0.07,0.043120426637754394,-0.0003833060766795204,0.12665703524627397,0.22930834198701497,0.5127459725693387,-0.28343763058232374
16,square,0.35,12,6,sscrn_square_tr0.35_d12_rep6_q16,sscrn_square_tr0.35_d12_rep6,0.3184,0.19965111549449888,0.41,0.32051240675111126,0.06,0.0,0.0,0.06,0.03581924134842982,-0.0008252648924765656,0.1347123889751208,0.2449980036233271,0.5137780147059147,-0.26878001108258753
16,square,0.35,12,7,sscrn_square_tr0.35_d12_rep7_q16,sscrn_square_tr0.35_d12_rep7,0.37420000000000003,0.24526022414922088,0.6,0.4492721791447611,0.07,0.0,0.0,0.07,0.03864958343091781,-0.00027273989840914166,0.12707003195228633,0.24197491569418272,0.5034668628163881,-0.26149194712220536
16,square,0.35,34,0,sscrn_square_tr0.35_d34_rep0_q16,sscrn_square_tr0.35_d34_rep0,0.6616,0.3871943606039383,0.8,0.6976599283999674,0.1,0.0,0.0,0.1,0.4561106368056989,-0.0025688339609382686,0.8158002293924795,0.9964554983604812,1.417451815092734,-0.4209963167322528
16,square,0.35,34,1,sscrn_square_tr0.35_d34_rep1_q16,sscrn_square_tr0.35_d34_rep1,0.6734,0.4275532504484637,0.81,0.8284960411746958,0.1,0.0,0.0,0.1,0.4409927897591266,-0.01865161958544131,0.8520222622539039,0.9808204431615954,1.4021826573022322,-0.4213622141406368
16,square,0.35,34,2,sscrn_square_tr0.35_d34_rep2_q16,sscrn_square_tr0.35_d34_rep2,0.7432,0.5077121203794203,0.92,1.0467986653283903,0.12,0.0,0.0,0.12,0.40526673281533476,-0.03099915168565831,0.7944550295999572,0.9239873217559942,1.4247744285070083,-0.5007871067510141
16,square,0.35,34,3,sscrn_square_tr0.35_d34_rep3_q16,sscrn_square_tr0.35_d34_rep3,0.723,0.49181016821051093,0.94,0.9990715187607522,0.13,0.0,0.0,0.13,0.45738178341721164,-0.03474075294367648,0.7441632689995543,0.9835086181954212,1.4295464880192383,-0.4460378698238171
16,square,0.35,34,4,sscrn_square_tr0.35_d34_rep4_q16,sscrn_square_tr0.35_d34_rep4,0.6844,0.4505185379066006,0.85,0.911666294530318,0.09,0.0,0.0,0.09,0.42246017899363303,-0.008995222960882163,0.7619278381617363,0.9155254986952936,1.4155673488575824,-0.5000418501622887
16,square,0.35,34,5,sscrn_square_tr0.35_d34_rep5_q16,sscrn_square_tr0.35_d34_rep5,0.7140000000000001,0.5331407816526932,0.92,1.1155631540155477,0.13,0.0,0.0,0.13,0.4484207284845789,-0.015799726014533534,0.7860219899818215,0.966475232637643,1.4344421031040608,-0.46796687046641783
16,square,0.35,34,6,sscrn_square_tr0.35_d34_rep6_q16,sscrn_square_tr0.35_d34_rep6,0.6809999999999999,0.4611168122577896,0.85,0.9094838514537574,0.13,0.0,0.0,0.13,0.436464904937889,-0.025993341529382128,0.7652984914754919,0.9539488678756094,1.4307996047093694,-0.47685073683376
16,square,0.35,34,7,sscrn_square_tr0.35_d34_rep7_q16,sscrn_square_tr0.35_d34_rep7,0.715,0.5086864900508621,0.9,1.0449484794263406,0.1,0.0,0.0,0.1,0.406758989071696,-0.029456096372163808,0.7637162105527135,0.9310398975651681,1.4285200014790869,-0.4974801039139187
16,zigzag,0.25,12,0,sscrn_zigzag_tr0.25_d12_rep0_q16,sscrn_zigzag_tr0.25_d12_rep0,0.5936,0.8344358361660863,0.53,0.860333395096075,0.1,0.25,0.0,0.1,0.7089861813680642,0.018489408920494825,1.064442863006558,1.2433137360903632,1.395279718667635,-0.15196598257727167
16,zigzag,0.25,12,1,sscrn_zigzag_tr0.25_d12_rep1_q16,sscrn_zigzag_tr0.25_d12_rep1,0.539,0.7983005095495425,0.49,0.8189295148848594,0.11,0.24,0.0,0.11,0.7129440157655892,0.03907621821996977,0.9817863780877366,1.2170333825435689,1.4132395112446567,-0.1962061287010879
16,zigzag,0.25,12,2,sscrn_zigzag_tr0.25_d12_rep2_q16,sscrn_zigzag_tr0.25_d12_rep2,0.6275999999999999,0.7150843926195044,0.59,0.7724410479084304,0.08,0.22,0.0,0.08,0.6573603046581057,0.018926969179234275,1.0237312356834993,1.3440283309208227,1.376330741303417,-0.03230241038259418
16,zigzag,0.25,12,3,sscrn_zigzag_tr0.25_d12_rep3_q16,sscrn_zigzag_tr0.25_d12_rep3,0.5576,0.7961014431754724,0.51,0.8163551477484817,0.09,0.24,0.0,0.09,0.7276296155863617,0.029521850969874815,0.9656257245885131,1.227737109230639,1.3932499700254495,-0.16551286079481042
16,zigzag,0.25,12,4,sscrn_zigzag_tr0.25_d12_rep4_q16,sscrn_zigzag_tr0.25_d12_rep4,0.603,0.7185786517966816,0.56,0.7690095904033543,0.11,0.22,0.0,0.11,0.7118579595453924,0.06429087355566747,0.982016647934469,1.3621476804576875,1.4121781653676342,-0.05003048490994666
16,zigzag,0.25,12,5,sscrn_zigzag_tr0.25_d12_rep5_q16,sscrn_zigzag_tr0.25_d12_rep5,0.5861999999999999,0.8409389185228642,0.51,0.8717041069415159,0.1,0.23,0.0,0.1,0.7226747667583998,0.010981604419028007,1.1451949077172054,1.3065386639782814,1.4200207338438267,-0.11348206986554521
16,zigzag,0.25,12,6,sscrn_zigzag_tr0.25_d12_rep6_q16,sscrn_zigzag_tr0.25_d12_rep6,0.6172,0.9891936932779477,0.55,1.0288910612647952,0.09,0.23,0.0,0.09,0.6440924352320145,0.030566612566870734,1.0253610321388589,1.291042975320725,1.4049781904965917,-0.11393521517586658
16,zigzag,0.25,12,7,sscrn_zigzag_tr0.25_d12_rep7_q16,sscrn_zigzag_tr0.25_d12_rep7,0.5834,0.7582379960283283,0.53,0.8063514105093332,0.09,0.23,0.0,0.09,0.6737076633870415,0.012195776486790263,1.0538831620894145,1.2966758274301746,1.4098340301308983,-0.11315820270072363
16,zigzag,0.25,34,0,sscrn_zigzag_tr0.25_d34_rep0_q16,sscrn_zigzag_tr0.25_d34_rep0,0.6638,0.2764058616423355,0.62,0.30808178029910893,0.27,0.1,0.0,0.27,0.9214824905553072,0.11618066405690246,1.270053896161026,1.7996341579537471,2.0350223499141373,-0.23538819196039018
16,zigzag,0.25,34,1,sscrn_zigzag_tr0.25_d34_rep1_q16,sscrn_zigzag_tr0.25_d34_rep1,0.6726000000000001,0.2947518740957788,0.65,0.34209848126676634,0.26,0.11,0.0,0.26,0.8520738788113971,-0.0025408849052239767,1.3120768837155694,1.7695692965436087,2.0281487520749786,-0.25857945553136985
16,zigzag,0.25,34,2,sscrn_zigzag_tr0.25_d34_rep2_q16,sscrn_zigzag_tr0.25_d34_rep2,0.6968,0.3260456932894873,0.68,0.34235968541622036,0.27,0.09,0.0,0.27,0.8358798098266398,0.039673658761014814,1.2402064335169678,1.7819928422726983,2.019669960224319,-0.23767711795162083
16,zigzag,0.25,34,3,sscrn_zigzag_tr0.25_d34_rep3_q16,sscrn_zigzag_tr0.25_d34_rep3,0.6666,0.26859546625753283,0.62,0.29510484634625067,0.27,0.11,0.0,0.27,0.8996235051522616,0.05863101498746789,1.2322349525439253,1.7904886632856685,2.036846412207718,-0.24635774892204942
16,zigzag,0.25,34,4,sscrn_zigzag_tr0.25_d34_rep4_q16,sscrn_zigzag_tr0.25_d34_rep4,0.6578,0.2724330194596132,0.62,0.3092469819699816,0.27,0.11,0.0,0.27,0.9144292922391718,0.05508948437196614,1.2658608463839358,1.792225508325582,2.0184732838613173,-0.22624777553573527
16,zigzag,0.25,34,5,sscrn_zigzag_tr0.25_d34_rep5_q16,sscrn_zigzag_tr0.25_d34_rep5,0.6648000000000001,0.26937519095337353,0.62,0.297257858296185,0.27,0.11,0.0,0.27,0.8924498030959869,0.07195762685793233,1.2624063300719863,1.7984286951792068,2.0337518655565416,-0.23532317037733486
16,zigzag,0.25,34,6,sscrn_zigzag_tr0.25_d34_rep6_q16,sscrn_zigzag_tr0.25_d34_rep6,0.6628000000000001,0.2730573750119581,0.6,0.30620216327043304,0.26,0.11,0.0,0.26,0.9336557059583563,0.0554500519949113,1.295642312315039,1.777517736510284,2.0163297834085308,-0.23881204689824664
16,zigzag,0.25,34,7,sscrn_zigzag_tr0.25_d34_rep7_q16,sscrn_zigzag_tr0.25_d34_rep7,0.7066,0.32391606285513275,0.71,0.35458058211284493,0.26,0.1,0.0,0.26,0.9464569237982311,0.18579344557976138,1.3794981701929565,1.8739534963135478,1.947453762355329,-0.07350026604178117
16,zigzag,0.35,12,0,sscrn_zigzag_tr0.35_d12_rep0_q16,sscrn_zigzag_tr0.35_d12_rep0,0.608,0.977149590102735,0.59,1.0907844893285008,0.06,0.24,0.0,0.06,0.6977553387179907,-0.0007575834964889285,0.5319396372748858,1.3469095624542327,1.4349476094942253,-0.08803804703999263
16,zigzag,0.35,12,1,sscrn_zigzag_tr0.35_d12_rep1_q16,sscrn_zigzag_tr0.35_d12_rep1,0.6006,0.851456390469674,0.67,1.0063702711273799,0.09,0.23,0.0,0.09,0.6723492809277493,-0.007684862013856676,0.9819488982701828,1.2407684510674333,1.4537437156387227,-0.21297526457128946
16,zigzag,0.35,12,2,sscrn_zigzag_tr0.35_d12_rep2_q16,sscrn_zigzag_tr0.35_d12_rep2,0.6066,1.1043692877571032,0.61,1.205062394445612,0.08,0.24,0.0,0.08,0.6174022799262381,-0.00919938826007621,0.9271084705310743,1.1919661394878205,1.3873484680702708,-0.1953823285824503
16,zigzag,0.35,12,3,sscrn_zigzag_tr0.35_d12_rep3_q16,sscrn_zigzag_tr0.35_d12_rep3,0.5980000000000001,1.0000892275479965,0.57,1.1023551181748639,0.08,0.24,0.0,0.08,0.6539393897253463,0.012659017983723929,0.9373456991891397,1.2944962656776287,1.3981864999106712,-0.10369023423304258
16,zigzag,0.35,12,4,sscrn_zigzag_tr0.35_d12_rep4_q16,sscrn_zigzag_tr0.35_d12_rep4,0.6264,1.0087154586154972,0.62,1.1094272805987329,0.09,0.24,0.0,0.09,0.7195973769761983,0.031858470239444034,1.0123513073646304,1.2911735691607,1.4135827466514086,-0.12240917749070857
16,zigzag,0.35,12,5,sscrn_zigzag_tr0.35_d12_rep5_q16,sscrn_zigzag_tr0.35_d12_rep5,0.6096,1.0632947588004182,0.62,1.1816256516862462,0.08,0.25,0.0,0.08,0.6785478711501179,0.057155795375212065,0.518026898373024,1.2551981426895678,1.4078669192220779,-0.1526687765325101
16,zigzag,0.35,12,6,sscrn_zigzag_tr0.35_d12_rep6_q16,sscrn_zigzag_tr0.35_d12_rep6,0.5962,0.833140275254607,0.58,0.950575241914784,0.07,0.23,0.0,0.07,0.6910051104984541,-0.0015349083487658124,0.9466017708431966,1.3172574447343584,1.3945605996675523,-0.07730315493319395
16,zigzag,0.35,12,7,sscrn_zigzag_tr0.35_d12_rep7_q16,sscrn_zigzag_tr0.35_d12_rep7,0.6292,0.9475593587669506,0.65,1.1185195458381658,0.09,0.22,0.0,0.09,0.6825862623013356,0.026737163071341566,1.0338610112240714,1.3546685459282628,1.4186324534819081,-0.06396390755364534
16,zigzag,0.35,34,0,sscrn_zigzag_tr0.35_d34_rep0_q16,sscrn_zigzag_tr0.35_d34_rep0,0.6901999999999999,0.4366676002600368,0.66,0.6552337572000471,0.25,0.11,0.0,0.24,0.8479015859087219,0.00671283382533871,1.2907047853005649,1.6560007017781275,2.0128732159298517,-0.35687251415172416
16,zigzag,0.35,34,1,sscrn_zigzag_tr0.35_d34_rep1_q16,sscrn_zigzag_tr0.35_d34_rep1,0.6709999999999999,0.4401893297670614,0.61,0.660805466922471,0.24,0.1,0.0,0.24,0.7998307501391081,0.11116873878606985,1.266433429776709,1.5933821886578954,1.937335455004475,-0.34395326634657963
16,zigzag,0.35,34,2,sscrn_zigzag_tr0.35_d34_rep2_q16,sscrn_zigzag_tr0.35_d34_rep2,0.7092,0.4140845286826865,0.71,0.6049911057492833,0.25,0.12,0.0,0.25,0.8197133808191258,0.09511484217784123,1.3141247713263378,1.672056583049792,1.9397678112379042,-0.2677112281881122
16,zigzag,0.35,34,3,sscrn_zigzag_tr0.35_d34_rep3_q16,sscrn_zigzag_tr0.35_d34_rep3,0.6674,0.3909011650661618,0.66,0.5966895941469998,0.21,0.12,0.0,0.2,0.8084086261927483,0.02809233232677313,1.3397822063918523,1.5934472885484692,1.9801055243334773,-0.38665823578500813
16,zigzag,0.35,34,4,sscrn_zigzag_tr0.35_d34_rep4_q16,sscrn_zigzag_tr0.35_d34_rep4,0.6942,0.4478731932860769,0.69,0.6705358092403609,0.23,0.11,0.0,0.22,0.7834832800814495,0.11486597467025826,1.275406586350366,1.597361750517126,2.000515958143025,-0.40315420762589893
16,zigzag,0.35,34,5,sscrn_zigzag_tr0.35_d34_rep5_q16,sscrn_zigzag_tr0.35_d34_rep5,0.6662,0.3944447311870538,0.64,0.5946620168531391,0.23,0.12,0.0,0.23,0.8411406847913913,0.04848641748934684,1.3267069615196823,1.6296590751188924,1.9359927185289945,-0.30633364341010205
16,zigzag,0.35,34,6,sscrn_zigzag_tr0.35_d34_rep6_q16,sscrn_zigzag_tr0.35_d34_rep6,0.6751999999999999,0.3787402904079568,0.65,0.5690359254996981,0.21,0.12,0.0,0.21,0.8304884946695331,-0.0384073192585122,1.3359259448005452,1.6064044250397107,2.0243805575075875,-0.4179761324678768
16,zigzag,0.35,34,7,sscrn_zigzag_tr0.35_d34_rep7_q16,sscrn_zigzag_tr0.35_d34_rep7,0.7148,0.4353333767145533,0.73,0.6893931331785997,0.22,0.11,0.0,0.22,0.824764821324829,0.0783902779387626,1.3711597334027754,1.6676719447439776,1.9446899475864767,-0.2770180028424991
