q_dirs,traj,tr,delay,rep,paired_id,vote_bin_switch_rate,vote_switch_chord2_mean,agg_cell_switch_rate,agg_cell_jump_chord2_mean,agg_boundary_proximity_mean,path_event_rate,endpoint_wrap_rate,branch_event_rate,vote_path_coincident_rate,positive_err2_increment_t3,positive_err2_increment_honest,counterfactual_event_cost_mean,positive_counterfactual_event_cost,rmse_t3,rmse_honest,rmse_gap_t3_minus_honest
4,circle,0.25,12,0,q4_circle_tr0.25_d12_rep0,0.2452,0.4904,0.25,0.5,0.1205582928913587,0.0,0.0,0.0,0.0,0.33293071626954396,0.3321095052303165,0.001089206793037292,0.5434413027729839,0.7282885898722526,0.7255857719978774,0.0027028178743752074
4,circle,0.25,12,1,q4_circle_tr0.25_d12_rep1,0.2848,0.5696,0.29,0.58,0.10552595665128651,0.0,0.0,0.0,0.0,0.3667381655502316,0.34840032014285144,0.010983769527150213,0.5517302057837544,0.7605249763867881,0.7419590463502649,0.01856593003652318
4,circle,0.25,12,2,q4_circle_tr0.25_d12_rep2,0.2632,0.5264,0.27,0.54,0.09915014613108047,0.0,0.0,0.0,0.0,0.36468107038425296,0.34638070493893197,0.017468780984668593,0.5574532492995873,0.7516547049785346,0.7515233573260152,0.00013134765251943126
4,circle,0.25,12,3,q4_circle_tr0.25_d12_rep3,0.2532,0.5064,0.26,0.52,0.10920660326538488,0.0,0.0,0.0,0.0,0.3269652845738606,0.3675932413889039,-0.0007992483115856746,0.4971692765084941,0.7130218443659214,0.7688146980250057,-0.05579285365908426
4,circle,0.25,12,4,q4_circle_tr0.25_d12_rep4,0.25079999999999997,0.5016,0.24,0.48,0.10316994204368508,0.0,0.0,0.0,0.0,0.31014002936443935,0.3526244505482779,-0.0006184418123530175,0.3783723764695835,0.7062426625528616,0.7604978852496089,-0.05425522269674732
4,circle,0.25,12,5,q4_circle_tr0.25_d12_rep5,0.24480000000000002,0.48960000000000004,0.25,0.5,0.10534866216175455,0.0,0.0,0.0,0.0,0.3462501686326968,0.37825408954569356,-0.01844462765286687,0.5421230987015534,0.7544243586102231,0.7853733331289761,-0.030948974518753003
4,circle,0.25,12,6,q4_circle_tr0.25_d12_rep6,0.24059999999999998,0.48119999999999996,0.25,0.5,0.09522668295095396,0.0,0.0,0.0,0.0,0.3602819027134995,0.3233023284299701,0.016443108739208886,0.49069244776208254,0.7523946650109813,0.7084609966611428,0.04393366834983847
4,circle,0.25,12,7,q4_circle_tr0.25_d12_rep7,0.2426,0.48519999999999996,0.24,0.48,0.09798219838183984,0.0,0.0,0.0,0.0,0.3347747532728129,0.3851776687736036,0.001917703496318053,0.4094276031757329,0.7219365006756747,0.801958006983521,-0.08002150630784632
4,circle,0.25,34,0,q4_circle_tr0.25_d34_rep0,0.192,0.384,0.19,0.38,0.0690708440525434,0.0,0.0,0.0,0.0,0.946761234747858,0.9974912606081744,-0.03810621955348184,1.4123745379845647,1.5294900621972787,1.7468463689017932,-0.21735630670451456
4,circle,0.25,34,1,q4_circle_tr0.25_d34_rep1,0.19519999999999998,0.39039999999999997,0.19,0.38,0.07518079164485261,0.0,0.0,0.0,0.0,0.9682682848477961,0.9264968849193741,-0.012355134961416327,1.3228668278532245,1.5625281037698313,1.66805566943761,-0.10552756566777877
4,circle,0.25,34,2,q4_circle_tr0.25_d34_rep2,0.1938,0.3876,0.19,0.38,0.079434280649577,0.0,0.0,0.0,0.0,1.0052046583327288,0.9305470922796911,-0.007832612409970414,1.3201078330342264,1.6213326275307074,1.698615343632814,-0.07728271610210657
4,circle,0.25,34,3,q4_circle_tr0.25_d34_rep3,0.2032,0.4064,0.2,0.4,0.0908277322627958,0.0,0.0,0.0,0.0,1.0141839949020195,0.8893824889873034,0.07480524875069346,1.3751377659346442,1.6185153597975543,1.62183130976836,-0.003315949970805754
4,circle,0.25,34,4,q4_circle_tr0.25_d34_rep4,0.1948,0.3896,0.19,0.38,0.08849134245764341,0.0,0.0,0.0,0.0,0.9685170631515964,0.9758133178783434,-0.001479862466640872,1.218864199357832,1.5663867107461416,1.7611780739368654,-0.19479136319072388
4,circle,0.25,34,5,q4_circle_tr0.25_d34_rep5,0.19940000000000002,0.39879999999999993,0.2,0.4,0.08192204015587651,0.0,0.0,0.0,0.0,1.0010578722903571,0.8964398902150115,0.03654456315642159,1.3187484549327277,1.6017262002748156,1.6371986747191387,-0.03547247444432311
4,circle,0.25,34,6,q4_circle_tr0.25_d34_rep6,0.2046,0.4092,0.2,0.4,0.09548164576541426,0.0,0.0,0.0,0.0,0.967839055034298,0.9260915451847823,0.054518574023688995,1.5881959003706887,1.5740275341741004,1.684819557102753,-0.11079202292865276
4,circle,0.25,34,7,q4_circle_tr0.25_d34_rep7,0.1968,0.3936,0.19,0.38,0.07657592181863487,0.0,0.0,0.0,0.0,0.930099017956019,0.966006667366832,-0.0020975915748394918,1.2823474660782108,1.509303398833183,1.725248639631193,-0.21594524079801003
4,circle,0.35,12,0,q4_circle_tr0.35_d12_rep0,0.3114,0.6228,0.31,0.62,0.1914919370332961,0.0,0.0,0.0,0.0,0.39789469189053706,0.3835533407713968,-0.020502796489367633,0.560123572984202,0.718181242873875,0.7780887496016319,-0.05990750672775691
4,circle,0.35,12,1,q4_circle_tr0.35_d12_rep1,0.31379999999999997,0.6275999999999999,0.33,0.66,0.20920571047084,0.0,0.0,0.0,0.0,0.40692234715910675,0.3355220004731963,0.01127130468497179,0.49920241143924243,0.7408553037702067,0.7196686295498695,0.021186674220337154
4,circle,0.35,12,2,q4_circle_tr0.35_d12_rep2,0.3152,0.6304,0.32,0.64,0.2019576860519665,0.0,0.0,0.0,0.0,0.3880775988337135,0.3844886191408787,0.009083185787770202,0.5615948099423265,0.6928682306375656,0.8467296491864568,-0.15386141854889113
4,circle,0.35,12,3,q4_circle_tr0.35_d12_rep3,0.3148,0.6296,0.32,0.64,0.20226846277682525,0.0,0.0,0.0,0.0,0.3961990743700322,0.3792369236063405,0.005395392830367347,0.5719854341173022,0.703971457213584,0.7977251804806557,-0.09375372326707165
4,circle,0.35,12,4,q4_circle_tr0.35_d12_rep4,0.252,0.504,0.25,0.5,0.16051375336661178,0.0,0.0,0.0,0.0,0.38084379586042383,0.35832910366302695,0.00855863874676698,0.5469223472312199,0.8161388103628172,0.7715255515701558,0.044613258792661425
4,circle,0.35,12,5,q4_circle_tr0.35_d12_rep5,0.2828,0.5656,0.29,0.58,0.17272137008407043,0.0,0.0,0.0,0.0,0.40248356367931337,0.3889416439190472,0.006750759080995354,0.5745832927861134,0.7838071349803531,0.7944927827039469,-0.010685647723593705
4,circle,0.35,12,6,q4_circle_tr0.35_d12_rep6,0.3064,0.6128,0.31,0.62,0.18069808813841332,0.0,0.0,0.0,0.0,0.3979389290022121,0.3849480676081305,0.013248680796899243,0.5398271163121711,0.7262868522488756,0.7966359098991296,-0.07034905765025401
4,circle,0.35,12,7,q4_circle_tr0.35_d12_rep7,0.26539999999999997,0.5307999999999999,0.27,0.54,0.16173030446001246,0.0,0.0,0.0,0.0,0.4193004607477077,0.38327274415563345,0.013423353725421971,0.5401095577630877,0.7944444455866444,0.7932825022587623,0.001161943327882109
4,circle,0.35,34,0,q4_circle_tr0.35_d34_rep0,0.18280000000000002,0.36560000000000004,0.18,0.36,0.11693499677411291,0.0,0.0,0.0,0.0,1.0130403286502294,0.9139657158988082,0.02051315861198828,1.2360788581671769,1.5272270469133662,1.6675327717710509,-0.14030572485768467
4,circle,0.35,34,1,q4_circle_tr0.35_d34_rep1,0.182,0.364,0.18,0.36,0.11332319303841418,0.0,0.0,0.0,0.0,0.9576566754168316,0.9103776624351417,0.0007472596754714572,1.0958680490408401,1.4696985745164084,1.7242574950165406,-0.2545589205001322
4,circle,0.35,34,2,q4_circle_tr0.35_d34_rep2,0.1812,0.3624,0.18,0.36,0.11665522077094707,0.0,0.0,0.0,0.0,0.8979454967737018,0.8343257787435043,0.013720341377076693,1.199713785816652,1.4546375138850098,1.5519100994530444,-0.09727258556803453
4,circle,0.35,34,3,q4_circle_tr0.35_d34_rep3,0.2306,0.4612,0.24,0.48,0.1601871756630346,0.0,0.0,0.0,0.0,0.9368106233245197,0.9268555417823419,-0.007760868231265352,1.0509802022471415,1.453822803054335,1.678421454074951,-0.22459865102061594
4,circle,0.35,34,4,q4_circle_tr0.35_d34_rep4,0.1808,0.3616,0.18,0.36,0.11140347187457107,0.0,0.0,0.0,0.0,1.0025799326248508,0.9682000518074855,0.010322579398284062,1.1686310831441784,1.4853789126446213,1.7417655892198785,-0.25638667657525716
4,circle,0.35,34,5,q4_circle_tr0.35_d34_rep5,0.183,0.366,0.18,0.36,0.12749045210856644,0.0,0.0,0.0,0.0,0.9302464698971958,0.9540557332043575,-0.015555443017578992,1.1756099178598847,1.4579179892021836,1.6974101135290254,-0.23949212432684175
4,circle,0.35,34,6,q4_circle_tr0.35_d34_rep6,0.192,0.384,0.19,0.38,0.12135373061009147,0.0,0.0,0.0,0.0,0.9351176737480035,0.9687648852647229,0.012100947203007506,1.2836654205236715,1.432182828819168,1.7071012912093093,-0.2749184623901413
4,circle,0.35,34,7,q4_circle_tr0.35_d34_rep7,0.1884,0.3768,0.19,0.38,0.1241032497921909,0.0,0.0,0.0,0.0,0.8864312949533197,0.9728582234420995,0.031396166879977226,1.3504394953290628,1.443443630232278,1.7204232743409602,-0.27697964410868225
4,lemniscate,0.25,12,0,q4_lemniscate_tr0.25_d12_rep0,0.3384,0.6816,0.35,0.7,0.09923132232383398,0.18,0.0,0.18,0.18,0.29150092348294443,0.3879990599332057,-0.006231307584392637,0.47141208130343615,0.6280946515246786,0.8225938258222678,-0.19449917429758923
4,lemniscate,0.25,12,1,q4_lemniscate_tr0.25_d12_rep1,0.268,0.5379999999999999,0.27,0.54,0.08496751923039511,0.22,0.0,0.22,0.21,0.3353523300226993,0.38989045125376837,-0.007682250223772046,0.3373903511245789,0.6409447676532749,0.826498794259596,-0.18555402660632114
4,lemniscate,0.25,12,2,q4_lemniscate_tr0.25_d12_rep2,0.45880000000000004,1.3684,0.49,1.5,0.13335395137706285,0.3,0.0,0.3,0.29,0.3104044130628323,0.38593078686892535,0.007087568279362955,0.5199044068784999,0.8817897336320515,0.8202158476995648,0.061573885932486694
4,lemniscate,0.25,12,3,q4_lemniscate_tr0.25_d12_rep3,0.7654000000000001,2.8308,0.84,3.18,0.17462685577114723,0.59,0.0,0.59,0.59,0.23503762777849438,0.38688073478858903,0.01820610600071285,0.4421617914018629,1.256798992033299,0.8231439985234074,0.43365499350989156
4,lemniscate,0.25,12,4,q4_lemniscate_tr0.25_d12_rep4,0.7656000000000001,2.8207999999999998,0.84,3.14,0.17835132912784918,0.42,0.0,0.42,0.42,0.3177577209984946,0.3877681524599787,0.01661650742204777,0.34981892723662106,1.2547656459469598,0.8228571816907746,0.43190846425618523
4,lemniscate,0.25,12,5,q4_lemniscate_tr0.25_d12_rep5,0.2716,0.5472,0.27,0.54,0.08642008922910849,0.21,0.0,0.21,0.2,0.33298216260287095,0.3887028804830388,-0.005038131260602169,0.3356525339584267,0.6444275346220325,0.8220606050707291,-0.17763307044869658
4,lemniscate,0.25,12,6,q4_lemniscate_tr0.25_d12_rep6,0.33899999999999997,0.7123999999999999,0.35,0.74,0.11388340209110974,0.17,0.0,0.17,0.17,0.33293854440382153,0.38424220790205627,0.008368397067493314,0.44917863073495307,0.675078547155817,0.8265017358622412,-0.15142318870642413
4,lemniscate,0.25,12,7,q4_lemniscate_tr0.25_d12_rep7,0.6716,2.3596,0.74,2.66,0.1643644399078324,0.37,0.0,0.37,0.37,0.32987189975294967,0.3882482411690627,0.015174288420561241,0.4959650747013403,1.1503102245374037,0.82354072482809,0.3267694997093137
4,lemniscate,0.25,34,0,q4_lemniscate_tr0.25_d34_rep0,0.233,0.4664,0.25,0.5,0.09388650314592274,0.14,0.0,0.14,0.08,0.9531999080045999,0.8510611816097863,0.055597897277454095,1.2705994307454418,1.5374431156204946,1.7266633586359972,-0.18922024301550255
4,lemniscate,0.25,34,1,q4_lemniscate_tr0.25_d34_rep1,0.2668,0.5992000000000001,0.27,0.62,0.10934017114958032,0.16,0.0,0.16,0.12,0.8673630561095421,0.8710679090759647,-0.013843038072424487,1.1145988463748862,1.4908613613958999,1.7157750057587307,-0.2249136443628308
4,lemniscate,0.25,34,2,q4_lemniscate_tr0.25_d34_rep2,0.22760000000000002,0.4932,0.23,0.5,0.07948763567780721,0.14,0.0,0.14,0.07,0.9105344107599286,0.833442386646123,-0.00474945251270521,1.2446561717687163,1.5464447239667927,1.6659262328108166,-0.11948150884402398
4,lemniscate,0.25,34,3,q4_lemniscate_tr0.25_d34_rep3,0.299,0.7095999999999999,0.31,0.74,0.10802900781956756,0.15,0.0,0.15,0.13,0.8777009235261398,0.8233273927441696,-0.010483772387997192,1.0634730522740214,1.4659494786953464,1.6578245320628857,-0.1918750533675393
4,lemniscate,0.25,34,4,q4_lemniscate_tr0.25_d34_rep4,0.2602,0.6136,0.25,0.62,0.12158044776470135,0.15,0.0,0.15,0.1,0.877844846089457,0.821871238594518,0.025238798531369018,1.0197091618635852,1.5950279945720354,1.6663193905890172,-0.07129139601698187
4,lemniscate,0.25,34,5,q4_lemniscate_tr0.25_d34_rep5,0.214,0.4296,0.22,0.44,0.06539184970509676,0.17,0.0,0.17,0.08,0.9443487880213024,0.8875641737136335,-0.02678344468672274,1.2102162072475817,1.5567707548084975,1.6881130846799435,-0.131342329871446
4,lemniscate,0.25,34,6,q4_lemniscate_tr0.25_d34_rep6,0.2234,0.4828,0.21,0.46,0.08054214217444222,0.19,0.0,0.19,0.08,0.9543147751836059,0.8254096253194857,0.0013216301530351352,1.340946477444313,1.5975031899540921,1.6662872836692333,-0.06878409371514116
4,lemniscate,0.25,34,7,q4_lemniscate_tr0.25_d34_rep7,0.252,0.584,0.26,0.62,0.08957871725882946,0.13,0.0,0.13,0.09,0.8411457011102622,0.868721841350389,0.0332266960650675,0.9600590237493051,1.4938837172773771,1.6977204539111965,-0.2038367366338194
4,lemniscate,0.35,12,0,q4_lemniscate_tr0.35_d12_rep0,0.648,2.3348,0.7,2.58,0.18723412113494792,0.36,0.0,0.36,0.36,0.2948297807480321,0.3876361651741622,0.012282792586020934,0.3859915371385048,1.1394154594758592,0.8202646163625125,0.31915084311334674
4,lemniscate,0.35,12,1,q4_lemniscate_tr0.35_d12_rep1,0.6348,2.2876,0.69,2.54,0.1715646805725109,0.66,0.0,0.66,0.64,0.28220091717019663,0.38580591539385994,0.012878476247315404,0.46758583729393943,1.1747822252990077,0.8216668357752704,0.3531153895237372
4,lemniscate,0.35,12,2,q4_lemniscate_tr0.35_d12_rep2,0.629,2.2632,0.68,2.5,0.17676622831647215,0.4,0.0,0.4,0.38,0.3519742595626288,0.3866134144380512,0.01185867653194811,0.4365802885793518,1.1628610295711563,0.8207822148881974,0.342078814682959
4,lemniscate,0.35,12,3,q4_lemniscate_tr0.35_d12_rep3,0.7452,2.7872000000000003,0.8,3.06,0.17657230808666924,0.65,0.0,0.65,0.64,0.2533013503084531,0.38981422942847144,0.007210131205951524,0.4245419629853737,1.2797562578752149,0.8201649377412276,0.4595913201339873
4,lemniscate,0.35,12,4,q4_lemniscate_tr0.35_d12_rep4,0.6348,2.2828,0.69,2.54,0.17599968505514163,0.52,0.0,0.52,0.51,0.28670088727414444,0.3867768993166519,0.01698864033950447,0.4818187654696059,1.1920059282051594,0.8211902175348492,0.37081571067031016
4,lemniscate,0.35,12,5,q4_lemniscate_tr0.35_d12_rep5,0.856,3.3068,0.93,3.66,0.18031181941557806,0.48,0.0,0.48,0.48,0.39234217118970577,0.3883031360796508,0.007048634404565647,0.6331466885541635,1.3161654693320677,0.8205639963590914,0.4956014729729763
4,lemniscate,0.35,12,6,q4_lemniscate_tr0.35_d12_rep6,0.2514,0.504,0.25,0.5,0.15394285238057775,0.24,0.0,0.24,0.22,0.33622640143790555,0.38837839085810755,-0.005926875564946032,0.3955764942432963,0.6357727409446616,0.8209387537429983,-0.18516601279833667
4,lemniscate,0.35,12,7,q4_lemniscate_tr0.35_d12_rep7,0.628,2.2668,0.68,2.5,0.17990223753866863,0.4,0.0,0.4,0.38,0.4784521650951737,0.3858357586066164,0.012695014054014327,0.46292042875261835,1.1578854890351387,0.8219218545559263,0.3359636344792124
4,lemniscate,0.35,34,0,q4_lemniscate_tr0.35_d34_rep0,0.23739999999999997,0.5632,0.24,0.58,0.131688479115481,0.18,0.0,0.18,0.11,0.8325784795434981,0.8312361779164738,-0.0035613974545445908,1.12182640003388,1.4542965900360818,1.654872292627559,-0.20057570259147717
4,lemniscate,0.35,34,1,q4_lemniscate_tr0.35_d34_rep1,0.2468,0.6072,0.25,0.64,0.14597909512341026,0.16,0.0,0.16,0.1,0.8396055076683759,0.8905443615019507,-0.056941245895369384,0.8768276954455019,1.468768978929854,1.678453213513232,-0.20968423458337804
4,lemniscate,0.35,34,2,q4_lemniscate_tr0.35_d34_rep2,0.2224,0.48200000000000004,0.23,0.5,0.12025764450336758,0.19,0.0,0.19,0.11,0.8834034083649713,0.8232328031267836,-0.004135029989063952,1.345158056154562,1.4397996021685395,1.6583679787932002,-0.21856837662466067
4,lemniscate,0.35,34,3,q4_lemniscate_tr0.35_d34_rep3,0.2622,0.62,0.27,0.66,0.12998745204686457,0.12,0.0,0.12,0.09,0.7191431636446776,0.8240999282664401,-0.005019947392704091,1.0772808993277572,1.3104357473034765,1.6961281644098118,-0.3856924171063354
4,lemniscate,0.35,34,4,q4_lemniscate_tr0.35_d34_rep4,0.2642,0.6759999999999999,0.27,0.72,0.10990453590969407,0.11,0.0,0.11,0.07,0.7571832241918207,0.8659425712828818,-0.004253362240405758,1.0611840325796569,1.3554125460775202,1.707825186996591,-0.3524126409190709
4,lemniscate,0.35,34,5,q4_lemniscate_tr0.35_d34_rep5,0.29359999999999997,0.7687999999999999,0.29,0.78,0.14862478846208652,0.12,0.0,0.12,0.08,0.7582502822204742,0.9218230608767425,-0.01923907918417744,0.9764671315556581,1.3868716235766234,1.7726168692818274,-0.38574524570520397
4,lemniscate,0.35,34,6,q4_lemniscate_tr0.35_d34_rep6,0.2288,0.522,0.23,0.54,0.10730312351360265,0.11,0.0,0.11,0.04,0.8463739860816092,0.8827136882796918,0.018412328621560774,1.2661355095779387,1.431024512082357,1.7234750133237169,-0.29245050124135985
4,lemniscate,0.35,34,7,q4_lemniscate_tr0.35_d34_rep7,0.24480000000000002,0.5252,0.25,0.54,0.13326346280562493,0.2,0.0,0.2,0.15,0.7231074796148341,0.9232711731033882,-0.025423566559142748,1.2065338157429053,1.2480693758681802,1.7782837104785925,-0.5302143346104122
4,square,0.25,12,0,q4_square_tr0.25_d12_rep0,0.07,0.14,0.07,0.14,0.018705531083950754,0.07,0.0,0.0,0.07,0.01171265781013608,0.04830453599068111,-0.000608353833295609,0.048512220160285724,0.366671905132141,0.8862645109193642,-0.5195926057872232
4,square,0.25,12,1,q4_square_tr0.25_d12_rep1,0.0704,0.1408,0.07,0.14,0.018299690701051335,0.07,0.0,0.0,0.07,0.010677572458288237,0.016925603403863034,-0.002709538695838226,0.011377225408697185,0.3518341144114632,0.6188888201754923,-0.2670547057640291
4,square,0.25,12,2,q4_square_tr0.25_d12_rep2,0.07,0.14,0.07,0.14,0.018494846912848462,0.07,0.0,0.0,0.07,0.010603044502160574,0.020669249485389587,-0.0036393097032068394,0.01613861530039983,0.3640849032920376,0.6503856577550722,-0.2863007544630346
4,square,0.25,12,3,q4_square_tr0.25_d12_rep3,0.07,0.14,0.07,0.14,0.020653613585150044,0.07,0.0,0.0,0.07,0.011015263402540035,0.04850227780857736,-0.00018163066328766254,0.0479416633919129,0.34461190195280733,0.9086137444187137,-0.5640018424659063
4,square,0.25,12,4,q4_square_tr0.25_d12_rep4,0.07,0.14,0.07,0.14,0.02030088725705602,0.07,0.0,0.0,0.07,0.010376099446413716,0.015209457955274706,-0.0021660851571048073,0.01317829416949006,0.35052659780503564,0.6157280324722869,-0.26520143466725127
4,square,0.25,12,5,q4_square_tr0.25_d12_rep5,0.0704,0.1408,0.07,0.14,0.020536966311146383,0.07,0.0,0.0,0.07,0.010848884358858855,0.048306923987399934,-0.004481003519058714,0.044186555461222056,0.332938928581246,0.8599076612659838,-0.5269687326847379
4,square,0.25,12,6,q4_square_tr0.25_d12_rep6,0.07,0.14,0.07,0.14,0.021640711514634762,0.07,0.0,0.0,0.07,0.011855164991409036,0.04572739842866348,-0.005721942894366629,0.04307694143536433,0.35317243151769706,0.8296357643065139,-0.4764633327888168
4,square,0.25,12,7,q4_square_tr0.25_d12_rep7,0.07,0.14,0.07,0.14,0.017661694863963656,0.07,0.0,0.0,0.07,0.01116416722053011,0.04895117705153746,0.0005587588826306851,0.04870350155865709,0.3690302443310787,0.9298346311726382,-0.5608043868415595
4,square,0.25,34,0,q4_square_tr0.25_d34_rep0,0.1616,0.3232,0.15,0.3,0.080417481969379,0.03,0.0,0.0,0.01,0.54504264635576,0.6020521817158748,-0.07024129979264139,0.6532080879156156,1.5374849515648576,1.7409903291224618,-0.20350537755760412
4,square,0.25,34,1,q4_square_tr0.25_d34_rep1,0.1592,0.3184,0.15,0.3,0.07517916187848041,0.03,0.0,0.0,0.01,0.5309390674732919,0.7509634659807128,-0.020550914009581533,0.9208127832809142,1.5195711228202697,1.777146602036617,-0.25757547921634716
4,square,0.25,34,2,q4_square_tr0.25_d34_rep2,0.175,0.35,0.15,0.3,0.11833591107072743,0.1,0.0,0.0,0.08,0.5514523376312248,0.6901018450246394,0.0031131189267210816,0.8370060043747646,1.5079318190942919,1.6992310178727241,-0.19129919877843227
4,square,0.25,34,3,q4_square_tr0.25_d34_rep3,0.163,0.3264,0.15,0.3,0.07935040003273591,0.03,0.0,0.0,0.01,0.5208942497143176,0.675919822455851,-0.0016790621102454838,0.9266748215783661,1.4901265691501833,1.7175110340627855,-0.22738446491260222
4,square,0.25,34,4,q4_square_tr0.25_d34_rep4,0.1588,0.3184,0.15,0.3,0.07747776718570641,0.03,0.0,0.0,0.01,0.5302362133985685,0.604119801815045,0.006877552004263762,0.6799393965898011,1.516780025701731,1.6225909323155143,-0.10581090661378334
4,square,0.25,34,5,q4_square_tr0.25_d34_rep5,0.158,0.316,0.15,0.3,0.07251331943342225,0.03,0.0,0.0,0.01,0.5479782325385733,0.6024986138239403,0.01351995298180934,0.8228394189236828,1.5254676118409296,1.6605049023504097,-0.1350372905094801
4,square,0.25,34,6,q4_square_tr0.25_d34_rep6,0.172,0.344,0.17,0.34,0.09286781896049744,0.08,0.0,0.0,0.05,0.5281629026161744,0.652263874865263,-0.0047595246939113696,0.8086834058061771,1.443946060447551,1.6520633064911778,-0.2081172460436269
4,square,0.25,34,7,q4_square_tr0.25_d34_rep7,0.1808,0.36200000000000004,0.17,0.34,0.10133470622622184,0.05,0.0,0.0,0.03,0.4890052776209618,0.6465856403832709,-0.0028738882584461636,0.84831397743756,1.4105593848112539,1.6800262787518008,-0.2694668939405469
4,square,0.35,12,0,q4_square_tr0.35_d12_rep0,0.07,0.14,0.07,0.14,0.04148366473782774,0.07,0.0,0.0,0.07,0.014080933084312906,0.0420788615935891,-0.0009818047760028557,0.0490173578464085,0.1886081848969642,0.887419408604643,-0.6988112237076788
4,square,0.35,12,1,q4_square_tr0.35_d12_rep1,0.07,0.14,0.07,0.14,0.042373264222024414,0.07,0.0,0.0,0.07,0.014409191052627912,0.04990941435735556,-0.010349635448362635,0.046560624865761714,0.18849579987410559,0.8668433525778104,-0.6783475527037048
4,square,0.35,12,2,q4_square_tr0.35_d12_rep2,0.07,0.14,0.07,0.14,0.04227148587836321,0.07,0.0,0.0,0.07,0.014331431894604353,0.04230005521424317,-0.0016118774612266299,0.048584254340996204,0.1851073129374979,0.9008513668291481,-0.7157440538916502
4,square,0.35,12,3,q4_square_tr0.35_d12_rep3,0.0704,0.1408,0.07,0.14,0.043460038891763614,0.07,0.0,0.0,0.07,0.014445132881747829,0.05064940625001028,-0.01214876059378165,0.044914620172480824,0.17193562738030754,0.8600211866717552,-0.6880855592914477
4,square,0.35,12,4,q4_square_tr0.35_d12_rep4,0.07,0.14,0.07,0.14,0.04193650015419101,0.07,0.0,0.0,0.07,0.013964355157596364,0.04219892283012617,-0.0011213803457631394,0.04731070368715584,0.17993473319022524,0.8838919287670117,-0.7039571955767865
4,square,0.35,12,5,q4_square_tr0.35_d12_rep5,0.0704,0.1408,0.07,0.14,0.042592829719397526,0.07,0.0,0.0,0.07,0.014458141019506978,0.041332733772683226,-0.0008019918899613816,0.048132908978176424,0.18456539083714382,0.8860832535744178,-0.7015178627372739
4,square,0.35,12,6,q4_square_tr0.35_d12_rep6,0.07,0.14,0.07,0.14,0.04134494406695355,0.07,0.0,0.0,0.07,0.013740378886011472,0.04201302141053058,-0.0010716034641152174,0.047149633439927216,0.17664945805788984,0.8828627192756916,-0.7062132612178018
4,square,0.35,12,7,q4_square_tr0.35_d12_rep7,0.07,0.14,0.07,0.14,0.04154799854713586,0.07,0.0,0.0,0.07,0.01424093751250138,0.04215570012478106,-0.0014048924492384553,0.04874633225416223,0.19173141423472673,0.8813099952848842,-0.6895785810501575
4,square,0.35,34,0,q4_square_tr0.35_d34_rep0,0.1668,0.3336,0.17,0.34,0.11266986137500741,0.08,0.0,0.0,0.04,0.5534550902508022,0.8957555434062092,0.05599770812928011,1.0550420551868718,1.3534578547473457,1.7784632325073555,-0.4250053777600098
4,square,0.35,34,1,q4_square_tr0.35_d34_rep1,0.14679999999999999,0.29359999999999997,0.15,0.3,0.11285722659144642,0.1,0.0,0.0,0.05,0.49894426747227744,0.5690299272702563,-0.03281235212001459,0.6837579781156845,1.357819475657974,1.7329291077265252,-0.3751096320685512
4,square,0.35,34,2,q4_square_tr0.35_d34_rep2,0.1474,0.2948,0.15,0.3,0.11538313756179264,0.1,0.0,0.0,0.08,0.45826247834800254,0.8902769595749288,-0.017041714467716417,1.001478903677165,1.343434962949519,1.7619943709959958,-0.41855940804647673
4,square,0.35,34,3,q4_square_tr0.35_d34_rep3,0.1464,0.2928,0.15,0.3,0.10871911025602399,0.09,0.0,0.0,0.05,0.4611415022644615,0.6238892246342671,-0.01314266664253534,0.7116455579590679,1.3967166274171818,1.7536601867821122,-0.3569435593649304
4,square,0.35,34,4,q4_square_tr0.35_d34_rep4,0.1548,0.3096,0.15,0.3,0.12048324598142632,0.03,0.0,0.0,0.02,0.5313202628314706,0.9531830662349392,-0.09388353588708703,0.9992240763519136,1.3260325162022322,1.833416286492235,-0.5073837702900028
4,square,0.35,34,5,q4_square_tr0.35_d34_rep5,0.1552,0.31079999999999997,0.15,0.3,0.10330639298087677,0.06,0.0,0.0,0.02,0.6093711069989162,0.6391562513872733,-0.022563893168576116,0.8673917273614513,1.3640684692176777,1.713873465354013,-0.3498049961363354
4,square,0.35,34,6,q4_square_tr0.35_d34_rep6,0.16940000000000002,0.3392,0.17,0.34,0.12513361883213872,0.08,0.0,0.0,0.04,0.5040838783241245,0.5478736116218608,0.044476768200301234,0.7405311181132028,1.323679404833752,1.604180241822158,-0.2805008369884061
4,square,0.35,34,7,q4_square_tr0.35_d34_rep7,0.1276,0.2552,0.12,0.24,0.09060484369725313,0.11,0.0,0.0,0.07,0.3386013095352811,0.752027384045608,-0.011569030831523365,0.8207244655761133,1.1974562519098402,1.7347457277113185,-0.5372894758014783
4,zigzag,0.25,12,0,q4_zigzag_tr0.25_d12_rep0,0.4146,1.1404,0.39,1.14,0.12384632143554124,0.03,0.2,0.0,0.02,0.7260281874713476,0.8180498618651019,-0.0014291617792745392,1.0423593041649128,1.185380688320764,1.3526266284038817,-0.16724594008311766
4,zigzag,0.25,12,1,q4_zigzag_tr0.25_d12_rep1,0.4594,1.1908,0.45,1.22,0.15478324619081754,0.05,0.18,0.0,0.04,0.7682505687093933,0.8987203228896061,0.03636644668712664,1.070987545392942,1.2612312799353027,1.332319765101315,-0.0710884851660123
4,zigzag,0.25,12,2,q4_zigzag_tr0.25_d12_rep2,0.3564,0.9288,0.34,0.94,0.11933148156566915,0.05,0.2,0.0,0.05,0.8006268033011417,0.7998756925208456,-0.003894316424829027,1.0458521327493477,1.227780594100667,1.2075259264099303,0.020254667690736694
4,zigzag,0.25,12,3,q4_zigzag_tr0.25_d12_rep3,0.3454,0.8964,0.33,0.9,0.1373052294898198,0.02,0.18,0.0,0.01,0.8162292631181246,0.7587023762360909,-0.018214929200617257,1.32866164503261,1.2020128595766455,1.1769302502583276,0.02508260931831785
4,zigzag,0.25,12,4,q4_zigzag_tr0.25_d12_rep4,0.3978,1.0844,0.38,1.1,0.1495432911815298,0.02,0.2,0.0,0.01,0.7811460535820692,0.7727403003537923,-0.02682638826535975,1.214169563547548,1.2173972501385877,1.2057941527713143,0.011603097367273385
4,zigzag,0.25,12,5,q4_zigzag_tr0.25_d12_rep5,0.4824,1.172,0.47,1.18,0.1450354545680118,0.12,0.15,0.0,0.12,0.5297046018751916,0.6592603555401927,-0.011935241022383958,0.797203868169087,0.9250093083495294,1.1318290076283481,-0.2068196992788187
4,zigzag,0.25,12,6,q4_zigzag_tr0.25_d12_rep6,0.4228,1.1708,0.4,1.18,0.15472016727542331,0.05,0.2,0.0,0.04,0.7656703157446404,0.9065817907616892,-0.07571242787893773,1.0884746824592408,1.2673133942788835,1.4140752430474948,-0.1467618487686113
4,zigzag,0.25,12,7,q4_zigzag_tr0.25_d12_rep7,0.3834,0.9815999999999999,0.37,0.98,0.12867140502954627,0.06,0.18,0.0,0.05,0.7703259515065247,0.8917577962244846,0.018543947964266227,1.1047974640186393,1.1936856780751721,1.3869594800065137,-0.19327380193134158
4,zigzag,0.25,34,0,q4_zigzag_tr0.25_d34_rep0,0.26739999999999997,0.586,0.27,0.6,0.12772024142764415,0.25,0.1,0.0,0.17,1.2172200294566335,1.219767672795564,0.03812312775493202,1.1021076183987975,1.6751337172649245,1.8845009722842416,-0.20936725501931708
4,zigzag,0.25,34,1,q4_zigzag_tr0.25_d34_rep1,0.2692,0.5728,0.28,0.6,0.10505593956802498,0.27,0.05,0.0,0.19,1.1766841154821732,1.2219614678596884,-0.009428255751500338,1.28539731393595,1.635235214960348,1.9068118655704853,-0.27157665061013736
4,zigzag,0.25,34,2,q4_zigzag_tr0.25_d34_rep2,0.2332,0.4664,0.23,0.46,0.1106076770852818,0.26,0.05,0.0,0.19,1.214668570531643,1.2630715772848622,-0.0784868067195016,1.499352284000636,1.7618540873522006,1.921599993004356,-0.1597459056521553
4,zigzag,0.25,34,3,q4_zigzag_tr0.25_d34_rep3,0.2696,0.5916,0.26,0.58,0.11333191772511751,0.26,0.07,0.0,0.22,1.2482251907779702,1.1304357751768686,0.014815289127973738,1.8132561950096096,1.671307945134335,1.7981526437958004,-0.12684469866146553
4,zigzag,0.25,34,4,q4_zigzag_tr0.25_d34_rep4,0.2558,0.512,0.27,0.54,0.11967390386829313,0.25,0.05,0.0,0.2,1.2379861872318574,1.2303752077512216,-0.0465092549556223,1.5972644424145996,1.7431118416858793,1.8460590712195515,-0.10294722953367219
4,zigzag,0.25,34,5,q4_zigzag_tr0.25_d34_rep5,0.2672,0.5696,0.28,0.6,0.11970287712989328,0.28,0.05,0.0,0.22,1.1956020840597996,1.2437364804121722,-0.0767160491865787,1.5924088312272449,1.6496283235698859,1.9683935518138647,-0.3187652282439788
4,zigzag,0.25,34,6,q4_zigzag_tr0.25_d34_rep6,0.2774,0.5896,0.28,0.6,0.12330364863485341,0.23,0.08,0.0,0.18,1.1376871567649747,1.2075986559395786,0.0021508748018398494,1.2372764961684204,1.6440810199112128,1.9012312467113095,-0.2571502268000967
4,zigzag,0.25,34,7,q4_zigzag_tr0.25_d34_rep7,0.2696,0.5752,0.28,0.6,0.11485394363860361,0.27,0.05,0.0,0.21,1.3142399780711318,1.3783297223302122,-0.051771036335753105,1.8266383003865885,1.7635026090564059,1.9938886073603195,-0.2303859983039136
4,zigzag,0.35,12,0,q4_zigzag_tr0.35_d12_rep0,0.46240000000000003,1.1004,0.45,1.1,0.2395431225637486,0.1,0.12,0.0,0.09,0.6883415937471647,0.920232161305856,0.014586607578844923,1.1164604493938188,1.0953322386074906,1.431086750175348,-0.3357545115678573
4,zigzag,0.35,12,1,q4_zigzag_tr0.35_d12_rep1,0.42700000000000005,1.0488,0.42,1.06,0.21274396514552976,0.05,0.14,0.0,0.04,0.6378290148969463,0.810036606250953,0.02761493516697108,1.022436825563125,0.9824775675037607,1.3019811859945958,-0.3195036184908351
4,zigzag,0.35,12,2,q4_zigzag_tr0.35_d12_rep2,0.3774,0.9664,0.37,0.98,0.19650572446182613,0.03,0.18,0.0,0.03,0.7726805330368718,0.6908879253502411,0.04350269844125605,1.218622844453854,1.1506852870995818,1.2415853132250467,-0.09090002612546488
4,zigzag,0.35,12,3,q4_zigzag_tr0.35_d12_rep3,0.4454,1.0428,0.44,1.06,0.22934011144476432,0.08,0.12,0.0,0.07,0.613206939673096,0.8324081175305498,-0.008211339351666222,0.888217429924998,0.940331708469606,1.3456793557632774,-0.40534764729367134
4,zigzag,0.35,12,4,q4_zigzag_tr0.35_d12_rep4,0.47340000000000004,1.0168000000000001,0.47,1.02,0.27710600731067,0.14,0.08,0.0,0.14,0.592369640898127,0.8300479142517794,-0.01346012735761337,0.9851024942397097,0.9392618360395768,1.3519604611211828,-0.41269862508160604
4,zigzag,0.35,12,5,q4_zigzag_tr0.35_d12_rep5,0.4758,1.0852,0.47,1.1,0.2388898816370666,0.1,0.1,0.0,0.09,0.5533916349494981,0.9353230831221923,0.003833811548294855,1.1115362662591182,0.8401119039776133,1.4027221045907168,-0.5626102006131035
4,zigzag,0.35,12,6,q4_zigzag_tr0.35_d12_rep6,0.423,0.9967999999999999,0.42,1.02,0.22864158860764414,0.05,0.14,0.0,0.04,0.7519421086076431,0.7810768213296072,0.07680048177570016,1.0366903963050111,1.0851129803883934,1.2934954161072176,-0.2083824357188242
4,zigzag,0.35,12,7,q4_zigzag_tr0.35_d12_rep7,0.4778,1.07,0.48,1.1,0.2597184846749223,0.1,0.1,0.0,0.1,0.6584727084823213,0.7864320740527174,-0.0032311377795781904,0.9178668500436762,1.1585917676865496,1.2666901403599107,-0.10809837267336109
4,zigzag,0.35,34,0,q4_zigzag_tr0.35_d34_rep0,0.2838,0.6032,0.3,0.64,0.18681883328848592,0.25,0.04,0.0,0.15,1.3141558012130472,1.2446391195391726,0.004082284629202752,1.5276450042980443,1.6945038028938533,1.8597901407113153,-0.16528633781746205
4,zigzag,0.35,34,1,q4_zigzag_tr0.35_d34_rep1,0.2778,0.5836,0.29,0.62,0.1701147097871746,0.2,0.06,0.0,0.16,1.0653823026739486,1.1366382115085065,0.021183429147695085,1.44047600888723,1.4901189537678436,1.8182093462702251,-0.3280903925023815
4,zigzag,0.35,34,2,q4_zigzag_tr0.35_d34_rep2,0.3674,0.7884,0.38,0.82,0.21050518454687878,0.15,0.07,0.0,0.1,0.965445263912254,1.2078165018246656,-0.019994014556364393,1.2767233621386629,1.4198805350466104,1.890789381837499,-0.4709088467908886
4,zigzag,0.35,34,3,q4_zigzag_tr0.35_d34_rep3,0.3234,0.6644,0.34,0.7,0.22014486054944327,0.18,0.05,0.0,0.15,1.0807317454472678,1.1706098881747364,0.03234541819390272,1.4934029966557405,1.5518081735864577,1.8340406530933562,-0.28223247950689845
4,zigzag,0.35,34,4,q4_zigzag_tr0.35_d34_rep4,0.3378,0.7116,0.36,0.76,0.19605234413850547,0.19,0.04,0.0,0.15,1.0629237986072595,1.101869323475798,0.017507811412165033,1.5218860711481697,1.5028491583740087,1.7378207522763265,-0.2349715939023178
4,zigzag,0.35,34,5,q4_zigzag_tr0.35_d34_rep5,0.3032,0.6424,0.3,0.64,0.18353243396957528,0.22,0.04,0.0,0.18,1.1877777460697443,1.1721684035107414,-0.008220309385591852,1.6725430705282092,1.6590215218098971,1.8145057463738206,-0.1554842245639234
4,zigzag,0.35,34,6,q4_zigzag_tr0.35_d34_rep6,0.29460000000000003,0.5896,0.31,0.62,0.1865101218955393,0.19,0.05,0.0,0.11,1.1997947635360289,1.3496393700230542,-0.07459705555110961,1.464230466123798,1.659679227238254,1.9698789776830967,-0.3101997504448428
4,zigzag,0.35,34,7,q4_zigzag_tr0.35_d34_rep7,0.3118,0.6592,0.32,0.68,0.20384511972746047,0.24,0.04,0.0,0.2,1.2327464044495955,1.2433428037167342,0.015014273983539547,1.6604373395956826,1.6656212604456229,1.8797664264305423,-0.2141451659849194
8,circle,0.25,12,0,q8_circle_tr0.25_d12_rep0,0.1912,0.11426510857406119,0.18,0.10544155877284292,0.15615791490227263,0.0,0.0,0.0,0.0,0.08766701328236631,0.0804417729645162,-3.0123631740564032e-05,0.10237228548376669,0.3343968980389165,0.3548632638213909,-0.020466365782474405
8,circle,0.25,12,1,q8_circle_tr0.25_d12_rep1,0.20559999999999998,0.12185190513846479,0.2,0.11715728752538102,0.16178384700449364,0.0,0.0,0.0,0.0,0.08358047450945093,0.0791404314956956,-2.448833478291959e-05,0.10152740769596223,0.3183583050739596,0.35444394974174015,-0.036085644667780525
8,circle,0.25,12,2,q8_circle_tr0.25_d12_rep2,0.2034,0.12112886040063482,0.2,0.11715728752538102,0.14798897415210324,0.0,0.0,0.0,0.0,0.08547135791201567,0.08345916142373462,0.00011844483169884724,0.10614815785360437,0.32468664259492797,0.36925412560236087,-0.044567483007432906
8,circle,0.25,12,3,q8_circle_tr0.25_d12_rep3,0.18960000000000002,0.11134795128653582,0.18,0.10544155877284292,0.12093774661019845,0.0,0.0,0.0,0.0,0.07765297328805462,0.08087155589056484,0.0006777418902527951,0.05935624302000462,0.3203352671383409,0.3530513012068797,-0.032716034068538846
8,circle,0.25,12,4,q8_circle_tr0.25_d12_rep4,0.19080000000000003,0.11374795128653582,0.18,0.10544155877284292,0.13487777290104971,0.0,0.0,0.0,0.0,0.07815232833974567,0.08027380551823839,0.0016835198412812281,0.05810105618212873,0.32043036834869953,0.35376404303372383,-0.033333674685024295
8,circle,0.25,12,5,q8_circle_tr0.25_d12_rep5,0.1948,0.11524256889961958,0.18,0.10544155877284292,0.15251890490923348,0.0,0.0,0.0,0.0,0.08857990067603201,0.07993952838749102,5.345703950130559e-05,0.10967306128529641,0.34458782360802676,0.357465291180466,-0.012877467572439238
8,circle,0.25,12,6,q8_circle_tr0.25_d12_rep6,0.1912,0.11313373772416274,0.18,0.10544155877284292,0.15168271706492029,0.0,0.0,0.0,0.0,0.08778854709447388,0.07959860051522119,2.3757663039424383e-05,0.10385819022365177,0.3347728883764834,0.3533676730120333,-0.01859478463554992
8,circle,0.25,12,7,q8_circle_tr0.25_d12_rep7,0.19899999999999998,0.11713718651270336,0.18,0.10544155877284292,0.16441499248610447,0.0,0.0,0.0,0.0,0.09669360304378426,0.08013138221068528,0.0028687136173693884,0.12399568396340817,0.3872965058342529,0.35358959728081296,0.03370690855343994
8,circle,0.25,34,0,q8_circle_tr0.25_d34_rep0,0.2772,0.1640770567850258,0.27,0.1581623381592644,0.2268099039069233,0.0,0.0,0.0,0.0,0.363169140985657,0.5170191760703292,-0.03777096515740702,0.597265317262573,0.9533813414544301,1.2150961501513693,-0.2617148086969392
8,circle,0.25,34,1,q8_circle_tr0.25_d34_rep1,0.31,0.18300800922671367,0.33,0.19330952441687865,0.21470087729077927,0.0,0.0,0.0,0.0,0.4040477066754097,0.5823638774375333,-0.002413871662669914,0.6956395992409161,1.0038331456733531,1.2957793089478065,-0.29194616327445333
8,circle,0.25,34,2,q8_circle_tr0.25_d34_rep2,0.2884,0.17092070759892178,0.29,0.16987806691180246,0.19778040973841648,0.0,0.0,0.0,0.0,0.4312510130582603,0.49096577276302006,-0.01822647722925016,0.6610106025562841,1.0124711285265293,1.190443192079349,-0.1779720635528197
8,circle,0.25,34,3,q8_circle_tr0.25_d34_rep3,0.2878,0.1705692357363456,0.28,0.16402020253553343,0.19035395730721702,0.0,0.0,0.0,0.0,0.4514867844579519,0.6165828872713301,-0.016349394706029984,0.7535604100566448,1.0403617002760825,1.3300929355998463,-0.28973123532376377
8,circle,0.25,34,4,q8_circle_tr0.25_d34_rep4,0.2516,0.14851523855682777,0.25,0.14644660940672627,0.20833178033875202,0.0,0.0,0.0,0.0,0.2552385917022271,0.5508594902970595,0.005245833103578524,0.5973493736472002,0.7997124433380138,1.267500117752652,-0.4677876744146381
8,circle,0.25,34,5,q8_circle_tr0.25_d34_rep5,0.2802,0.1644202025355334,0.29,0.16987806691180246,0.23002703444459394,0.0,0.0,0.0,0.0,0.3306594620429194,0.6122881154681803,-0.041303582486985076,0.5603828013395032,0.8994360934168144,1.316765239244243,-0.41732914582742864
8,circle,0.25,34,6,q8_circle_tr0.25_d34_rep6,0.264,0.15719320394577452,0.26,0.15230447378299533,0.1923096339541685,0.0,0.0,0.0,0.0,0.3700738964109445,0.553716012714112,-0.011364636040546359,0.629017785351748,0.9512032550747637,1.2679182227163424,-0.3167149676415787
8,circle,0.25,34,7,q8_circle_tr0.25_d34_rep7,0.3012,0.1789844594254954,0.3,0.17573593128807155,0.23511301236330304,0.0,0.0,0.0,0.0,0.4350096552855385,0.529475318377249,-0.006826040039177308,0.6157892539170342,1.0320424354667317,1.2374601914957324,-0.2054177560290007
8,circle,0.35,12,0,q8_circle_tr0.35_d12_rep0,0.3574,0.48513171747060946,0.58,1.1175735931288073,0.3622602941934225,0.0,0.0,0.0,0.0,0.09031480390814264,0.08128284138711951,0.001991431194617372,0.12640352234479377,0.3619821962207607,0.3530543033825308,0.008927892838229923
8,circle,0.35,12,1,q8_circle_tr0.35_d12_rep1,0.34979999999999994,0.49001355005630737,0.6,1.1292893218813456,0.35212829575491833,0.0,0.0,0.0,0.0,0.08768383453308716,0.08198183227441032,0.003120660794832552,0.13374461212923994,0.33734197665387095,0.35575999897888944,-0.01841802232501849
8,circle,0.35,12,2,q8_circle_tr0.35_d12_rep2,0.3272,0.47762330470336317,0.58,1.1317157287525381,0.3355534432460417,0.0,0.0,0.0,0.0,0.08710166231082338,0.08192018239860532,0.0028491833348598585,0.1324263194823229,0.3332578823778296,0.3593380132331865,-0.026080130855356876
8,circle,0.35,12,3,q8_circle_tr0.35_d12_rep3,0.36119999999999997,0.48170085168409926,0.61,1.1068629150101525,0.37208551297370257,0.0,0.0,0.0,0.0,0.08099889822814459,0.08036757543510487,-0.0002349413424525711,0.12518447955908862,0.3350043224683268,0.35049687409185176,-0.015492551623524975
8,circle,0.35,12,4,q8_circle_tr0.35_d12_rep4,0.3358,0.436274863221117,0.52,0.9834314575050762,0.30467582713168445,0.0,0.0,0.0,0.0,0.0852231577900572,0.08158060666210483,-0.00011240989876072371,0.12103632433284751,0.3353393605952496,0.35637615212378515,-0.021036791528535548
8,circle,0.35,12,5,q8_circle_tr0.35_d12_rep5,0.3532,0.4569327275973861,0.59,1.0244365081389597,0.32975312637342424,0.0,0.0,0.0,0.0,0.07324033953664263,0.08095595392384876,0.0002492546402164507,0.11094012307262528,0.30828331941998016,0.3535307673207276,-0.04524744790074742
8,circle,0.35,12,6,q8_circle_tr0.35_d12_rep6,0.36,0.45073373772416275,0.52,0.9692893218813454,0.31410643202539024,0.0,0.0,0.0,0.0,0.09521385740825979,0.08058246196277673,-0.0003902783414243605,0.14601438991997776,0.36716261187322324,0.3560964947038669,0.011066117169356349
8,circle,0.35,12,7,q8_circle_tr0.35_d12_rep7,0.276,0.3455248198935281,0.44,0.7668629150101525,0.2667273965168471,0.0,0.0,0.0,0.0,0.0791491410910158,0.08129826819080213,0.0006506454582684806,0.12687798334817238,0.33835261055348265,0.3533709196140723,-0.015018309060589652
8,circle,0.35,34,0,q8_circle_tr0.35_d34_rep0,0.48979999999999996,0.8130056423524494,0.89,1.9921320343559643,0.5006273518362921,0.0,0.0,0.0,0.0,0.24847207072180563,0.5007556062147386,-7.632192304404669e-05,0.5552632490006731,0.6359029427843461,1.2084322369688614,-0.5725292941845153
8,circle,0.35,34,1,q8_circle_tr0.35_d34_rep1,0.49479999999999996,0.8461987447753683,0.91,2.088700576850888,0.5212129515732984,0.0,0.0,0.0,0.0,0.2614216816655965,0.496639424347878,-0.0018729187519236194,0.5418309506868486,0.6095861721641624,1.2054710151092383,-0.5958848429450758
8,circle,0.35,34,2,q8_circle_tr0.35_d34_rep2,0.5124,0.8514174172530586,0.88,2.05698484809835,0.4981814112280818,0.0,0.0,0.0,0.0,0.23714514545774054,0.4726409130391732,-0.013542419645973055,0.50032019091706,0.5984495189088266,1.1736053649252571,-0.5751558460164305
8,circle,0.35,34,3,q8_circle_tr0.35_d34_rep3,0.5282,0.8869772152277032,0.91,2.1452691193458118,0.5265779595412323,0.0,0.0,0.0,0.0,0.25417348401721196,0.5346803965375366,-0.007638300925283975,0.5676607173304579,0.6050297635746502,1.2462922423450684,-0.6412624787704182
8,circle,0.35,34,4,q8_circle_tr0.35_d34_rep4,0.4696,0.830871241122221,0.97,2.123847763108502,0.5325024743505037,0.0,0.0,0.0,0.0,0.24334366090134946,0.5023089587125259,-0.03649606202575001,0.5312678901961136,0.5736155114125189,1.2010870716920516,-0.6274715602795328
8,circle,0.35,34,5,q8_circle_tr0.35_d34_rep5,0.4976,0.8583041271622845,0.97,2.1521320343559647,0.537587695012613,0.0,0.0,0.0,0.0,0.2557626716372208,0.5839757220544931,0.000784255865946025,0.6725454786261063,0.5794685704443362,1.2983779622460647,-0.7189093918017285
8,circle,0.35,34,6,q8_circle_tr0.35_d34_rep6,0.47839999999999994,0.8003879800015358,0.92,1.9955634918610405,0.5112721076719874,0.0,0.0,0.0,0.0,0.28678327706729717,0.4772206901277874,-0.026764206088136556,0.4456417165423957,0.7092993053944288,1.2012458996182,-0.4919465942237713
8,circle,0.35,34,7,q8_circle_tr0.35_d34_rep7,0.475,0.8340344878854062,0.97,2.123847763108502,0.5319490419233798,0.0,0.0,0.0,0.0,0.24460512128449366,0.44706285522625383,0.0014015037569319636,0.5059545835355248,0.5638644263146342,1.1554027996574594,-0.5915383733428252
8,lemniscate,0.25,12,0,q8_lemniscate_tr0.25_d12_rep0,0.436,0.2624739546171961,0.43,0.26603030380330017,0.3108753228423652,0.09,0.0,0.09,0.05,0.08430076996959143,0.13719420542080638,-0.0017600063748796882,0.1795822528049231,0.3707323767994468,0.629569532366873,-0.25883715556742615
8,lemniscate,0.25,12,1,q8_lemniscate_tr0.25_d12_rep1,0.4304,0.25636512344173923,0.43,0.2518881681795692,0.33916841139901777,0.08,0.0,0.08,0.05,0.11347809131336437,0.1249602572690008,0.009701979883674251,0.1775681852842511,0.44427172543409166,0.5985223511426296,-0.15425062570853798
8,lemniscate,0.25,12,2,q8_lemniscate_tr0.25_d12_rep2,0.43200000000000005,0.25843375259184076,0.43,0.2518881681795692,0.30804689945434105,0.07,0.0,0.07,0.05,0.114677087454188,0.12531991853386845,0.00838558007901473,0.17467252521445642,0.4410861919019094,0.5975987703122203,-0.1565125784103109
8,lemniscate,0.25,12,3,q8_lemniscate_tr0.25_d12_rep3,0.43520000000000003,0.2597425837672976,0.44,0.2577460325558382,0.279177384516169,0.08,0.0,0.08,0.05,0.09704906486616902,0.1380709516617288,-0.0035762147324857447,0.15817287415833153,0.40254968041240086,0.6262062498928747,-0.2236565694804738
8,lemniscate,0.25,12,4,q8_lemniscate_tr0.25_d12_rep4,0.7076,1.923935757977716,0.72,2.137157287525381,0.35888497630009375,0.34,0.0,0.34,0.3,0.16786230270509198,0.1291672752063244,0.014382392012161713,0.23749909003369613,1.0572165568586829,0.598368661124122,0.45884789573456086
8,lemniscate,0.25,12,5,q8_lemniscate_tr0.25_d12_rep5,0.42979999999999996,0.2568621797165869,0.43,0.2518881681795692,0.3100380859175013,0.07,0.0,0.07,0.04,0.10257728179889565,0.12604512828829575,0.0035478242355306677,0.1719601912541963,0.41034754546079444,0.5978691349981319,-0.18752158953733744
8,lemniscate,0.25,12,6,q8_lemniscate_tr0.25_d12_rep6,0.43700000000000006,0.29247538315218335,0.43,0.29431457505076203,0.3296539862886666,0.08,0.0,0.08,0.06,0.1032296397907287,0.13801251071421508,-0.005473802102460226,0.1824349528137551,0.4243895485922897,0.6317957389303641,-0.2074061903380744
8,lemniscate,0.25,12,7,q8_lemniscate_tr0.25_d12_rep7,0.42840000000000006,0.25632492141638386,0.43,0.2518881681795692,0.28130900334178444,0.08,0.0,0.08,0.01,0.11396866241769257,0.13507435964062742,0.007529241324949586,0.1901636787148764,0.44777780662687056,0.6292791632073125,-0.18150135658044192
8,lemniscate,0.25,34,0,q8_lemniscate_tr0.25_d34_rep0,0.4456,0.38910422868514016,0.45,0.41674098192195486,0.31740016163872353,0.12,0.0,0.12,0.11,0.472971947325484,0.6387173454356379,-0.002391082361478242,0.6927463556457338,1.3237898963324206,1.5909013104949907,-0.2671114141625701
8,lemniscate,0.25,34,1,q8_lemniscate_tr0.25_d34_rep1,0.4172,0.32188900499599044,0.41,0.3250252531694168,0.2587530862484401,0.09,0.0,0.09,0.08,0.35029507020423406,0.6848902441731125,-0.007570924473117591,0.6979081334268754,1.179373995427249,1.6437536702642603,-0.46437967483701126
8,lemniscate,0.25,34,2,q8_lemniscate_tr0.25_d34_rep2,0.47759999999999997,0.4566037236217519,0.47,0.4791673887931478,0.30572036913942907,0.11,0.0,0.11,0.08,0.44352120959120017,0.6412014556556213,-0.005034807083518792,0.6672038017592502,1.2693761503811332,1.6010596490895768,-0.3316834987084436
8,lemniscate,0.25,34,3,q8_lemniscate_tr0.25_d34_rep3,0.4974,0.5897316456831097,0.49,0.6050252531694168,0.3094660074395946,0.14,0.0,0.14,0.14,0.631589594901567,0.6932003495122104,-0.039448767838693444,0.699569744777571,1.3975196615774348,1.6114632313873687,-0.2139435698099339
8,lemniscate,0.25,34,4,q8_lemniscate_tr0.25_d34_rep4,0.502,0.5638890049959904,0.48,0.5733095244168787,0.3861279005737751,0.15,0.0,0.15,0.15,0.6626783579287924,0.6511270552090592,0.001508989074603606,0.7146642564996485,1.4237208218739499,1.5992020688696846,-0.17548124699573475
8,lemniscate,0.25,34,5,q8_lemniscate_tr0.25_d34_rep5,0.4498,0.4270522517591757,0.45,0.4508831175456859,0.3037133320056529,0.14,0.0,0.14,0.12,0.5326581282715035,0.6265290466494606,-0.005903918704286965,0.5796826958021679,1.3483770354133382,1.592363176358484,-0.2439861409451458
8,lemniscate,0.25,34,6,q8_lemniscate_tr0.25_d34_rep6,0.49119999999999997,0.5504796687571453,0.48,0.5733095244168787,0.3233172508814892,0.17,0.0,0.17,0.16,0.5717854660664298,0.624094503015568,-0.01304105302961465,0.5392098910522899,1.3584194613478866,1.6076033403593641,-0.24918387901147754
8,lemniscate,0.25,34,7,q8_lemniscate_tr0.25_d34_rep7,0.4698,0.457875801560394,0.46,0.4567409819219549,0.32194137258230854,0.17,0.0,0.17,0.17,0.5690554169228198,0.6520964259441709,0.02825523076700322,0.6773310861222811,1.3754817536893376,1.6283990588328336,-0.2529173051434961
8,lemniscate,0.35,12,0,q8_lemniscate_tr0.35_d12_rep0,0.4788,0.5517207075989218,0.6,1.1151471862576143,0.4065964928916376,0.11,0.0,0.11,0.09,0.09533777470037483,0.1263280325450072,0.0008711803200695992,0.1706752890481466,0.33492817464640406,0.6091285153840825,-0.27420034073767846
8,lemniscate,0.35,12,1,q8_lemniscate_tr0.35_d12_rep1,0.8682,2.9024158154077155,0.93,3.376568542494924,0.35162455227806794,0.41,0.0,0.41,0.41,0.2020957902870809,0.12789875692946717,0.01134000580612809,0.245590095581015,1.237083790600924,0.5960813185254025,0.6410024720755215
8,lemniscate,0.35,12,2,q8_lemniscate_tr0.35_d12_rep2,0.8662000000000001,2.9123069842322593,0.97,3.428284271247462,0.38356998598256836,0.42,0.0,0.42,0.41,0.24945023235856092,0.1307442041185141,0.014417570244109825,0.3078568248263961,1.2246727553457601,0.5957049019684048,0.6289678533773554
8,lemniscate,0.35,12,3,q8_lemniscate_tr0.35_d12_rep3,0.867,2.8969731747205962,0.93,3.376568542494924,0.3586863341493112,0.41,0.0,0.41,0.41,0.5117512734135811,0.1281707367798852,0.005665845876325796,0.5070463181131213,1.1734334674902556,0.5985343712246682,0.5748990962655873
8,lemniscate,0.35,12,4,q8_lemniscate_tr0.35_d12_rep4,0.5692,0.7815696541445563,0.72,1.482426406871193,0.47767808058876804,0.15,0.0,0.15,0.13,0.11321267820429362,0.13394111441557874,0.0019014259910044423,0.17369407867949863,0.39611012997065836,0.5986183025958284,-0.20250817262517
8,lemniscate,0.35,12,5,q8_lemniscate_tr0.35_d12_rep5,0.8684000000000001,2.9112525686445303,0.93,3.376568542494924,0.36235521524175973,0.41,0.0,0.41,0.41,0.3473729151493981,0.12850833988104945,0.013576838958666019,0.360570215894718,1.2038231326382594,0.5929490676500841,0.6108740649881752
8,lemniscate,0.35,12,6,q8_lemniscate_tr0.35_d12_rep6,0.8672,2.9003672872702917,0.93,3.376568542494924,0.34759994981435804,0.41,0.0,0.41,0.41,0.2603304313850802,0.1313690083221329,0.014545408113719537,0.2901464498452159,1.2396799452673237,0.6006217341058767,0.639058211161447
8,lemniscate,0.35,12,7,q8_lemniscate_tr0.35_d12_rep7,0.597,1.1131440840897846,0.75,1.78,0.4288930517517362,0.18,0.0,0.18,0.17,0.14296636550728528,0.13216121900697794,0.01671334544918213,0.21702612443564048,0.6456236132253449,0.5978433385874548,0.04778027463789014
8,lemniscate,0.35,34,0,q8_lemniscate_tr0.35_d34_rep0,0.5898,0.9708709960243658,0.85,1.9297056274847713,0.5210980788568914,0.17,0.0,0.17,0.17,0.4902174323790755,0.6514117609073362,-0.01301594990175911,0.6981065717453596,1.1507700954607774,1.5943092541270205,-0.44353915866624316
8,lemniscate,0.35,34,1,q8_lemniscate_tr0.35_d34_rep1,0.5962,0.9985008516840993,0.85,1.9521320343559643,0.5170084622884,0.18,0.0,0.18,0.18,0.4911509677401326,0.6246193107023883,0.015061911580869117,0.8002572614056012,1.0573450868910206,1.6027258261200696,-0.5453807392290491
8,lemniscate,0.35,34,2,q8_lemniscate_tr0.35_d34_rep2,0.5458,0.8978616597855207,0.73,1.7321320343559643,0.4901514110811408,0.16,0.0,0.16,0.16,0.5400811001996372,0.6407950457764646,0.009810629452167104,0.7865214081158497,1.174313563903085,1.5914193004059867,-0.4171057365029016
8,lemniscate,0.35,34,3,q8_lemniscate_tr0.35_d34_rep3,0.607,1.0361556856800382,0.94,2.267695526217005,0.5798011434609607,0.11,0.0,0.11,0.11,0.5218717866115206,0.6341954080983708,-0.013284177296845664,0.860639427422982,1.150674866211111,1.6027730067251378,-0.45209814051402675
8,lemniscate,0.35,34,4,q8_lemniscate_tr0.35_d34_rep4,0.6103999999999999,1.0408752816293276,0.88,2.2325483399593904,0.5498417274521573,0.17,0.0,0.17,0.17,0.5047572556265474,0.6417399031027591,-0.011727836906573069,0.7773883111119576,1.0839269421337314,1.5892089518682242,-0.5052820097344928
8,lemniscate,0.35,34,5,q8_lemniscate_tr0.35_d34_rep5,0.6086,1.0364787304178682,0.9,2.173553390593274,0.5431174374552774,0.14,0.0,0.14,0.14,0.5388343256753794,0.6781353445806666,-0.009907487737532538,0.7821271679835702,1.136841235982057,1.6280493627050565,-0.4912081267229995
8,lemniscate,0.35,34,6,q8_lemniscate_tr0.35_d34_rep6,0.6138,1.0880350796039722,0.89,2.2442640687119284,0.5346949741662239,0.14,0.0,0.14,0.13,0.5961029401710003,0.622391309307426,0.0040818948714362036,0.8397181060563106,1.2080116456221206,1.5884562925722086,-0.38044464695008795
8,lemniscate,0.35,34,7,q8_lemniscate_tr0.35_d34_rep7,0.546,0.9169203609782108,0.91,2.1311269837220808,0.5409939338389126,0.08,0.0,0.08,0.08,0.5245134331117282,0.6971285496024305,-0.00995065850141944,0.8120492831040075,1.1296439027659295,1.619243494686184,-0.4895995919202545
8,square,0.25,12,0,q8_square_tr0.25_d12_rep0,0.2664,0.20272255454211965,0.27,0.2005887450304572,0.1875583808072631,0.09,0.0,0.0,0.09,0.09036845247186727,0.17612656122471154,-0.0021983992056838477,0.13054996154178503,0.42637013349309894,0.6833445371903644,-0.25697440369726543
8,square,0.25,12,1,q8_square_tr0.25_d12_rep1,0.26039999999999996,0.17573189078096482,0.27,0.1723044737829953,0.17870456790652903,0.07,0.0,0.0,0.07,0.07523169720757102,0.18541849469842042,-0.002463558606163549,0.17277477054780663,0.41906703150738983,0.6889418577092654,-0.2698748262018756
8,square,0.25,12,2,q8_square_tr0.25_d12_rep2,0.2546,0.175162756567475,0.27,0.1723044737829953,0.1616819611271304,0.07,0.0,0.0,0.07,0.05937453363030727,0.1860837504913429,-0.002419606027037454,0.19624826228846712,0.33062649733312105,0.6905101392494007,-0.3598836419162797
8,square,0.25,12,3,q8_square_tr0.25_d12_rep3,0.261,0.1837201158803557,0.26,0.18058874503045722,0.20398629866358242,0.09,0.0,0.0,0.08,0.08377935081573008,0.17809486065225744,-0.00271599922680304,0.19265919191398168,0.408240420632836,0.7031469336328793,-0.2949065130000433
8,square,0.25,12,4,q8_square_tr0.25_d12_rep4,0.2504,0.17864215049140897,0.24,0.16887301627791915,0.1785292526317331,0.09,0.0,0.0,0.09,0.07523016407351156,0.18399412851560565,-0.0008726444442302434,0.1855614617442575,0.39161553714452374,0.7086152514793348,-0.31699971433481106
8,square,0.25,12,5,q8_square_tr0.25_d12_rep5,0.2488,0.16780539725459426,0.27,0.1723044737829953,0.19107711164302874,0.08,0.0,0.0,0.08,0.0647539098029065,0.18253760904077024,-0.002517437821708953,0.17289884243696055,0.3580096624531641,0.7113483349494006,-0.3533386724962365
8,square,0.25,12,6,q8_square_tr0.25_d12_rep6,0.2554,0.17054021689303336,0.27,0.1723044737829953,0.1825528560624396,0.07,0.0,0.0,0.07,0.06196448288883623,0.18334862924285744,-0.0022849892327392457,0.18215730735899296,0.3392766304121438,0.7102375965983494,-0.3709609661862056
8,square,0.25,12,7,q8_square_tr0.25_d12_rep7,0.255,0.1686088460431349,0.27,0.1723044737829953,0.1728219569446135,0.07,0.0,0.0,0.07,0.06570373013570743,0.16630850026478683,-0.0033737643711735958,0.1469046153890775,0.3601212474536148,0.686415467915906,-0.32629422046229123
8,square,0.25,34,0,q8_square_tr0.25_d34_rep0,0.428,0.3333066673469041,0.42,0.3308831175456859,0.2801530064368217,0.1,0.0,0.0,0.09,0.6297443280997995,0.7922949175777376,0.01046461443587,1.036058427593495,1.2565180847432191,1.4777124192944602,-0.22119433455124105
8,square,0.25,34,1,q8_square_tr0.25_d34_rep1,0.45299999999999996,0.34455721573788134,0.45,0.348456710674493,0.3076066942052264,0.08,0.0,0.0,0.08,0.5972706529622948,0.771019088806755,-0.02377394464576486,0.9541591794925145,1.2278771608082828,1.450093582810672,-0.22221642200238922
8,square,0.25,34,2,q8_square_tr0.25_d34_rep2,0.43,0.3175076774736808,0.42,0.3167409819219549,0.2793369965165921,0.16,0.0,0.0,0.14,0.6615563932203532,0.7746235109150625,-0.027281527774960013,0.9234417441424444,1.325592794997493,1.4506992629182973,-0.12510646792080427
8,square,0.25,34,3,q8_square_tr0.25_d34_rep3,0.43920000000000003,0.33647336289863006,0.43,0.3367409819219549,0.2776526539203109,0.09,0.0,0.0,0.09,0.6117190197580007,0.8016031744506841,-0.018139678296026387,1.019342420168055,1.239805380212088,1.4743590147175225,-0.23455363450543443
8,square,0.25,34,4,q8_square_tr0.25_d34_rep4,0.4486,0.3309488896258128,0.44,0.328456710674493,0.3082931409847573,0.09,0.0,0.0,0.09,0.6044037464919901,0.7505197241673645,-0.04042934479897151,0.9579844092412099,1.2302290762457815,1.4352512368627501,-0.20502216061696865
8,square,0.25,34,5,q8_square_tr0.25_d34_rep5,0.4244,0.32808656633422645,0.41,0.3250252531694168,0.26202679887350694,0.15,0.0,0.0,0.14,0.6197419163066407,0.7892249599045013,-0.0291658731222756,0.9332564572416999,1.2883558219735678,1.447726978885446,-0.1593711569118783
8,square,0.25,34,6,q8_square_tr0.25_d34_rep6,0.41979999999999995,0.3270890049959904,0.41,0.3250252531694168,0.26902763312890055,0.15,0.0,0.0,0.15,0.5886347030747792,0.7716499842020644,-0.029021253695740722,0.8560398399733805,1.2867192657125917,1.4442322798120995,-0.1575130140995078
8,square,0.25,34,7,q8_square_tr0.25_d34_rep7,0.44420000000000004,0.35609001512276706,0.44,0.37088311754568587,0.27088785267755794,0.09,0.0,0.0,0.09,0.6286172549970472,0.7601702505603686,-0.009242638656753932,0.9923991897580703,1.2237615297927757,1.435279317362554,-0.21151778756977824
8,square,0.35,12,0,q8_square_tr0.35_d12_rep0,0.247,0.3443762051009266,0.39,0.7658578643762692,0.25181187615493705,0.07,0.0,0.0,0.07,0.04580633096104995,0.1794058208925996,-0.005445444111460268,0.16749138039900183,0.37553081579617914,0.7095808279221945,-0.3340500121260153
8,square,0.35,12,1,q8_square_tr0.35_d12_rep1,0.18780000000000002,0.23983549801218293,0.24,0.4800000000000001,0.16776117632770185,0.08,0.0,0.0,0.08,0.05270281799497631,0.18578063891407295,-0.0015545317686714703,0.18906214821020892,0.4869222972237075,0.7008872768157378,-0.2139649795920303
8,square,0.35,12,2,q8_square_tr0.35_d12_rep2,0.1686,0.20030412716228443,0.17,0.354142135623731,0.14440432846088075,0.07,0.0,0.0,0.07,0.04175251592786571,0.17654746208099426,-0.0014961281215050903,0.19849527794472974,0.4537585630692615,0.6891422555549626,-0.23538369248570107
8,square,0.35,12,3,q8_square_tr0.35_d12_rep3,0.1862,0.2428580376866245,0.24,0.4800000000000001,0.1826567002175276,0.07,0.0,0.0,0.07,0.042499667007687925,0.17501384386889027,-0.0022882526134988526,0.18550692769992522,0.43614498804217555,0.7187433475695271,-0.2825983595273515
8,square,0.35,12,4,q8_square_tr0.35_d12_rep4,0.184,0.21922473323835043,0.19,0.3658578643762691,0.16124370803678217,0.07,0.0,0.0,0.07,0.055881617032865365,0.17238992703462563,0.0012797781205890002,0.17708139877104895,0.4423309870932585,0.694830781408262,-0.2524997943150035
8,square,0.35,12,5,q8_square_tr0.35_d12_rep5,0.1458,0.17365458889808388,0.15,0.27171572875253813,0.1291869401639072,0.07,0.0,0.0,0.07,0.03877580036626726,0.1625654181483502,-0.0025649985523584318,0.17253941332224199,0.38891558424784967,0.6714726186995478,-0.2825570344516981
8,square,0.35,12,6,q8_square_tr0.35_d12_rep6,0.29600000000000004,0.3903331460055967,0.44,0.8375735931288074,0.29205682991647647,0.07,0.0,0.0,0.07,0.06239161875456475,0.15784908007831555,-0.0046954370127379715,0.1810285360752891,0.36143934049666404,0.6569664421585759,-0.2955271016619119
8,square,0.35,12,7,q8_square_tr0.35_d12_rep7,0.257,0.3276066524792261,0.36,0.6775735931288073,0.23969708854774482,0.07,0.0,0.0,0.07,0.05829032766600883,0.17545961223488385,-0.004960560713152518,0.17652403792668345,0.39103983432621725,0.7065181423843842,-0.3154783080581669
8,square,0.35,34,0,q8_square_tr0.35_d34_rep0,0.5454,0.7765617464406983,0.79,1.7072792206135787,0.4632435683661352,0.13,0.0,0.0,0.12,0.5205574567925922,0.7847854155920211,0.030383199081410614,0.9751300871188433,1.1032672983438223,1.473763736114982,-0.3704964377711597
8,square,0.35,34,1,q8_square_tr0.35_d34_rep1,0.5748,0.9156890767834901,0.83,2.0418376618407357,0.5106393379176735,0.13,0.0,0.0,0.12,0.5274702755287201,0.8052899919187743,-0.0068886893706836564,0.8920631644359026,1.0460155085095688,1.4647781442229348,-0.418762635713366
8,square,0.35,34,2,q8_square_tr0.35_d34_rep2,0.4654,0.6703018618108758,0.64,1.4497056274847713,0.40656460340815764,0.11,0.0,0.0,0.09,0.43415216225032277,0.8133908938948503,-0.027762507334147833,0.9628111190805132,1.0152058542717113,1.4643427120031953,-0.44913685773148404
8,square,0.35,34,3,q8_square_tr0.35_d34_rep3,0.5908,0.9488204476333886,0.92,2.179411254969543,0.560810828798563,0.11,0.0,0.0,0.11,0.4494098967022598,0.8166124243151388,-0.010079036713310287,0.8687493844877738,0.9768598462346786,1.475485846103393,-0.4986259998687145
8,square,0.35,34,4,q8_square_tr0.35_d34_rep4,0.581,0.843519105753579,0.85,1.8555634918610406,0.5120996157230727,0.12,0.0,0.0,0.12,0.4533295368560895,0.7423754578518781,-0.03254194067245306,0.8730230742455111,1.0238745537317946,1.432568051295048,-0.40869349756325346
8,square,0.35,34,5,q8_square_tr0.35_d34_rep5,0.568,0.8664508950116881,0.87,1.9238477631085025,0.5560040055086326,0.09,0.0,0.0,0.09,0.48266689099129506,0.7381263245351761,-0.02743499122619383,0.9536451869750285,1.036121350243124,1.4281730950609246,-0.3920517448178007
8,square,0.35,34,6,q8_square_tr0.35_d34_rep6,0.5868,0.8876460176881602,0.89,1.9921320343559643,0.5499101312962961,0.12,0.0,0.0,0.11,0.5035077292921535,0.7440852637536151,0.00512408265519599,0.7906552118187301,1.0252317291482704,1.4344754547902956,-0.40924372564202516
8,square,0.35,34,7,q8_square_tr0.35_d34_rep7,0.5462,0.7617568691171703,0.76,1.6189949493661167,0.43436673871404624,0.09,0.0,0.0,0.08,0.5734191079609244,0.8083318857643659,0.03242054617974557,0.8677158198859146,1.1380991856038973,1.4941552214613287,-0.3560560358574314
8,zigzag,0.25,12,0,q8_zigzag_tr0.25_d12_rep0,0.4498,0.8357950508889723,0.43,0.8430151519016501,0.240975758691488,0.09,0.23,0.0,0.08,0.661013723458251,0.7034807492855607,-0.005490489562384557,0.9999938588140713,1.174440787979169,1.2591644236184631,-0.08472363563929419
8,zigzag,0.25,12,1,q8_zigzag_tr0.25_d12_rep1,0.5232,0.9040916887556095,0.51,0.9347308806541882,0.27659590907975057,0.12,0.21,0.0,0.11,0.5702261061498783,0.8317530272537803,0.010617431781012085,0.9456073638042096,1.270839545267148,1.3980742085765703,-0.12723466330942235
8,zigzag,0.25,12,2,q8_zigzag_tr0.25_d12_rep2,0.4728,0.8250407219564216,0.46,0.8464466094067262,0.27492293117425437,0.1,0.23,0.0,0.1,0.6478828852411698,0.7835930896362284,0.00447657643711343,0.7565250713948533,1.1543273737650905,1.3406219621501243,-0.18629458838503377
8,zigzag,0.25,12,3,q8_zigzag_tr0.25_d12_rep3,0.4648,0.9248744448129064,0.43,0.9312994231491121,0.2184287256040561,0.11,0.23,0.0,0.11,0.6879953689451201,0.676635431029064,0.02920097067021326,0.9437109512659178,1.252873297849623,1.282003843813032,-0.029130545963408805
8,zigzag,0.25,12,4,q8_zigzag_tr0.25_d12_rep4,0.47659999999999997,0.8280265083940486,0.48,0.8581623381592643,0.26915189936378764,0.11,0.22,0.0,0.09,0.6699257319489121,0.7767243607790615,-0.049241132883970286,1.144004322792967,1.1783297185801433,1.4209353755526861,-0.24260565697254277
8,zigzag,0.25,12,5,q8_zigzag_tr0.25_d12_rep5,0.4404,0.811952410201853,0.42,0.8230151519016501,0.23273584859194052,0.11,0.24,0.0,0.1,0.663950398663284,0.7750641800460114,-0.02202376158378322,1.2192308414276722,1.1664827605389394,1.3380402909897673,-0.1715575304508279
8,zigzag,0.25,12,6,q8_zigzag_tr0.25_d12_rep6,0.4346,0.8242318041257871,0.4,0.8312994231491121,0.20926931805872429,0.08,0.24,0.0,0.08,0.7806555172196741,0.8509225777504867,0.05906292465207028,1.0446501377732431,1.2852672201260793,1.4192816824381616,-0.13401446231208225
8,zigzag,0.25,12,7,q8_zigzag_tr0.25_d12_rep7,0.4632,0.8342171721552034,0.45,0.8464466094067262,0.234677235304185,0.11,0.23,0.0,0.09,0.672618090261897,0.6706712054336335,-0.04099186883871803,0.9393021122065236,1.188919311258495,1.3149606831416119,-0.12604137188311682
8,zigzag,0.25,34,0,q8_zigzag_tr0.25_d34_rep0,0.451,0.32881508011415034,0.44,0.32845671067449295,0.25830794501834237,0.27,0.1,0.0,0.27,0.9358509338325991,0.9635632328177598,0.182436709357859,1.4612267138591464,1.8104162415618048,1.8942593285177753,-0.08384308695597054
8,zigzag,0.25,34,1,q8_zigzag_tr0.25_d34_rep1,0.45439999999999997,0.36481995743767826,0.45,0.3684567106744929,0.2934645277901718,0.24,0.1,0.0,0.23,0.8616582535537892,0.93737953413389,0.1788995800677577,1.442322263094185,1.779108715948975,1.954523718287436,-0.17541500233846108
8,zigzag,0.25,34,2,q8_zigzag_tr0.25_d34_rep2,0.4496,0.33205183335096505,0.44,0.32845671067449295,0.29809071852249225,0.27,0.1,0.0,0.27,0.892406574675822,0.9271625035584853,0.18260643376015248,1.3716230271996206,1.789380003108704,1.8960097148776018,-0.1066297117688979
8,zigzag,0.25,34,3,q8_zigzag_tr0.25_d34_rep3,0.4414,0.37505225175917567,0.43,0.38502525316941677,0.26491470080279667,0.27,0.09,0.0,0.27,0.916074212517764,0.9164666000224713,0.15193068967358736,1.353088404892218,1.7982002401771906,1.931786988772989,-0.13358674859579844
8,zigzag,0.25,34,4,q8_zigzag_tr0.25_d34_rep4,0.4512,0.3326778218139473,0.44,0.32845671067449295,0.32263208784508923,0.24,0.1,0.0,0.23,0.8854501492134895,0.9307762971366594,0.19558526599446938,1.4661627713692493,1.7678821180971185,1.9675021965061665,-0.19962007840904805
8,zigzag,0.25,34,5,q8_zigzag_tr0.25_d34_rep5,0.4468,0.37081305986059704,0.44,0.3767409819219549,0.2921198626535858,0.28,0.09,0.0,0.27,0.9339539472949934,0.9357032813590334,0.17707992075959347,1.4679692890019678,1.7988478597736832,1.9605771834031376,-0.16172932362945436
8,zigzag,0.25,34,6,q8_zigzag_tr0.25_d34_rep6,0.4628,0.37682685501475954,0.46,0.3801724394270311,0.28881855772865495,0.27,0.09,0.0,0.26,0.8714886539174908,0.9480011134729522,0.15913891364545524,1.2723881076040928,1.7709612960349965,1.8964386608720418,-0.1254773648370453
8,zigzag,0.25,34,7,q8_zigzag_tr0.25_d34_rep7,0.44380000000000003,0.3514709242368661,0.43,0.35674098192195486,0.2666825975074145,0.27,0.1,0.0,0.27,0.8929021640746196,0.9200365522207529,0.1725028730047949,1.343936300657837,1.7431992042386466,1.8837977310530973,-0.14059852681445073
8,zigzag,0.35,12,0,q8_zigzag_tr0.35_d12_rep0,0.4996,1.1582444158428173,0.48,1.337573593128807,0.24472605634570185,0.05,0.24,0.0,0.05,0.6544400191648898,0.8661956796743333,-0.053080058928482755,0.9156188377442955,1.2289150871878254,1.4302046175274221,-0.20128953033959673
8,zigzag,0.35,12,1,q8_zigzag_tr0.35_d12_rep1,0.5148,1.225594877578617,0.54,1.477573593128807,0.3053076929869697,0.07,0.25,0.0,0.07,0.6454462777697269,0.7095065714417563,0.01759107461032908,0.8844429263808583,1.2261467295761619,1.2977095123447957,-0.07156278276863381
8,zigzag,0.35,12,2,q8_zigzag_tr0.35_d12_rep2,0.46840000000000004,1.0882978213037693,0.43,1.245857864376269,0.23739436751669185,0.07,0.24,0.0,0.07,0.6856496941379936,0.7622125109432248,-0.07423907183982252,1.0045585750186654,1.269457932810768,1.3855445358391139,-0.11608660302834584
8,zigzag,0.35,12,3,q8_zigzag_tr0.35_d12_rep3,0.40700000000000003,0.8891262484285154,0.39,1.0575735931288073,0.22527447767815129,0.09,0.24,0.0,0.09,0.6605660120640322,0.7042587051838687,0.0644334164670757,0.9597446714860897,1.1479773074818669,1.3605437518154684,-0.2125664443336015
8,zigzag,0.35,12,4,q8_zigzag_tr0.35_d12_rep4,0.40759999999999996,0.9331727563123858,0.39,1.0941421356237309,0.21291353948143749,0.11,0.23,0.0,0.1,0.7586263618068169,0.7268404182569123,0.03856581464360791,1.3694881487144066,1.2942041863434497,1.2684496077279879,0.02575457861546182
8,zigzag,0.35,12,5,q8_zigzag_tr0.35_d12_rep5,0.484,1.0431831026780078,0.58,1.4175735931288072,0.3447951839599373,0.06,0.23,0.0,0.06,0.7403767721033416,0.7893093554327736,0.08585480671897218,0.9860971459030995,1.3425468761759327,1.3822994331940515,-0.03975255701811875
8,zigzag,0.35,12,6,q8_zigzag_tr0.35_d12_rep6,0.5348,1.169435498012183,0.65,1.658994949366117,0.40078204088238856,0.05,0.23,0.0,0.05,0.5921067055414928,0.7483163333437898,0.04985078152033932,1.0238165462807576,1.2277514550788657,1.4272122937250415,-0.1994608386461758
8,zigzag,0.35,12,7,q8_zigzag_tr0.35_d12_rep7,0.4976,1.1621439107794291,0.49,1.3858578643762691,0.28496204598213326,0.06,0.24,0.0,0.06,0.6796442628485962,0.6661329061664786,0.003434881605466524,0.8449009355150551,1.278253310515629,1.3355351952045371,-0.05728188468890805
8,zigzag,0.35,34,0,q8_zigzag_tr0.35_d34_rep0,0.5404,0.8016813423899878,0.73,1.5931370849898476,0.46249224896865615,0.27,0.06,0.0,0.26,0.7816116150982597,0.939766801508865,-0.021370413550988735,0.8922901611097752,1.5477970490676158,1.8945175096263758,-0.34672046055875994
8,zigzag,0.35,34,1,q8_zigzag_tr0.35_d34_rep1,0.5202,0.7397014434026653,0.69,1.5414213562373096,0.43366844122161247,0.27,0.06,0.0,0.26,0.8768941381360593,0.8749328461491258,0.03869375463276679,1.1841197747193084,1.602091361022056,1.8745769365342562,-0.2724855755122002
8,zigzag,0.35,34,2,q8_zigzag_tr0.35_d34_rep2,0.527,0.8117798271998227,0.7,1.6379898987322334,0.4409153230573996,0.25,0.05,0.0,0.23,0.7851406610805826,0.8865684545200078,-0.0015952916897332982,1.094347248735714,1.4997126708480522,1.8749305702850407,-0.3752178994369886
8,zigzag,0.35,34,3,q8_zigzag_tr0.35_d34_rep3,0.531,0.798236681449315,0.71,1.6945584412271573,0.46027912829981615,0.24,0.06,0.0,0.23,0.7583876915566012,0.9123500139689438,-0.027069440950234298,0.8053883516245037,1.4591912140109857,1.9330689856112862,-0.4738777716003004
8,zigzag,0.35,34,4,q8_zigzag_tr0.35_d34_rep4,0.5478000000000001,0.8033534203286298,0.73,1.6131370849898476,0.4662360661241391,0.25,0.05,0.0,0.25,0.740985053146178,0.9613484161592558,-0.019602568846615737,0.8408134690385809,1.5103007760533573,1.8897860215291955,-0.3794852454758382
8,zigzag,0.35,34,5,q8_zigzag_tr0.35_d34_rep5,0.5442,0.848762164848909,0.76,1.7662741699796953,0.49874807494459966,0.26,0.06,0.0,0.24,0.7508034792838847,0.8637481560256204,0.040524059340907845,1.0122250227428398,1.5458121840656607,1.8732851751410757,-0.32747299107541505
8,zigzag,0.35,34,6,q8_zigzag_tr0.35_d34_rep6,0.5538000000000001,0.8637195241617897,0.78,1.8062741699796954,0.48177456742509833,0.25,0.06,0.0,0.24,0.7696033705936742,0.9169810274645352,0.0011520147056773126,1.1575545801732776,1.526906673273857,1.8871707390249979,-0.3602640657511409
8,zigzag,0.35,34,7,q8_zigzag_tr0.35_d34_rep7,0.5058,0.7748322225339977,0.71,1.6379898987322334,0.4766579297601084,0.26,0.06,0.0,0.25,0.7239775123231467,0.8797100463129355,-0.0039297275957276825,0.8329748429823279,1.412431810624145,1.87992387505746,-0.46749206443331515
16,circle,0.25,12,0,q16_circle_tr0.25_d12_rep0,0.386,0.06387966058748544,0.36,0.05914219161836832,0.36896011288930386,0.0,0.0,0.0,0.0,0.02728259595270504,0.023376255089249568,-0.0002321623072805605,0.029909974697405774,0.21081298578570323,0.2587222478078699,-0.047909262022166665
16,circle,0.25,12,1,q16_circle_tr0.25_d12_rep1,0.3868,0.06547491942194307,0.37,0.06500005599463737,0.3535038120715447,0.0,0.0,0.0,0.0,0.026993817360449524,0.023314656414069077,-0.0002709057030946086,0.03272597676972185,0.2062782873698096,0.25987379579720526,-0.05359550842739566
16,circle,0.25,12,2,q16_circle_tr0.25_d12_rep2,0.4042,0.07107143248603423,0.39,0.07671578474717547,0.3790407833591693,0.0,0.0,0.0,0.0,0.026668343741187657,0.020193229251344348,8.56903750190783e-05,0.03289827551305691,0.2056149455180694,0.2553173786781991,-0.049702433160129705
16,circle,0.25,12,3,q16_circle_tr0.25_d12_rep3,0.3934,0.06955758835033912,0.37,0.07367096604762695,0.3665882909297343,0.0,0.0,0.0,0.0,0.030920336382660268,0.021604500342348933,0.0001959585594034764,0.03729053749095216,0.21745075881399667,0.26033783482092965,-0.04288707600693298
16,circle,0.25,12,4,q16_circle_tr0.25_d12_rep4,0.3786,0.06435631309465677,0.36,0.05914219161836832,0.32838031598427675,0.0,0.0,0.0,0.0,0.023438003939835566,0.022635610766469083,0.0002587259557959416,0.02747967654218283,0.2001795846407727,0.25901488526313815,-0.058835300622365444
16,circle,0.25,12,5,q16_circle_tr0.25_d12_rep5,0.4154,0.07353656803443671,0.43,0.08280542214627255,0.37230292004135884,0.0,0.0,0.0,0.0,0.02828121519516306,0.023800603781414107,-0.0012159372025995867,0.03379510905145656,0.21374076769601222,0.2654866454379417,-0.051745877741929486
16,circle,0.25,12,6,q16_circle_tr0.25_d12_rep6,0.3932,0.06740306151162746,0.38,0.07085792037090644,0.35400886210829335,0.0,0.0,0.0,0.0,0.02487689091604828,0.022643769910123866,-0.00012023151326465535,0.027727291052606018,0.19929452355937197,0.26002855003424097,-0.060734026474869
16,circle,0.25,12,7,q16_circle_tr0.25_d12_rep7,0.406,0.0681384066944525,0.41,0.06241878334074486,0.3339388676760612,0.0,0.0,0.0,0.0,0.025818750143773765,0.022208119836436318,-0.0011798873829545183,0.03271611822205155,0.20830638043058308,0.2621963641880498,-0.05388998375746673
16,circle,0.25,34,0,q16_circle_tr0.25_d34_rep0,0.4458,0.07575777109355969,0.43,0.07413451209328299,0.41161776190043176,0.0,0.0,0.0,0.0,0.2195525565383096,0.08919833804432263,-0.004507196294088274,0.2533749624302065,0.7777946876221313,0.651037806421537,0.12675688120059436
16,circle,0.25,34,1,q16_circle_tr0.25_d34_rep1,0.4506,0.07804929139098946,0.44,0.07999237646955201,0.3996664355210807,0.0,0.0,0.0,0.0,0.20988376883043075,0.3924152128306844,-0.03164132041158752,0.46446162486875264,0.7707209676769471,1.0951344471240478,-0.32441347944710075
16,circle,0.25,34,2,q16_circle_tr0.25_d34_rep2,0.40240000000000004,0.06706890748028935,0.4,0.060896373990970594,0.35875942449964104,0.0,0.0,0.0,0.0,0.17355332799017864,0.3366617588450997,0.000662413551339845,0.4130477861558364,0.7006613486818584,1.0303027605532538,-0.3296414118713954
16,circle,0.25,34,3,q16_circle_tr0.25_d34_rep3,0.47619999999999996,0.08498147784495792,0.46,0.09170810522209011,0.4168361837737944,0.0,0.0,0.0,0.0,0.2376730109571984,0.2755361946241864,-0.010990786047007284,0.363300063615525,0.8205776278564882,0.9628663055464304,-0.14228867768994213
16,circle,0.25,34,4,q16_circle_tr0.25_d34_rep4,0.5154,0.08691764363269915,0.53,0.08068769553803606,0.4282063616856672,0.0,0.0,0.0,0.0,0.2841382196150083,0.2773718306128878,-0.0362005999517856,0.3790093534232906,0.8748734521579559,0.945793698040537,-0.07092024588258117
16,circle,0.25,34,5,q16_circle_tr0.25_d34_rep5,0.4434,0.07617277475438292,0.41,0.07108969339373444,0.4120479530290433,0.0,0.0,0.0,0.0,0.21504598740430947,0.36527747093706775,-0.024999708127295378,0.4715467268376555,0.7816586488542407,1.0698229710791882,-0.2881643222249475
16,circle,0.25,34,6,q16_circle_tr0.25_d34_rep6,0.5124,0.08693634932435,0.51,0.07764287683848753,0.41878250460261307,0.0,0.0,0.0,0.0,0.2793002545113107,0.3661696791715745,-0.029973345132526842,0.45980671424694286,0.8715159703432792,1.074508695841013,-0.20299272549773384
16,circle,0.25,34,7,q16_circle_tr0.25_d34_rep7,0.4764,0.08221571274181795,0.45,0.0771793307928315,0.3933697580971956,0.0,0.0,0.0,0.0,0.2428196606717346,0.31744391327848337,-0.025518295553805758,0.38508945281830304,0.8270564991441834,1.0152584260361095,-0.18820192689192605
16,circle,0.35,12,0,q16_circle_tr0.35_d12_rep0,0.4768,0.15144952179537827,0.6,0.3037818572847003,0.22338009418002508,0.0,0.0,0.0,0.0,0.027364313995286542,0.019855721756084094,-0.00033965184014523133,0.03703921716308691,0.19524674796411534,0.25501837790148113,-0.05977162993736579
16,circle,0.35,12,1,q16_circle_tr0.35_d12_rep1,0.4954,0.17207255239708977,0.6,0.3492305572463305,0.2573974780078974,0.0,0.0,0.0,0.0,0.041034239176740775,0.020961898390666322,-0.0006201373353158326,0.04572201867928331,0.21634461907278868,0.2592652396130908,-0.0429206205403021
16,circle,0.35,12,2,q16_circle_tr0.35_d12_rep2,0.446,0.1399104820562118,0.55,0.27449253540335505,0.24019172459243315,0.0,0.0,0.0,0.0,0.024736543265278292,0.02187033570745304,-0.00024378308930197542,0.03371292413417039,0.1953134260489848,0.2621905980316469,-0.0668771719826621
16,circle,0.35,12,3,q16_circle_tr0.35_d12_rep3,0.537,0.17397386154259767,0.65,0.3438656700423434,0.24459126547651838,0.0,0.0,0.0,0.0,0.03296117947621753,0.02424405272615461,-0.0013548751114103425,0.04310969682437179,0.22024143472838556,0.2626154673133588,-0.042374032584973215
16,circle,0.35,12,4,q16_circle_tr0.35_d12_rep4,0.4416,0.1296153231609602,0.54,0.24695739589461219,0.24573070660388116,0.0,0.0,0.0,0.0,0.030174963712622786,0.02528186100627837,0.00034853589855613355,0.04355713389562408,0.20096155706303617,0.25931906397787435,-0.05835750691483818
16,circle,0.35,12,5,q16_circle_tr0.35_d12_rep5,0.4656,0.15069233720413477,0.54,0.29680041313598904,0.2274856845165343,0.0,0.0,0.0,0.0,0.028740864074153688,0.0231123595317033,4.447978332711983e-05,0.03590270012605476,0.1924662120149901,0.25965056439607015,-0.06718435238108006
16,circle,0.35,12,6,q16_circle_tr0.35_d12_rep6,0.43560000000000004,0.1259230659764113,0.49,0.23282745104268565,0.21749466554598246,0.0,0.0,0.0,0.0,0.027647452490427653,0.023194469099530747,0.0006007234561725021,0.04046393540087535,0.1890708354019424,0.2625082616292967,-0.0734374262273543
16,circle,0.35,12,7,q16_circle_tr0.35_d12_rep7,0.446,0.1323219642035146,0.5,0.24520321352200983,0.22044018754233277,0.0,0.0,0.0,0.0,0.026590412353066122,0.021581767147563106,-0.000263272779098653,0.04131280001334551,0.18916839563993454,0.2571729779692539,-0.06800458232931939
16,circle,0.35,34,0,q16_circle_tr0.35_d34_rep0,0.7318000000000001,0.5583194553095335,0.99,1.356237803409418,0.6299095633306161,0.0,0.0,0.0,0.0,0.2133650879227122,0.11825459267923302,0.0017807495471233528,0.22425762412451156,0.5286983229249543,0.691794719000553,-0.16309639607559867
16,circle,0.35,34,1,q16_circle_tr0.35_d34_rep1,0.7092,0.5265021229579854,0.99,1.3056549848421168,0.6833639617388424,0.0,0.0,0.0,0.0,0.19158606737449252,0.12708562036519866,0.007631948376019134,0.24108699157278715,0.49700162157390826,0.720149019210784,-0.22314739763687574
16,circle,0.35,34,2,q16_circle_tr0.35_d34_rep2,0.682,0.4573940725648656,0.99,1.132956495393534,0.5813040327218821,0.0,0.0,0.0,0.0,0.21292932960598038,0.36473241373716053,-0.022335666943170768,0.41330702939670255,0.5553782532375438,1.0794146084376222,-0.5240363552000784
16,circle,0.35,34,3,q16_circle_tr0.35_d34_rep3,0.6738,0.500281283677906,0.95,1.2329715465243485,0.5719796484895301,0.0,0.0,0.0,0.0,0.19235642670197217,0.35489156801092453,-0.014642658897879522,0.4087670434871795,0.5074557391070106,1.061017645704425,-0.5535619065974143
16,circle,0.35,34,4,q16_circle_tr0.35_d34_rep4,0.7264,0.5631863504982146,0.99,1.3993266689026769,0.67998967748855,0.0,0.0,0.0,0.0,0.22026667716465345,0.31442333465945854,-0.01571499709259753,0.35207139717908664,0.5194617803591235,1.0067168481521955,-0.48725506779307204
16,circle,0.35,34,5,q16_circle_tr0.35_d34_rep5,0.7132,0.5201696876222474,0.99,1.2818541288863343,0.6488693960024139,0.0,0.0,0.0,0.0,0.2107075047834954,0.3748513176542009,-0.04195054397126787,0.43573739006188955,0.532086928331881,1.0886542100315597,-0.5565672816996787
16,circle,0.35,34,6,q16_circle_tr0.35_d34_rep6,0.6994,0.5374280593350858,0.99,1.31148099319648,0.6015880397521122,0.0,0.0,0.0,0.0,0.23035640896658918,0.11688209530621112,0.004311235279885001,0.2473833646562325,0.5539488460095987,0.6935293146514365,-0.13958046864183782
16,circle,0.35,34,7,q16_circle_tr0.35_d34_rep7,0.6923999999999999,0.48243714723156134,0.97,1.183280534706661,0.639913520443232,0.0,0.0,0.0,0.0,0.2040801525628267,0.3368686064481632,-0.03518036685806183,0.35395805113272877,0.513107640276616,1.026969952660454,-0.5138623123838381
16,lemniscate,0.25,12,0,q16_lemniscate_tr0.25_d12_rep0,0.7298,0.19176056587246465,0.71,0.19695317631380288,0.4975516029084364,0.09,0.0,0.09,0.09,0.03635855355882988,0.126115484211854,0.0001383456376147916,0.1397054913363232,0.3212975649832671,0.6255358087630326,-0.3042382437797655
16,lemniscate,0.25,12,1,q16_lemniscate_tr0.25_d12_rep1,0.753,0.18753413515273798,0.77,0.19092825538302974,0.5269574211589737,0.09,0.0,0.09,0.09,0.03511225820946528,0.2729764978065072,-0.014380894535128188,0.2544312716017892,0.3176611920544162,1.0937550984063378,-0.7760939063519217
16,lemniscate,0.25,12,2,q16_lemniscate_tr0.25_d12_rep2,0.7846,0.9989854111861939,0.77,1.1222880634303816,0.5695973291965056,0.18,0.0,0.18,0.18,0.13155645772795083,0.12060991996382506,0.0026028463583198432,0.1891414824529632,0.7577613361911282,0.6195051046057877,0.1382562315853405
16,lemniscate,0.25,12,3,q16_lemniscate_tr0.25_d12_rep3,0.9314,2.8496986409278278,0.94,3.1730710815478087,0.7411106369623259,0.43,0.0,0.43,0.43,0.2551043853744879,0.11150799664050641,0.01114186137025774,0.28491781163433644,1.2674275400554769,0.6018912535856631,0.6655362864698138
16,lemniscate,0.25,12,4,q16_lemniscate_tr0.25_d12_rep4,0.7288,0.18896222581499408,0.69,0.19390835761425435,0.5277395249726102,0.09,0.0,0.09,0.09,0.038897912240179605,0.13434047545925543,-0.004145656866919991,0.13789001875155746,0.3237431637535359,0.6468902036749191,-0.3231470399213832
16,lemniscate,0.25,12,5,q16_lemniscate_tr0.25_d12_rep5,0.9204000000000001,2.8445135819643412,0.92,3.1532381381023122,0.6967873073225717,0.42,0.0,0.42,0.42,0.39207569767950023,0.1344623815609032,0.0029454497860032015,0.42739148178615427,1.2388547911123486,0.6380950899703821,0.6007597011419665
16,lemniscate,0.25,12,6,q16_lemniscate_tr0.25_d12_rep6,0.7284,0.18719221733142022,0.71,0.1926177212873081,0.5184484158816971,0.07,0.0,0.07,0.07,0.035888941128228886,0.09633932564956106,-0.0026291258591917693,0.10321605582956395,0.3163806343557481,0.5811346228959645,-0.2647539885402164
16,lemniscate,0.25,12,7,q16_lemniscate_tr0.25_d12_rep7,0.8572,1.9280238081399423,0.85,2.1473495556257016,0.6293638730927595,0.31,0.0,0.31,0.31,0.28592425615320505,0.16586410760708356,0.014729742990377473,0.3750961286211305,1.0256040775021407,0.8393066695655981,0.1862974079365426
16,lemniscate,0.25,34,0,q16_lemniscate_tr0.25_d34_rep0,0.7152,0.21284976338733885,0.73,0.239224717402296,0.516979348474868,0.11,0.0,0.11,0.11,0.3730207517193754,0.4854514923615547,0.005057494387723576,0.521343972461592,1.2930958965202717,1.6223505556255962,-0.3292546591053245
16,lemniscate,0.25,34,1,q16_lemniscate_tr0.25_d34_rep1,0.7218000000000001,0.14940298014502995,0.69,0.15707170545236165,0.5008150954619128,0.1,0.0,0.1,0.1,0.3011661392325161,0.4899669768214877,0.005796615201361452,0.542978404119993,1.28009031272567,1.6233050944209781,-0.34321478169530817
16,lemniscate,0.25,34,2,q16_lemniscate_tr0.25_d34_rep2,0.7373999999999999,0.1536389469681417,0.73,0.1609788997748983,0.5251381797597707,0.12,0.0,0.12,0.12,0.2722952111141409,0.5305432779568021,-0.01761988990622163,0.5490962954184921,1.2582010436944189,1.641269778532774,-0.383068734838355
16,lemniscate,0.25,34,3,q16_lemniscate_tr0.25_d34_rep3,0.718,0.2803749074861344,0.67,0.31267153395754294,0.4778281118219103,0.12,0.0,0.12,0.12,0.4161865508165905,0.48336584509607183,-0.0059174593698538835,0.6955793903253488,1.3418525122257965,1.6281056058877788,-0.28625309366198226
16,lemniscate,0.25,34,4,q16_lemniscate_tr0.25_d34_rep4,0.7004,0.3003650561682416,0.66,0.3602413898472016,0.45242129910410106,0.1,0.0,0.1,0.1,0.43721106716548025,0.4791832778928968,-0.013452352027803984,0.6096897458261896,1.3324483934720968,1.62130452896357,-0.28885613549147315
16,lemniscate,0.25,34,5,q16_lemniscate_tr0.25_d34_rep5,0.7051999999999999,0.20890187363298066,0.65,0.24438726271008107,0.5174934609923725,0.11,0.0,0.11,0.11,0.3601982858206722,0.484742620879861,-0.0015937853118526046,0.6434306983282573,1.3129911508669019,1.6202737763720658,-0.30728262550516394
16,lemniscate,0.25,34,6,q16_lemniscate_tr0.25_d34_rep6,0.6944,0.27272919414059094,0.64,0.3330703635348751,0.5010567099123687,0.12,0.0,0.12,0.12,0.46293273510670135,0.4933774616103005,-0.016187269169388053,0.6609323958159646,1.3799382908499265,1.633464115843966,-0.25352582499403953
16,lemniscate,0.25,34,7,q16_lemniscate_tr0.25_d34_rep7,0.7206,0.3245785845187453,0.7,0.3716542925518552,0.49972449545974973,0.12,0.0,0.12,0.12,0.45461789321983287,0.4395739458982411,-0.002849231782972386,0.5850187477450149,1.3482074208326595,1.605909096696864,-0.25770167586420456
16,lemniscate,0.35,12,0,q16_lemniscate_tr0.35_d12_rep0,0.6954,0.25286817246839854,0.6,0.36552570481999574,0.319719554712896,0.09,0.0,0.09,0.08,0.052096220273525125,0.09918135572664499,-0.0029005262266465163,0.11479960816824442,0.25722637690636146,0.58117634060813,-0.3239499637017685
16,lemniscate,0.35,12,1,q16_lemniscate_tr0.35_d12_rep1,0.8084,1.5332880661201016,0.78,1.7708242552924336,0.4734735736123962,0.24,0.0,0.24,0.24,0.21652678607299805,0.11911988832840972,0.014944654121575281,0.25611827900668904,0.8862383972752192,0.6152255438782839,0.27101285339693537
16,lemniscate,0.35,12,2,q16_lemniscate_tr0.35_d12_rep2,0.6854,0.2414511760356878,0.61,0.35188873714035124,0.27506090414070067,0.07,0.0,0.07,0.03,0.035836830511363625,0.12217821938676925,-0.006423831922327763,0.12223564289867107,0.230581932285299,0.6161750801786865,-0.3855931478933875
16,lemniscate,0.35,12,3,q16_lemniscate_tr0.35_d12_rep3,0.677,0.333334795350728,0.56,0.4898561102634733,0.2816160621504198,0.12,0.0,0.12,0.12,0.05596264447143903,0.11425319532520732,-0.00029445138985168825,0.13842552807833686,0.27123298416166836,0.6102308827738837,-0.33899789861221535
16,lemniscate,0.35,12,4,q16_lemniscate_tr0.35_d12_rep4,0.8724,2.450510548977635,0.83,2.715492203164712,0.5487013434975777,0.36,0.0,0.36,0.36,0.23323350336445475,0.10182258630743503,0.016393289800667434,0.27352690783772354,1.155703208824876,0.5837296854755375,0.5719735233493385
16,lemniscate,0.35,12,5,q16_lemniscate_tr0.35_d12_rep5,0.6862,0.28543437207239025,0.58,0.3843657884034127,0.3650081997922722,0.11,0.0,0.11,0.08,0.048858035041276164,0.1025098988528778,-0.0032595769007205144,0.11980052077457082,0.2682930145161051,0.5836472836045044,-0.31535426908839925
16,lemniscate,0.35,12,6,q16_lemniscate_tr0.35_d12_rep6,0.8794,2.423462034601947,0.88,2.728582381001839,0.5620139390426354,0.55,0.0,0.55,0.55,0.1446598158454038,0.12190641064609854,0.02386579416026465,0.20881983267425305,1.1443830925507017,0.6223683704755343,0.5220147220751674
16,lemniscate,0.35,12,7,q16_lemniscate_tr0.35_d12_rep7,0.7020000000000001,0.24510224895624483,0.62,0.34360446589288934,0.2801252333648585,0.08,0.0,0.08,0.07,0.04014911457149479,0.11910707643619396,-0.009209526872517812,0.12223365402963297,0.23723109786525304,0.6199242827365613,-0.38269318487130827
16,lemniscate,0.35,34,0,q16_lemniscate_tr0.35_d34_rep0,0.765,0.5195127798691319,0.92,1.0777975538278455,0.38632877443320424,0.12,0.0,0.12,0.12,0.43686953417518026,0.4927727780979907,-0.0034075874474542487,0.5549855897010486,1.0388661211644346,1.6247106264675721,-0.5858445053031376
16,lemniscate,0.35,34,1,q16_lemniscate_tr0.35_d34_rep1,0.7456,0.4834549157802836,0.84,0.9994801142146089,0.4281284750428984,0.11,0.0,0.11,0.11,0.40135327340768334,0.4339871815101857,0.004475783525609722,0.5655485778942819,1.0474062133841577,1.6148114746779993,-0.5674052612938416
16,lemniscate,0.35,34,2,q16_lemniscate_tr0.35_d34_rep2,0.7637999999999999,0.547989040674821,0.9,1.136940463459147,0.4250087703777084,0.11,0.0,0.11,0.11,0.4167978469441202,0.43537528156296407,-0.0014117878364250246,0.5564427746312782,1.0188974425059965,1.6119709434845577,-0.5930735009785613
16,lemniscate,0.35,34,3,q16_lemniscate_tr0.35_d34_rep3,0.7565999999999999,0.4721831081775035,0.85,0.8812221058154068,0.3973108936149008,0.12,0.0,0.12,0.12,0.42983960254301196,0.43401901345092536,0.013495663794666088,0.5742763893417732,1.0833641842650927,1.6185808402887802,-0.5352166560236875
16,lemniscate,0.35,34,4,q16_lemniscate_tr0.35_d34_rep4,0.7585999999999999,0.43757576921379804,0.85,0.9238033784692994,0.4204658331984701,0.11,0.0,0.11,0.11,0.3983656077697526,0.4394440084557137,-0.002461660079216282,0.5158680043125317,1.0466842740618958,1.6030946107056123,-0.5564103366437165
16,lemniscate,0.35,34,5,q16_lemniscate_tr0.35_d34_rep5,0.7626000000000001,0.5281058186669965,0.88,1.0089786835096708,0.4480896507009184,0.12,0.0,0.12,0.12,0.45600268758836826,0.4504390305573584,0.01675477705521056,0.5776035066011521,1.076345905616547,1.6117847152288685,-0.5354388096123215
16,lemniscate,0.35,34,6,q16_lemniscate_tr0.35_d34_rep6,0.7387999999999999,0.5672050555147804,0.84,1.023458361562202,0.4048498443675013,0.11,0.0,0.11,0.11,0.4366309844010561,0.48043108536946627,-8.165822774150875e-05,0.6258746398612567,1.0703176296822876,1.6209610811971065,-0.5506434515148189
16,lemniscate,0.35,34,7,q16_lemniscate_tr0.35_d34_rep7,0.7608,0.5541824944120682,0.89,1.048769436095954,0.40849794084136937,0.13,0.0,0.13,0.13,0.4179179984229492,0.4436173131791438,0.001980943685193258,0.5349548351836696,1.0423435450147207,1.6086663320378,-0.5663227870230794
16,square,0.25,12,0,q16_square_tr0.25_d12_rep0,0.2444,0.1431940423941072,0.21,0.1480408764136117,0.16998455151669975,0.07,0.0,0.0,0.07,0.07131916532277274,0.11857608120927005,0.00048475396637110064,0.12674355860260983,0.3488079300609287,0.48856499556314226,-0.13975706550221356
16,square,0.25,12,1,q16_square_tr0.25_d12_rep1,0.2548,0.1424810285101615,0.21,0.1480408764136117,0.20148502526850326,0.07,0.0,0.0,0.07,0.05826420022422206,0.13713917582156016,-0.0003339137079663959,0.16203383268167745,0.3070494189498986,0.5189854440417007,-0.21193602509180204
16,square,0.25,12,2,q16_square_tr0.25_d12_rep2,0.2718,0.14888930109979703,0.26,0.1653116434945343,0.27463698942976505,0.07,0.0,0.0,0.07,0.07274007635254173,0.13895494142740034,-0.0009204716266611855,0.16449650967260393,0.31943216098769994,0.517285468809734,-0.19785330782203409
16,square,0.25,12,3,q16_square_tr0.25_d12_rep3,0.2802,0.14530253119855424,0.25,0.14417587295028772,0.2682694618200176,0.07,0.0,0.0,0.07,0.08023388968984525,0.13255649770849975,-0.0005390826803216985,0.15353644503671107,0.3441280190414428,0.5145573858095172,-0.17042936676807435
16,square,0.25,12,4,q16_square_tr0.25_d12_rep4,0.2978,0.14133688347694554,0.27,0.14722069164983625,0.2399326067959352,0.07,0.0,0.0,0.07,0.06340537310526918,0.1439870712943043,-0.001134015805341808,0.1631980535611248,0.3177876606103643,0.5308955388214809,-0.2131078782111166
16,square,0.25,12,5,q16_square_tr0.25_d12_rep5,0.3226,0.13902516871303927,0.28,0.14772585959392273,0.285142121919235,0.07,0.0,0.0,0.07,0.06866996258919911,0.14195036076086928,-0.0008559172293115436,0.15863824230372067,0.3465533720021285,0.5263283899985212,-0.17977501799639267
16,square,0.25,12,6,q16_square_tr0.25_d12_rep6,0.31420000000000003,0.1408141687557978,0.29,0.1502655103493848,0.2846798103682678,0.07,0.0,0.0,0.07,0.07216386035494934,0.1358965157631857,-0.0008334530509621196,0.1597277242494668,0.3420443878179188,0.5170487758271294,-0.1750043880092106
16,square,0.25,12,7,q16_square_tr0.25_d12_rep7,0.2802,0.1447362571510725,0.24,0.14698891862700825,0.2749106363387728,0.07,0.0,0.0,0.07,0.07979249014908744,0.12371349591774086,0.0001059025942892057,0.1453044546760678,0.3505430473916831,0.49230720030279856,-0.14176415291111544
16,square,0.25,34,0,q16_square_tr0.25_d34_rep0,0.6457999999999999,0.255603522786757,0.6,0.2825492675798357,0.4483221817502931,0.02,0.0,0.0,0.02,0.730840154024131,0.7594340287966984,-0.011001305531848894,0.7175952777001625,1.345823106282029,1.4263020607092907,-0.08047895442726172
16,square,0.25,34,1,q16_square_tr0.25_d34_rep1,0.6698000000000001,0.2638868833491491,0.64,0.2788027932550705,0.442673795644543,0.02,0.0,0.0,0.02,0.6830758391411565,0.7939813234696583,-0.019879361949605403,0.7832870223446432,1.2616240032828885,1.4678629674337063,-0.20623896415081777
16,square,0.25,34,2,q16_square_tr0.25_d34_rep2,0.6554000000000001,0.25991160382076195,0.6,0.30000961682437366,0.510801628385852,0.02,0.0,0.0,0.01,0.7199150596614545,0.7644226440926556,-0.010575449862698238,0.7361439505232601,1.3305953089956788,1.4328484592634951,-0.10225315026781634
16,square,0.25,34,3,q16_square_tr0.25_d34_rep3,0.6604000000000001,0.2491120873646653,0.61,0.28840713195610473,0.44296224977092424,0.02,0.0,0.0,0.02,0.6946511989028852,0.7547897682213114,-0.015021320873093259,0.8298077538289457,1.2946169230887032,1.4262908535720178,-0.13167393048331455
16,square,0.25,34,4,q16_square_tr0.25_d34_rep4,0.6598,0.2693210927501984,0.62,0.29758320995318077,0.39369855620285293,0.02,0.0,0.0,0.02,0.6871640479883923,0.7625026135990125,-0.01757017138010485,0.7282506041299482,1.2804670769311954,1.4277467130078378,-0.1472796360766424
16,square,0.25,34,5,q16_square_tr0.25_d34_rep5,0.6564,0.2695434009259782,0.61,0.29923105395902866,0.43332551735565483,0.02,0.0,0.0,0.02,0.6929697623052157,0.7574867440737217,-0.01766273994638202,0.8052134557545519,1.287035397354791,1.4282206548908718,-0.1411852575360808
16,square,0.25,34,6,q16_square_tr0.25_d34_rep6,0.6878,0.2652412185034624,0.67,0.3041780152963643,0.4674751696291276,0.02,0.0,0.0,0.02,0.6742277112001156,0.7666587722568494,-0.029491797458974817,0.751194743356032,1.283405411514404,1.4314589835018803,-0.14805357198747626
16,square,0.25,34,7,q16_square_tr0.25_d34_rep7,0.6666,0.26309375243956756,0.64,0.28098523633163097,0.4351462295531855,0.02,0.0,0.0,0.02,0.6999117728034634,0.7487423722119271,-0.009107876075264707,0.7144975035669671,1.2896456672271115,1.416165632598596,-0.12651996537148458
16,square,0.35,12,0,q16_square_tr0.35_d12_rep0,0.3664,0.20242613350343117,0.46,0.32695925182910995,0.18955027233762842,0.07,0.0,0.0,0.07,0.04376201126091276,0.13141130672106208,-0.00016685206786961414,0.13795093740985503,0.25397283785004743,0.5144139326221522,-0.26044109477210475
16,square,0.35,12,1,q16_square_tr0.35_d12_rep1,0.4146,0.24743205965605916,0.64,0.45521385627867345,0.23201025594842034,0.06,0.0,0.0,0.06,0.043676922461583986,0.12781180948603368,-0.0003070499664969821,0.11401001677999885,0.2434204867476117,0.5069983340212119,-0.2635778472736002
16,square,0.35,12,2,q16_square_tr0.35_d12_rep2,0.4692,0.2656007045696699,0.77,0.5054122252644544,0.2470303601442426,0.04,0.0,0.0,0.04,0.05310578825699047,0.13555368304290505,0.0003307333016915584,0.11566728153805113,0.2641006603151982,0.5234132750817114,-0.25931261476651324
16,square,0.35,12,3,q16_square_tr0.35_d12_rep3,0.33840000000000003,0.20067003185506377,0.48,0.3387044117082742,0.20085639018631687,0.06,0.0,0.0,0.06,0.03721639411522629,0.1422380570905764,-0.0006348040437574598,0.15046743775558677,0.24234217456093435,0.5189891595389905,-0.2766469849780562
16,square,0.35,12,4,q16_square_tr0.35_d12_rep4,0.4044,0.24333101201808524,0.63,0.44504996800253543,0.21477970999229978,0.06,0.0,0.0,0.06,0.04023398836550741,0.1336076728952076,-0.00035872018011415166,0.11788968336836776,0.23417087795302816,0.5142831630935292,-0.280112285140501
16,square,0.35,12,5,q16_square_tr0.35_d12_rep5,0.4572,0.2698387092214911,0.74,0.5171401447887969,0.22436866382697784,0.07,0.0,0.0,0.07,0.039130203762384,0.12109658784558923,-0.00032978105015234394,0.12031436791318166,0.2194460107174601,0.5022992803579455,-0.2828532696404854
16,square,0.35,12,6,q16_square_tr0.35_d12_rep6,0.38060000000000005,0.21421513783926874,0.52,0.3632716397575968,0.2199242088675512,0.07,0.0,0.0,0.07,0.03452517897519508,0.1423169351441965,-0.000924644261591269,0.13900310714766817,0.22611372585211215,0.5276743443897838,-0.30156061853767163
16,square,0.35,12,7,q16_square_tr0.35_d12_rep7,0.39740000000000003,0.2252308494983266,0.63,0.4210717206549423,0.2129211676626036,0.06,0.0,0.0,0.06,0.03475871134734185,0.14104604176390845,-0.0009067587186965596,0.12689881145454712,0.21723052118386244,0.5223835036829627,-0.3051529824991003
16,square,0.35,34,0,q16_square_tr0.35_d34_rep0,0.6918000000000001,0.45721012130030175,0.9,0.927623899675183,0.4190188437459907,0.1,0.0,0.0,0.1,0.4543597976189968,0.7607464626783871,-0.013724013585309641,0.7936510740629892,0.987844040130687,1.4332128693786859,-0.4453688292479988
16,square,0.35,34,1,q16_square_tr0.35_d34_rep1,0.6936,0.49256725858087613,0.87,1.0005517372513137,0.4734969218106754,0.1,0.0,0.0,0.1,0.4442474506401249,0.7514238135080208,-0.019097027182000095,0.779871917528772,0.9814231272712908,1.4328023233563374,-0.4513791960850466
16,square,0.35,34,2,q16_square_tr0.35_d34_rep2,0.6696,0.45859595398623965,0.85,0.9297891023969218,0.500351041663905,0.1,0.0,0.0,0.1,0.42631175271138166,0.7600876609688186,-0.027852602724594493,0.7881974043473328,0.9400374710964197,1.4326023741474914,-0.4925649030510717
16,square,0.35,34,3,q16_square_tr0.35_d34_rep3,0.6968000000000001,0.5402281827303183,0.96,1.167101491376275,0.4975738740080431,0.06,0.0,0.0,0.06,0.39914808654503786,0.7416811459487599,-0.019468646144433888,0.7547322398940932,0.8792052315245753,1.4180843004728099,-0.5388790689482346
16,square,0.35,34,4,q16_square_tr0.35_d34_rep4,0.7322,0.4946225053342313,0.91,1.0411181923439323,0.49840929579277055,0.09,0.0,0.0,0.09,0.3637451963157687,0.7544015241555321,-0.03990701596023236,0.7326813739784203,0.849614797553592,1.4249084300005224,-0.5752936324469303
16,square,0.35,34,5,q16_square_tr0.35_d34_rep5,0.6638,0.38279647372859105,0.78,0.7217341792770081,0.37362792698546504,0.12,0.0,0.0,0.12,0.4693671174135942,0.7513005383573523,-0.034211532491830704,0.7467450411286077,1.0378198092565534,1.4178485012698816,-0.38002869201332823
16,square,0.35,34,6,q16_square_tr0.35_d34_rep6,0.7448,0.512259820788143,0.96,1.0704075142252776,0.5000509860311269,0.11,0.0,0.0,0.11,0.4282279739802995,0.7603372537957241,-0.022819640714628796,0.7452036906407864,0.9443825810936745,1.4304210438655398,-0.48603846277186535
16,square,0.35,34,7,q16_square_tr0.35_d34_rep7,0.718,0.5087974571428934,0.93,1.0530113124882812,0.4852680069781188,0.07,0.0,0.0,0.07,0.37052056705405895,0.7661621234768742,-0.03220479564552742,0.735290494699608,0.8848597702945687,1.4293999152107892,-0.5445401449162205
16,zigzag,0.25,12,0,q16_zigzag_tr0.25_d12_rep0,0.584,0.7911219532328851,0.52,0.8135715331983873,0.4740472159373438,0.09,0.24,0.0,0.09,0.7359201993436695,0.7063789014051205,0.00215931311150469,0.9050140065544889,1.2472976330556422,1.398018776019624,-0.15072114296398187
16,zigzag,0.25,12,1,q16_zigzag_tr0.25_d12_rep1,0.6578,0.7689685755665576,0.62,0.8188040802287858,0.4302003857169503,0.09,0.21,0.0,0.09,0.6575489018973556,0.6937282510374626,-0.07130445306103354,0.9713574148767736,1.352601643812083,1.2861007814626009,0.06650086234948205
16,zigzag,0.25,12,2,q16_zigzag_tr0.25_d12_rep2,0.6356,0.7409233388275297,0.63,0.8036447031993671,0.4481515345880367,0.09,0.22,0.0,0.09,0.7640855859239426,0.7165680734391591,0.1202563369686816,0.9818489997333972,1.3975032686106827,1.4284424594760132,-0.03093919086533048
16,zigzag,0.25,12,3,q16_zigzag_tr0.25_d12_rep3,0.5660000000000001,0.7979936615763873,0.49,0.8314307120202574,0.4179227719655352,0.09,0.24,0.0,0.09,0.750077446924866,0.7030670424888322,0.041951050436943756,0.9809070231444302,1.2523276429032977,1.4041776812611306,-0.15185003835783295
16,zigzag,0.25,12,4,q16_zigzag_tr0.25_d12_rep4,0.619,0.9509417380538022,0.57,0.9992029098061179,0.43175543558838675,0.09,0.22,0.0,0.09,0.6430385673822837,0.7141967999951038,-0.00864931731508827,1.0213343042026979,1.343256763527685,1.4036448252118146,-0.06038806168412947
16,zigzag,0.25,12,5,q16_zigzag_tr0.25_d12_rep5,0.6126,0.8042767211934106,0.6,0.8406715064856575,0.487929207412147,0.1,0.23,0.0,0.1,0.7329885152215422,0.7246913219498752,-0.01159396305141726,1.0444298666109915,1.2454828071036423,1.4311683643245867,-0.18568555722094437
16,zigzag,0.25,12,6,q16_zigzag_tr0.25_d12_rep6,0.6344,0.7256669897701936,0.61,0.812505195415972,0.4362639013352911,0.09,0.2,0.0,0.09,0.6540958132653102,0.6983429507337569,0.037283433037866555,0.943982393435778,1.4216320201648112,1.4025140307260557,0.019117989438755423
16,zigzag,0.25,12,7,q16_zigzag_tr0.25_d12_rep7,0.632,0.9945269311834052,0.56,1.0274524646726642,0.46033354422453093,0.09,0.25,0.0,0.09,0.7218414748729781,0.69954080895928,0.019215238056816693,1.0926929892645023,1.3282421477661308,1.4339833083553954,-0.10574116058926464
16,zigzag,0.25,34,0,q16_zigzag_tr0.25_d34_rep0,0.6664,0.28285234391559433,0.62,0.3243769278727743,0.458988992827251,0.27,0.1,0.0,0.27,0.8929088903770556,1.0303570080743312,0.05860729176749573,1.3048702600625546,1.7798579473208709,2.0305292509443187,-0.2506713036234478
16,zigzag,0.25,34,1,q16_zigzag_tr0.25_d34_rep1,0.6572,0.27386731372619144,0.63,0.30643393629326104,0.4101938593037719,0.27,0.11,0.0,0.27,0.9044070705333712,1.0247270835808127,0.0879761648390181,1.2933596017964062,1.7997633669316597,2.009063173646298,-0.20929980671463833
16,zigzag,0.25,34,2,q16_zigzag_tr0.25_d34_rep2,0.6578,0.2733242540996824,0.62,0.31139999391991596,0.4239273955979027,0.28,0.11,0.0,0.28,0.8904381803957765,1.0179669234579138,0.07607734173085613,1.204529728493805,1.7999387703541638,2.0073276103612603,-0.20738884000709645
16,zigzag,0.25,34,3,q16_zigzag_tr0.25_d34_rep3,0.6712,0.2892897087533552,0.63,0.34972962430495685,0.4621125187573496,0.29,0.09,0.0,0.29,0.8331654976705857,1.0324426589766,-0.013153349465758798,1.1783385093076408,1.763362144739899,2.02247361578188,-0.25911147104198085
16,zigzag,0.25,34,4,q16_zigzag_tr0.25_d34_rep4,0.6712,0.2779493311738907,0.66,0.3186548329898857,0.5016436680805646,0.25,0.11,0.0,0.25,0.9202436773790604,1.023992174358325,-0.0015569020764361287,1.3243500591933406,1.7807402692343675,2.009074846096181,-0.2283345768618137
16,zigzag,0.25,34,5,q16_zigzag_tr0.25_d34_rep5,0.6694,0.2724172818690327,0.65,0.30947875499280963,0.4516884675944643,0.26,0.11,0.0,0.25,0.9108675319576687,1.040822331266683,0.08855714805031455,1.310458880490861,1.8141434931169913,2.01870755856386,-0.20456406544686878
16,zigzag,0.25,34,6,q16_zigzag_tr0.25_d34_rep6,0.6536,0.27580282196401723,0.62,0.31139999391991596,0.3629279817122301,0.27,0.11,0.0,0.27,0.9174164325068482,1.026110117951562,0.062179378980097365,1.289023550772687,1.79482585834108,2.0197738098353137,-0.22494795149423363
16,zigzag,0.25,34,7,q16_zigzag_tr0.25_d34_rep7,0.6664,0.2688644872676747,0.64,0.2927969686136166,0.4417650779134499,0.27,0.11,0.0,0.27,0.9046515061910148,1.0171549959053365,0.06779847095981437,1.2977707592994943,1.7926781028225223,2.0091403455944516,-0.21646224277192938
16,zigzag,0.35,12,0,q16_zigzag_tr0.35_d12_rep0,0.6354,0.8619133338005267,0.71,1.0418574247090744,0.35209719678144813,0.09,0.23,0.0,0.09,0.7168395332598134,0.7123782778375439,0.06199208652798326,0.9699964589851525,1.380605247788768,1.4057127774351137,-0.02510752964634566
16,zigzag,0.35,12,1,q16_zigzag_tr0.35_d12_rep1,0.544,0.8438008643127176,0.55,0.946739669578086,0.3189007247723752,0.09,0.24,0.0,0.09,0.6620841302284264,0.7260608504757139,-0.004063344530695075,0.8725193393186919,1.1719553723406095,1.4190426314938769,-0.24708725915326735
16,zigzag,0.35,12,2,q16_zigzag_tr0.35_d12_rep2,0.5122,0.84829290277523,0.49,0.944717377538515,0.3126609544690316,0.08,0.24,0.0,0.08,0.6230133491187975,0.6869216113907854,0.0385832660946974,0.9357433158093823,1.1202665076201967,1.4138466397356622,-0.2935801321154654
16,zigzag,0.35,12,3,q16_zigzag_tr0.35_d12_rep3,0.5893999999999999,0.8774039476745873,0.61,1.0037786636361807,0.33705679511594433,0.08,0.24,0.0,0.08,0.6833132104863314,0.7213117948103208,-0.011652228420576435,0.9920202754302224,1.2079494439464913,1.4307893881740008,-0.22283994422750952
16,zigzag,0.35,12,4,q16_zigzag_tr0.35_d12_rep4,0.6148,0.8537616146856836,0.69,1.0232613049202899,0.3273780036775783,0.09,0.23,0.0,0.09,0.6538043889774158,0.7025128397252963,-0.010177949382403444,0.8824804422490747,1.2269139929275867,1.389413009956744,-0.16249901702915737
16,zigzag,0.35,12,5,q16_zigzag_tr0.35_d12_rep5,0.6158,0.8786444650689456,0.64,1.0046704703857947,0.3393383012484085,0.08,0.24,0.0,0.08,0.6907160197129083,0.7188132682610693,-0.010761991487893975,0.9824344842262956,1.2235024504569976,1.4078904741619136,-0.18438802370491603
16,zigzag,0.35,12,6,q16_zigzag_tr0.35_d12_rep6,0.6008,0.8191465091253369,0.63,0.9505336200163534,0.32096066555376057,0.08,0.23,0.0,0.08,0.6235304677056442,0.6558016364076932,0.0012373657145179641,0.9556090516174844,1.2435444023298508,1.4331722060515417,-0.18962780372169097
16,zigzag,0.35,12,7,q16_zigzag_tr0.35_d12_rep7,0.5344,0.8252634315405553,0.51,0.9085407591034085,0.3171267830031547,0.09,0.25,0.0,0.09,0.7265894393416986,0.7144843187027692,0.06942961502957326,1.0139082527922518,1.2686119877432398,1.4204297072560765,-0.15181771951283674
16,zigzag,0.35,34,0,q16_zigzag_tr0.35_d34_rep0,0.6923999999999999,0.4950849105352884,0.7,0.7535315315631821,0.331788178414282,0.23,0.1,0.0,0.22,0.748698727647549,1.0301728435724764,0.036504233328021475,1.2652731730624975,1.6170494532222524,2.022353857220084,-0.40530440399783174
16,zigzag,0.35,34,1,q16_zigzag_tr0.35_d34_rep1,0.6746,0.4321048586988167,0.62,0.6513559940041366,0.38330096032520855,0.24,0.11,0.0,0.23,0.763554820440944,1.0324588000076331,-0.0024932323558787307,1.2847525846703656,1.5851299358733442,1.9467367349013867,-0.3616067990280425
16,zigzag,0.35,34,2,q16_zigzag_tr0.35_d34_rep2,0.6672,0.39412848218820584,0.63,0.5982536253952045,0.3238804326704377,0.25,0.12,0.0,0.25,0.7167876337673285,1.041497882597069,-0.0043526898326866695,1.2264141213768187,1.551051283840821,2.03326645000559,-0.4822151661647689
16,zigzag,0.35,34,3,q16_zigzag_tr0.35_d34_rep3,0.7158,0.49734046183319636,0.77,0.7608996145174209,0.3854564052140093,0.22,0.1,0.0,0.22,0.8309573020269023,1.0254592264654383,0.06912836779976979,1.3273984314007168,1.6953429364158399,2.0192389080165865,-0.32389597160074657
16,zigzag,0.35,34,4,q16_zigzag_tr0.35_d34_rep4,0.7182,0.45372886349178826,0.71,0.7127182523169214,0.3936686886574345,0.23,0.11,0.0,0.23,0.8104494676417656,1.0294577920574213,0.1638946800361123,1.2783356749627086,1.6606522510762678,1.945860179042438,-0.2852079279661701
16,zigzag,0.35,34,5,q16_zigzag_tr0.35_d34_rep5,0.6908,0.40904861313666585,0.73,0.6927113467994066,0.4219810091680158,0.21,0.12,0.0,0.2,0.7787481805690477,1.0327045532022716,-0.00043123225356291446,1.2374752992621567,1.538927078724274,1.9417748131478347,-0.4028477344235608
16,zigzag,0.35,34,6,q16_zigzag_tr0.35_d34_rep6,0.6828,0.43046483446319816,0.64,0.6322772318803765,0.3383443228799301,0.24,0.11,0.0,0.24,0.7671750114223556,1.0174724847432732,0.11929522695052891,1.3495327766447107,1.6045610652691744,2.010588398169734,-0.4060273329005595
16,zigzag,0.35,34,7,q16_zigzag_tr0.35_d34_rep7,0.7164,0.43185172328630633,0.75,0.7000025225135172,0.4022271846199381,0.23,0.11,0.0,0.23,0.79075693419053,1.034651047889497,0.035445016631584406,1.2322769062782921,1.6470807817198332,2.00858777904653,-0.36150699732669667
